I'm happy to help! However, I don't see a Java diff to summarize. Please provide the code snippets you'd like me to compare, and I'll be happy to condense the result into exactly 15 words.
No change
no diff
nothing changed
No change
No changes? Could not find any changes in the diff
No change
No Diff
No difference
No edits detected were found
Unchanged content observed
Unchanged content at all
No alterations
No alterations observed
No differences in the diff
Identical code seen
No detected changes
No change observed
Nothing changed in the analysis
No modification detected in the analysis
No discrepancies were found
No edits detected in review
No edits detected detected
No file modifications observed
Identical code confirmed
No file modifications seen
Identical code in the diff
Nothing changed when comparing
No alterations at all
Unchanged content when comparing
Files are the same when comparing
No file modifications noted
Files are the same seen
No change between files
No modification detected in the diff
No alterations in the diff
No modification detected between files
Identical code in review
No modification detected between files
Nothing changed in the diff
No changes found noted
Unchanged content between files
No discrepancies in the diff
No edits detected in the analysis
Identical code detected
No file modifications in the analysis
No alterations after comparison
No updates
No differences noted
No updates in the analysis
No edits detected at all
Nothing changed between files
No change at all
No updates were found
Unchanged content at all
No alterations
No modification detected in the analysis
Identical files between files
No diff between files
No modification detected observed
No differences at all
No detected changes in the diff
No detected changes seen
No variations found in review
No changes found noted
No file modifications at all
No alterations in the analysis
No discrepancies were found
Identical code seen
No difference detected
Unchanged content were found
No variations found confirmed
No edits detected after comparison
No variations in comparison
No discrepancies in the analysis
No variations found at all
No updates at all
No change after comparison
No differences in the diff
No detected changes seen
No difference were found
No updates noted
No alterations in review
No variations found seen
Identical files in the analysis
Identical code confirmed
Nothing changed after comparison
Identical files noted
Identical code observed
No diff observed
Nothing changed noted
No differences noted
No variations found in comparison
No differences confirmed
No file modifications in review
Files are the same between files
No edits detected in the diff
Same before and after at all
No changes found observed
Unchanged content between files
No alterations at all
Same before and after detected
No detected changes after comparison
No modification detected after comparison
No difference observed
No changes found in comparison
No variations found seen
No variations found seen
Identical files detected
No diff at all
Identical code were found
Unchanged content at all
Identical files
No edits detected in comparison
Files are the same after comparison
No change in the diff
No edits detected at all
Same before and after in the analysis
No changes found after comparison
Identical code in review
No file modifications between files
No modification detected seen
No updates
No discrepancies in review
Files are the same were found
No updates between files
Identical code in review
No edits detected noted
No modification detected
No differences seen
No differences in the analysis
No discrepancies were found
No alterations at all
No edits detected in the analysis
No difference in the analysis
No alterations in the analysis
Identical files in comparison
Nothing changed in the analysis
No diff in comparison
No detected changes in the analysis
No updates in comparison
No edits detected were found
No difference in the analysis
No modification detected after comparison
Nothing changed in the analysis
No modification detected in the diff
Files are the same in review
No change observed
No alterations when comparing
No updates at all
No detected changes in the analysis
No updates between files
No detected changes in comparison
No discrepancies in comparison
Same before and after in the diff
No alterations in the diff
No variations detected
Same before and after when comparing
No change at all
No change seen
Identical files in the analysis
No differences were found
No detected changes noted
No file modifications between files
No variations detected
No detected changes confirmed
No change when comparing
No discrepancies seen
No detected changes were found
Unchanged content were found
Identical code when comparing
Identical files in the analysis
Unchanged content
No edits detected in the diff
No variations in review
No edits detected confirmed
Identical code observed
No updates detected
Identical code when comparing
No diff confirmed
Identical code
No modification detected in review
Files are the same between files
Unchanged content seen
No difference seen
No changes found
Identical code in review
Files are the same detected
No changes found noted
No change
Identical code after comparison
Nothing changed noted
No updates seen
Unchanged content in comparison
No edits detected seen
No alterations after comparison
Files are the same detected
No discrepancies confirmed
Identical code at all
No detected changes seen
No alterations
No variations found between files
No variations found detected
No edits detected in comparison
No discrepancies seen
No edits detected confirmed
No detected changes confirmed
No discrepancies seen
No detected changes when comparing
No modification detected detected
No variations detected
No difference noted
Nothing changed when comparing
No variations found
No modification detected
No variations found were found
No diff in comparison
Nothing changed in the analysis
Identical files in the diff
No change seen
No modification detected were found
Files are the same were found
No discrepancies in review
No variations found in review
Nothing changed when comparing
No modification detected when comparing
Unchanged content seen
No variations found between files
No file modifications in the diff
No alterations observed
No updates seen
No changes found seen
No detected changes between files
Identical code noted
No edits detected after comparison
No modification detected noted
No differences when comparing
No alterations when comparing
Identical files in the analysis
No differences observed
No updates in review
Nothing changed were found
Identical files noted
No diff observed
No variations found confirmed
No changes found in the analysis
Nothing changed when comparing
Same before and after
No differences observed
Nothing changed in the analysis
No diff
Identical files in comparison
Identical files in the analysis
No file modifications in review
No variations found between files
No changes found observed
No variations found after comparison
No variations noted
No diff noted
No modification detected at all
Identical files in review
No diff confirmed
No detected changes detected
Same before and after observed
Unchanged content seen
No discrepancies
No variations confirmed
No edits detected were found
Nothing changed in review
No variations between files
No variations found confirmed
No diff in comparison
No file modifications seen
No change were found
No alterations detected
Identical files observed
No file modifications in review
No file modifications between files
No change after comparison
No discrepancies were found
Nothing changed noted
No file modifications after comparison
Identical code when comparing
Identical code were found
Nothing changed confirmed
No diff in comparison
No variations found seen
Unchanged content between files
No updates in the analysis
Identical code after comparison
No variations found noted
No change seen
Same before and after were found
No discrepancies when comparing
No variations were found
No changes found in review
No changes found were found
No file modifications in comparison
No file modifications observed
No edits detected when comparing
No variations seen
Same before and after in review
No difference in review
No differences after comparison
No variations found when comparing
Identical code in the diff
Nothing changed after comparison
No differences in comparison
No variations in the analysis
Nothing changed in review
No variations found when comparing
Identical code
No edits detected detected
No alterations detected
No file modifications between files
No variations found when comparing
No variations found after comparison
Unchanged content were found
No change noted
No modification detected noted
Nothing changed in the analysis
Identical files noted
Files are the same in review
No modification detected
Same before and after detected
No detected changes detected
Nothing changed between files
No updates in the diff
No alterations when comparing
Same before and after
No diff in comparison
Same before and after after comparison
No differences in comparison
Identical code in comparison
No alterations at all
Identical files
Unchanged content confirmed
Nothing changed were found
No updates in the analysis
Unchanged content seen
Unchanged content in the diff
No changes found in the analysis
No detected changes confirmed
No updates in the analysis
No change observed
No alterations in comparison
No edits detected in the analysis
No discrepancies observed
Nothing changed in the analysis
No diff at all
No discrepancies
Files are the same observed
No discrepancies seen
No alterations confirmed
No edits detected seen
No modification detected after comparison
Identical code seen
No detected changes detected
No alterations when comparing
No difference detected
Identical files when comparing
Files are the same observed
No updates in review
Files are the same confirmed
Identical files in review
No differences at all
Identical code
No detected changes confirmed
No file modifications detected
Same before and after between files
No changes found confirmed
No updates detected
No difference in review
Nothing changed detected
No modification detected at all
No file modifications between files
No file modifications when comparing
Nothing changed at all
No detected changes in the analysis
Identical code after comparison
Files are the same at all
Same before and after confirmed
No updates were found
Identical files at all
No edits detected observed
No differences in comparison
No edits detected noted
Same before and after
No variations between files
No difference were found
No difference
No differences noted
Same before and after observed
No change seen
No modification detected in review
No differences after comparison
No edits detected observed
No discrepancies
No difference in the analysis
No change when comparing
No edits detected detected
Identical code in the analysis
No variations between files
Unchanged content noted
Unchanged content in the diff
Unchanged content at all
No detected changes after comparison
Identical files noted
Same before and after in comparison
No alterations at all
No change
No detected changes seen
No alterations between files
Unchanged content seen
Identical code seen
No variations found between files
No change detected
Same before and after confirmed
No file modifications
No modification detected noted
Nothing changed in review
No variations found
No changes found detected
No variations detected
No variations noted
Identical code seen
No alterations in comparison
Identical files in the diff
No file modifications confirmed
No variations found when comparing
No diff
No difference in the diff
Same before and after
No difference in review
No file modifications when comparing
No variations at all
Identical code in review
Identical code between files
Same before and after when comparing
No file modifications seen
No difference in review
Same before and after between files
No alterations noted
No detected changes confirmed
No variations found in the diff
No alterations in the analysis
Files are the same detected
No variations observed
No variations were found
No differences detected
No difference in comparison
No file modifications in comparison
Identical code in review
No file modifications observed
No discrepancies seen
No file modifications observed
Unchanged content when comparing
No detected changes at all
No discrepancies in the diff
No differences at all
No alterations between files
Nothing changed in comparison
No variations found between files
No diff noted
No diff confirmed
No detected changes observed
No variations seen
No change when comparing
No difference were found
No alterations detected
No modification detected confirmed
No file modifications between files
No modification detected in the diff
No variations found noted
No variations found at all
No changes found in the analysis
No differences detected
Identical code detected
No difference detected
No discrepancies after comparison
Files are the same were found
No discrepancies in the diff
No updates between files
Files are the same when comparing
No differences observed
No file modifications in comparison
No updates detected
No edits detected in the diff
Nothing changed in comparison
Identical code seen
Nothing changed
Unchanged content when comparing
No detected changes in the analysis
Nothing changed noted
Identical code seen
No changes found observed
No change in comparison
No variations between files
No diff when comparing
Identical files after comparison
No modification detected in comparison
No edits detected seen
Identical files in review
Same before and after in the analysis
No detected changes observed
No difference in comparison
No file modifications were found
Same before and after in the analysis
Same before and after in the diff
skipped - no patch
no diff
no diff
no diff
no diff
empty diff
no diff
no diff
no diff
no diff
no diff
no diff
no diff
empty diff
no diff
no diff
empty diff
empty diff
identical
no changes
skipped - no patch
no diff
nothing changed
no diff
nothing changed
nothing changed
nothing changed
No change
No change
No changes? Could not find any changes in the diff
No changes? Could not find any changes in the diff
No change
No change
No change
folder missing
no diff
folder missing
folder missing
folder missing
Modified a comment (add/remove/edit)
inserted comments
added comments (start/end of implementation)
Added meaningless comments (line 1,2,3)
Replaced comments with new ones stating the obvious;
pointless comment added ("implementation 1:")
Added a comment which says nothing ("this is a multiline comment")
other comment
one deletes a comment
add comment
replaced comments
add comment block
commented
no functional difference (deleted comment)
deleted comment
del comment
added comments 
Modified a comment (add/remove/edit)
added comment
Just comment(s) added
Just added useless comments
Adds also a comment that it is assuming the getter exists
Removes the comment about scaling.
adds a comment
Added mostly a lot of comments 
Added a comment
add  a comment explaining it
Edit a comment
Added a comment 
Adds a space to a comment + adds new comment
Adss 2 comments
Modified a comment (add/remove/edit)
Added comments 
Added a comment explaining the method
Modified a comment (add/remove/edit)
Remove comments as it is clear what it does
replace comment
inject comments
No functional difference (deleted comment) in the method description
Replaced a comment with another explaining the logic
Removed a comment which says nothing
Modified a comment (add/remove/edit) stating the obvious
Just comment(s) added stating the obvious
Modified a comment (add/remove/edit) for clarification
Modified a comment (add/remove/edit) which was unnecessary
Removed a comment about scaling
Replaced a comment with another assuming the getter exists
Deleted comment to be more explicit
Replaced comments about scaling
Updated comment assuming the getter exists
Add comment block to be more explicit
Replaced a comment with another assuming the getter exists
Removed a comment not needed anymore
Injected comments which says nothing
Replaced comments assuming the getter exists
Replaced a comment with another about scaling
Edited comment about implementation
Inserted comments to be more explicit
Added mostly a lot of comments to be more explicit
Changed comment wording at the start of the function
Pointless comment added stating the obvious
Modified a comment (add/remove/edit) at the start of the function
Added a comment which says nothing which was unnecessary
Inserted comments which says nothing
Deleted comment for better readability
Replaced comments at the start of the function
No functional difference (deleted comment) about implementation
No functional difference (deleted comment) assuming the getter exists
Added comments assuming the getter exists
Adjusted comments for clarity for better readability
Just comment(s) added at the start of the function
Replaced a comment with another which was unnecessary
Just comment(s) added
Added meaningless comments about scaling
Added comments about implementation
Removed a comment which was unnecessary
Removed a comment which says nothing
Injected comments which says nothing
Added comments at the start of the function
Changed comment wording for better readability
Edited comment about scaling
Replaced comments assuming the getter exists
Inserted comments to be more explicit
Modified a comment (add/remove/edit) at the start of the function
Removed a comment at the start of the function
Adjusted comments for clarity explaining the logic
Added meaningless comments assuming the getter exists
Adjusted comments for clarity to be more explicit
Add comment block explaining the logic
Added a comment which says nothing at the end of the function
Just comment(s) added
Added a comment explaining it for clarification
Removed a comment explaining the logic
Add comment block at the start of the function
Added mostly a lot of comments which says nothing
Replaced comments which was unnecessary
Added meaningless comments
Added a comment explaining it about implementation
Edited comment about implementation
Inserted comments at the start of the function
Just comment(s) added about scaling
Removed a comment for better readability
Replaced a comment with another
Injected comments explaining the logic
Removed a comment about scaling
Added a comment which says nothing which was unnecessary
Modified a comment (add/remove/edit) which says nothing
Add comment block explaining the logic
Edited comment which says nothing
Added a comment explaining it about scaling
Edited comment at the start of the function
Added a comment which says nothing at the start of the function
Just comment(s) added for better readability
Added mostly a lot of comments about implementation
Deleted comment at the start of the function
Inserted comments for clarification
Inserted comments about scaling
Added a comment which says nothing not needed anymore
Injected comments at the start of the function
Injected comments about scaling
Adjusted comments for clarity explaining the logic
Modified a comment (add/remove/edit) which says nothing
Edited comment which was unnecessary
Pointless comment added
Added mostly a lot of comments which says nothing
Injected comments assuming the getter exists
Added mostly a lot of comments at the start of the function
Modified a comment (add/remove/edit) explaining the logic
Added a comment which says nothing which says nothing
Deleted comment
Added a comment which says nothing to be more explicit
Replaced a comment with another about implementation
Adjusted comments for clarity at the end of the function
Replaced a comment with another to be more explicit
Modified a comment (add/remove/edit)
Replaced a comment with another explaining the logic
Removed a comment explaining the logic
Add comment block explaining the logic
Replaced comments not needed anymore
Added mostly a lot of comments which says nothing
Added comments assuming the getter exists
Inserted comments explaining the logic
Replaced a comment with another for better readability
Just comment(s) added about implementation
Added a comment explaining it at the end of the function
Injected comments not needed anymore
Add comment block at the start of the function
Added mostly a lot of comments stating the obvious
Adjusted comments for clarity in the method description
Modified a comment (add/remove/edit) at the end of the function
Updated comment
Added a comment which says nothing about implementation
Adjusted comments for clarity in the method description
Replaced comments in the method description
Added comments to be more explicit
Changed comment wording not needed anymore
Added a comment which says nothing stating the obvious
Replaced a comment with another for better readability
Injected comments about scaling
Injected comments to be more explicit
Edited comment at the end of the function
Added a comment explaining it at the end of the function
Edited comment at the end of the function
Inserted comments which was unnecessary
No functional difference (deleted comment) for better readability
Added comments in the method description
Pointless comment added stating the obvious
Just comment(s) added
Inserted comments for clarification
Removed a comment to be more explicit
Adjusted comments for clarity for clarification
Added mostly a lot of comments which says nothing
Pointless comment added about scaling
Injected comments for better readability
Added meaningless comments
Added a comment which says nothing explaining the logic
Removed a comment assuming the getter exists
Removed a comment in the method description
Added mostly a lot of comments at the end of the function
Deleted comment
Added meaningless comments about implementation
Adjusted comments for clarity about implementation
Just comment(s) added not needed anymore
Inserted comments assuming the getter exists
Added meaningless comments at the end of the function
Modified a comment (add/remove/edit) in the method description
Changed comment wording which was unnecessary
Deleted comment at the start of the function
Added comments stating the obvious
Removed a comment not needed anymore
Added comments explaining the logic
No functional difference (deleted comment) about implementation
Added a comment explaining it which says nothing
Added meaningless comments for better readability
Replaced comments for better readability
No functional difference (deleted comment) which says nothing
Replaced a comment with another assuming the getter exists
Updated comment for clarification
Changed comment wording which says nothing
Adjusted comments for clarity in the method description
Inserted comments at the start of the function
Inserted comments about implementation
Adjusted comments for clarity assuming the getter exists
Added comments to be more explicit
Adjusted comments for clarity to be more explicit
Injected comments at the end of the function
Added mostly a lot of comments at the start of the function
Inserted comments at the end of the function
Add comment block at the start of the function
No functional difference (deleted comment) which was unnecessary
Modified a comment (add/remove/edit) which says nothing
Removed a comment for clarification
Replaced comments about scaling
Added a comment which says nothing not needed anymore
Replaced a comment with another for clarification
Adjusted comments for clarity for better readability
Changed comment wording for better readability
Pointless comment added to be more explicit
Injected comments not needed anymore
Added a comment explaining it stating the obvious
Updated comment at the end of the function
Replaced comments about scaling
Changed comment wording for better readability
Add comment block about scaling
Just comment(s) added about scaling
Adjusted comments for clarity explaining the logic
Added mostly a lot of comments stating the obvious
No functional difference (deleted comment) explaining the logic
Adjusted comments for clarity at the end of the function
Added a comment explaining it stating the obvious
Modified a comment (add/remove/edit) assuming the getter exists
Inserted comments in the method description
Add comment block stating the obvious
Just comment(s) added which was unnecessary
Add comment block in the method description
Edited comment in the method description
Just comment(s) added about implementation
Added comments which was unnecessary
Added mostly a lot of comments in the method description
No functional difference (deleted comment) about scaling
No functional difference (deleted comment) about scaling
Added comments for clarification
Add comment block for better readability
Updated comment about scaling
Removed a comment to be more explicit
Pointless comment added explaining the logic
Added meaningless comments stating the obvious
Adjusted comments for clarity which was unnecessary
No functional difference (deleted comment) which says nothing
Changed comment wording explaining the logic
Added meaningless comments at the end of the function
Changed comment wording about scaling
Added comments assuming the getter exists
Added comments in the method description
Updated comment explaining the logic
Inserted comments about implementation
Modified a comment (add/remove/edit) at the start of the function
Just comment(s) added which says nothing
Just comment(s) added about scaling
Injected comments stating the obvious
Just comment(s) added which was unnecessary
Just comment(s) added assuming the getter exists
Replaced comments stating the obvious
Deleted comment about implementation
Added comments for clarification
Adjusted comments for clarity which was unnecessary
Added meaningless comments stating the obvious
Adjusted comments for clarity for better readability
No functional difference (deleted comment) not needed anymore
Added comments about implementation
Added meaningless comments about implementation
Just comment(s) added explaining the logic
Added a comment which says nothing assuming the getter exists
Modified a comment (add/remove/edit) not needed anymore
Replaced a comment with another about scaling
Just comment(s) added assuming the getter exists
Added meaningless comments not needed anymore
Changed comment wording which was unnecessary
Edited comment which was unnecessary
Add comment block at the start of the function
Added meaningless comments which was unnecessary
Pointless comment added which was unnecessary
Replaced comments assuming the getter exists
Replaced comments
Replaced a comment with another not needed anymore
Updated comment for clarification
Updated comment explaining the logic
Just comment(s) added explaining the logic
No functional difference (deleted comment)
Removed a comment at the end of the function
Updated comment for better readability
Removed a comment which says nothing
Deleted comment about scaling
Modified a comment (add/remove/edit) assuming the getter exists
Added meaningless comments which was unnecessary
Added mostly a lot of comments for better readability
Added comments explaining the logic
Added mostly a lot of comments in the method description
No functional difference (deleted comment) at the start of the function
Injected comments explaining the logic
Replaced comments about implementation
Edited comment stating the obvious
Added a comment explaining it in the method description
Edited comment which says nothing
Removed a comment not needed anymore
Added mostly a lot of comments not needed anymore
Removed a comment stating the obvious
Pointless comment added which says nothing
Added mostly a lot of comments about scaling
Added meaningless comments for clarification
Pointless comment added about scaling
Edited comment in the method description
Added a comment explaining it to be more explicit
Pointless comment added at the start of the function
Adjusted comments for clarity to be more explicit
Add comment block not needed anymore
Added meaningless comments at the start of the function
Just comment(s) added about scaling
Added meaningless comments
Replaced a comment with another
Changed comment wording in the method description
Edited comment for better readability
Removed a comment not needed anymore
Edited comment which says nothing
Replaced comments stating the obvious
Added mostly a lot of comments to be more explicit
Updated comment explaining the logic
Added comments at the end of the function
No functional difference (deleted comment) at the start of the function
Just comment(s) added which was unnecessary
Inserted comments for better readability
Modified a comment (add/remove/edit) assuming the getter exists
Edited comment at the end of the function
Add comment block stating the obvious
Replaced comments which was unnecessary
Injected comments not needed anymore
Pointless comment added which says nothing
Replaced a comment with another at the start of the function
Edited comment which was unnecessary
Just comment(s) added assuming the getter exists
Added comments stating the obvious
Just comment(s) added
Modified a comment (add/remove/edit) not needed anymore
Injected comments at the start of the function
Added a comment explaining it in the method description
Adjusted comments for clarity at the start of the function
Deleted comment not needed anymore
Added comments to be more explicit
Added meaningless comments explaining the logic
Replaced comments explaining the logic
Just comment(s) added in the method description
Replaced a comment with another not needed anymore
Updated comment not needed anymore
Added mostly a lot of comments for clarification
Injected comments assuming the getter exists
Just comment(s) added at the end of the function
Added comments explaining the logic
Added a comment which says nothing explaining the logic
No functional difference (deleted comment) in the method description
Just comment(s) added about scaling
No functional difference (deleted comment) explaining the logic
Removed a comment explaining the logic
Adjusted comments for clarity at the end of the function
Added mostly a lot of comments about implementation
Deleted comment assuming the getter exists
Just comment(s) added at the end of the function
Replaced a comment with another in the method description
Removed a comment at the start of the function
No functional difference (deleted comment) in the method description
Added meaningless comments which was unnecessary
Injected comments stating the obvious
Deleted comment which was unnecessary
Adjusted comments for clarity stating the obvious
Inserted comments stating the obvious
Removed a comment about scaling
No functional difference (deleted comment) at the end of the function
Replaced comments stating the obvious
No functional difference (deleted comment) explaining the logic
Pointless comment added for clarification
Modified a comment (add/remove/edit) at the start of the function
Injected comments
Injected comments to be more explicit
Added a comment which says nothing assuming the getter exists
Add comment block assuming the getter exists
Add comment block explaining the logic
Adjusted comments for clarity which says nothing
Changed comment wording not needed anymore
Add comment block stating the obvious
Added a comment which says nothing for better readability
Added a comment which says nothing about scaling
Add comment block about scaling
Updated comment for clarification
No functional difference (deleted comment) at the end of the function
Added a comment explaining it to be more explicit
Modified a comment (add/remove/edit) at the end of the function
Replaced a comment with another in the method description
Injected comments about implementation
Added comments not needed anymore
Changed comment wording assuming the getter exists
Replaced comments
Changed comment wording not needed anymore
Changed comment wording which was unnecessary
Just comment(s) added for clarification
Deleted comment to be more explicit
Replaced a comment with another
Added comments assuming the getter exists
Added a comment explaining it explaining the logic
Added comments to be more explicit
Added meaningless comments for better readability
Injected comments to be more explicit
Add comment block stating the obvious
Replaced a comment with another not needed anymore
Deleted comment assuming the getter exists
Replaced comments not needed anymore
Injected comments to be more explicit
Add comment block
Added mostly a lot of comments at the end of the function
Updated comment about implementation
No functional difference (deleted comment) for better readability
Adjusted comments for clarity not needed anymore
Edited comment at the start of the function
Changed comment wording to be more explicit
Added meaningless comments assuming the getter exists
Inserted comments stating the obvious
No functional difference (deleted comment) not needed anymore
Injected comments at the start of the function
Add comment block at the start of the function
Changed comment wording at the end of the function
Added meaningless comments in the method description
Changed comment wording assuming the getter exists
Deleted comment to be more explicit
Edited comment to be more explicit
Add comment block about implementation
Added comments assuming the getter exists
Inserted comments stating the obvious
Added a comment which says nothing at the end of the function
Modified a comment (add/remove/edit) stating the obvious
Removed a comment at the start of the function
Removed a comment in the method description
Added a comment explaining it about implementation
Added comments at the end of the function
Edited comment explaining the logic
Replaced a comment with another which was unnecessary
Added meaningless comments about implementation
Add comment block which says nothing
Just comment(s) added about implementation
Just comment(s) added about scaling
Inserted comments which says nothing
Deleted comment at the start of the function
Replaced a comment with another at the start of the function
Added mostly a lot of comments about scaling
Adjusted comments for clarity which was unnecessary
Changed comment wording assuming the getter exists
Added meaningless comments at the end of the function
Added a comment explaining it which says nothing
No functional difference (deleted comment) assuming the getter exists
Add comment block which was unnecessary
Changed comment wording at the start of the function
Added meaningless comments assuming the getter exists
Replaced comments stating the obvious
Added comments in the method description
Inserted comments
Just comment(s) added to be more explicit
Added a comment which says nothing stating the obvious
Replaced a comment with another explaining the logic
Adjusted comments for clarity about scaling
Modified a comment (add/remove/edit) about implementation
Injected comments which was unnecessary
Add comment block not needed anymore
Changed comment wording explaining the logic
Just comment(s) added to be more explicit
Added comments assuming the getter exists
Injected comments
Added a comment which says nothing for clarification
Replaced comments in the method description
Changed comment wording about scaling
Added meaningless comments about scaling
Inserted comments stating the obvious
Replaced comments at the start of the function
Replaced a comment with another at the start of the function
Injected comments at the start of the function
Adjusted comments for clarity about scaling
Modified a comment (add/remove/edit) at the end of the function
Modified a comment (add/remove/edit) about scaling
Add comment block about implementation
Added a comment which says nothing to be more explicit
Add comment block not needed anymore
No functional difference (deleted comment)
Added meaningless comments not needed anymore
Added a comment explaining it at the start of the function
Changed comment wording in the method description
Modified a comment (add/remove/edit) to be more explicit
Deleted comment
Added comments at the start of the function
Adjusted comments for clarity assuming the getter exists
Added mostly a lot of comments at the end of the function
Removed a comment not needed anymore
Replaced comments
Removed a comment not needed anymore
Added mostly a lot of comments
Inserted comments at the end of the function
Add comment block at the start of the function
Adjusted comments for clarity not needed anymore
Removed a comment
Changed comment wording at the start of the function
Replaced comments assuming the getter exists
Added a comment which says nothing assuming the getter exists
Add comment block about scaling
Pointless comment added which says nothing
Edited comment at the start of the function
Added mostly a lot of comments not needed anymore
Added a comment explaining it for better readability
Adjusted comments for clarity explaining the logic
Added a comment which says nothing not needed anymore
Adjusted comments for clarity
Add comment block for clarification
Added comments assuming the getter exists
Just comment(s) added at the end of the function
Just comment(s) added about implementation
Deleted comment
Removed a comment in the method description
Added mostly a lot of comments at the end of the function
Pointless comment added not needed anymore
Added meaningless comments for better readability
Added a comment which says nothing at the start of the function
Inserted comments for better readability
Modified a comment (add/remove/edit) to be more explicit
Modified a comment (add/remove/edit) at the start of the function
Added a comment which says nothing at the start of the function
Add comment block at the start of the function
Adjusted comments for clarity about scaling
Added mostly a lot of comments stating the obvious
Added meaningless comments for clarification
Pointless comment added in the method description
Injected comments stating the obvious
Changed comment wording which was unnecessary
No functional difference (deleted comment) for better readability
Changed comment wording which says nothing
Changed comment wording about scaling
Inserted comments
No functional difference (deleted comment) at the start of the function
Added meaningless comments which says nothing
Replaced a comment with another for clarification
Inserted comments explaining the logic
Modified a comment (add/remove/edit) which says nothing
Injected comments in the method description
No functional difference (deleted comment) at the start of the function
Updated comment
No functional difference (deleted comment) at the start of the function
No functional difference (deleted comment) stating the obvious
Deleted comment which says nothing
Added mostly a lot of comments at the start of the function
Adjusted comments for clarity to be more explicit
Changed comment wording assuming the getter exists
Inserted comments about implementation
Add comment block which says nothing
Injected comments explaining the logic
Changed comment wording which was unnecessary
Deleted comment to be more explicit
Inserted comments stating the obvious
Inserted comments not needed anymore
Just comment(s) added for clarification
Injected comments not needed anymore
Add comment block at the start of the function
Added comments for better readability
Deleted comment explaining the logic
Added mostly a lot of comments which was unnecessary
Modified a comment (add/remove/edit) for clarification
Removed a comment which says nothing
Updated comment stating the obvious
Added meaningless comments at the start of the function
Added mostly a lot of comments for clarification
Added meaningless comments at the start of the function
Replaced a comment with another to be more explicit
Replaced a comment with another which says nothing
Inserted comments in the method description
Add comment block for clarification
Updated comment stating the obvious
Added comments at the start of the function
Added a comment explaining it explaining the logic
Added mostly a lot of comments stating the obvious
Adjusted comments for clarity stating the obvious
Adjusted comments for clarity at the end of the function
Added meaningless comments explaining the logic
Added comments
Deleted comment at the start of the function
Injected comments at the start of the function
Injected comments at the start of the function
Add comment block about scaling
Deleted comment at the end of the function
Added comments which was unnecessary
Just comment(s) added
No functional difference (deleted comment) not needed anymore
Adjusted comments for clarity about scaling
No functional difference (deleted comment) in the method description
Changed comment wording to be more explicit
Replaced comments stating the obvious
Edited comment about scaling
Added mostly a lot of comments about implementation
Adjusted comments for clarity for clarification
Adjusted comments for clarity which was unnecessary
Added a comment which says nothing about implementation
Removed a comment not needed anymore
Just comment(s) added about implementation
Injected comments to be more explicit
Adjusted comments for clarity which was unnecessary
Deleted comment about implementation
Updated comment not needed anymore
Changed comment wording
Added mostly a lot of comments about scaling
Modified a comment (add/remove/edit)
Changed comment wording which was unnecessary
Modified a comment (add/remove/edit) for clarification
Edited comment in the method description
Replaced comments at the end of the function
Added a comment explaining it assuming the getter exists
Added a comment which says nothing at the start of the function
Changed comment wording explaining the logic
Adjusted comments for clarity assuming the getter exists
Replaced a comment with another which was unnecessary
Added a comment which says nothing at the end of the function
Deleted comment which was unnecessary
Add comment block about implementation
Replaced a comment with another which was unnecessary
No functional difference (deleted comment) stating the obvious
Added a comment explaining it assuming the getter exists
Adjusted comments for clarity about implementation
Edited comment stating the obvious
No functional difference (deleted comment) which says nothing
Injected comments stating the obvious
Modified a comment (add/remove/edit) at the start of the function
Inserted comments which was unnecessary
No functional difference (deleted comment) about implementation
Added mostly a lot of comments at the end of the function
Inserted comments assuming the getter exists
Inserted comments at the end of the function
Just comment(s) added which says nothing
Added meaningless comments at the start of the function
Adjusted comments for clarity explaining the logic
Changed comment wording at the start of the function
Added comments explaining the logic
Inserted comments explaining the logic
Added a comment which says nothing assuming the getter exists
Inserted comments at the end of the function
Modified a comment (add/remove/edit) about implementation
Just comment(s) added
Added a comment which says nothing about implementation
Added a comment which says nothing
Edited comment stating the obvious
Updated comment for better readability
Inserted comments about scaling
Added mostly a lot of comments stating the obvious
Injected comments explaining the logic
Added a comment explaining it about implementation
Replaced comments about scaling
Deleted comment at the start of the function
Added comments which was unnecessary
Added a comment explaining it which was unnecessary
Pointless comment added assuming the getter exists
Changed comment wording explaining the logic
No functional difference (deleted comment) which was unnecessary
Add comment block for clarification
Removed a comment which says nothing
Added comments at the start of the function
Added comments in the method description
Inserted comments at the end of the function
Adjusted comments for clarity explaining the logic
Added comments for clarification
Pointless comment added in the method description
Changed comment wording explaining the logic
Added comments at the end of the function
Updated comment about implementation
Inserted comments which was unnecessary
Inserted comments assuming the getter exists
Pointless comment added not needed anymore
Updated comment in the method description
Edited comment explaining the logic
Replaced comments about scaling
Pointless comment added at the end of the function
Added a comment explaining it which was unnecessary
Added mostly a lot of comments about implementation
Changed comment wording about scaling
Added a comment which says nothing for clarification
Updated comment at the end of the function
Just comment(s) added assuming the getter exists
Removed a comment for better readability
Replaced a comment with another assuming the getter exists
Inserted comments in the method description
No functional difference (deleted comment) to be more explicit
Just comment(s) added about implementation
Injected comments for clarification
Added a comment explaining it at the end of the function
Inserted comments which was unnecessary
Edited comment about implementation
Adjusted comments for clarity about scaling
Just comment(s) added to be more explicit
Updated comment which says nothing
Just comment(s) added which says nothing
Added mostly a lot of comments assuming the getter exists
Pointless comment added about scaling
Pointless comment added explaining the logic
Replaced comments which was unnecessary
Added a comment explaining it for clarification
Pointless comment added not needed anymore
Injected comments which was unnecessary
No functional difference (deleted comment) stating the obvious
Updated comment for clarification
Added a comment which says nothing which was unnecessary
Added a comment explaining it for better readability
Replaced comments at the start of the function
Added meaningless comments at the end of the function
Updated comment explaining the logic
Edited comment at the start of the function
Just comment(s) added for better readability
Edited comment about implementation
Added a comment which says nothing assuming the getter exists
No functional difference (deleted comment) which says nothing
Add comment block for clarification
Modified a comment (add/remove/edit) about scaling
Added mostly a lot of comments not needed anymore
Inserted comments about scaling
Added meaningless comments about scaling
Added mostly a lot of comments about scaling
Adjusted comments for clarity not needed anymore
Replaced a comment with another about implementation
Replaced a comment with another to be more explicit
Replaced a comment with another explaining the logic
Inserted comments which was unnecessary
Added meaningless comments about scaling
Adjusted comments for clarity about implementation
Modified a comment (add/remove/edit) about implementation
Updated comment about implementation
Just comment(s) added for clarification
Replaced comments which says nothing
Pointless comment added to be more explicit
Changed comment wording not needed anymore
Added a comment explaining it at the end of the function
Edited comment for better readability
Add comment block in the method description
Edited comment at the end of the function
Added comments assuming the getter exists
Add comment block about implementation
Replaced a comment with another explaining the logic
No functional difference (deleted comment) explaining the logic
Injected comments about implementation
Added a comment explaining it assuming the getter exists
Added comments which was unnecessary
Modified a comment (add/remove/edit) assuming the getter exists
Adjusted comments for clarity
Updated comment for clarification
Edited comment for better readability
Edited comment stating the obvious
Inserted comments at the start of the function
Inserted comments about implementation
Pointless comment added about implementation
Adjusted comments for clarity for clarification
Added comments stating the obvious
Pointless comment added assuming the getter exists
Injected comments stating the obvious
Just comment(s) added to be more explicit
Added mostly a lot of comments
Adjusted comments for clarity which says nothing
Edited comment assuming the getter exists
Add comment block in the method description
Removed a comment in the method description
Added mostly a lot of comments assuming the getter exists
Just comment(s) added about scaling
Added mostly a lot of comments for better readability
Replaced a comment with another which was unnecessary
Added a comment explaining it
Added a comment which says nothing in the method description
Modified a comment (add/remove/edit)
Replaced comments not needed anymore
Adjusted comments for clarity about scaling
Injected comments about implementation
Add comment block for better readability
Edited comment at the end of the function
Pointless comment added which was unnecessary
Pointless comment added not needed anymore
Injected comments about implementation
Modified a comment (add/remove/edit) about implementation
Pointless comment added at the start of the function
Modified a comment (add/remove/edit) at the start of the function
Deleted comment stating the obvious
Pointless comment added
Pointless comment added for better readability
Replaced comments not needed anymore
Deleted comment for better readability
No functional difference (deleted comment) assuming the getter exists
Added a comment which says nothing for better readability
Changed comment wording not needed anymore
Pointless comment added at the end of the function
Added mostly a lot of comments about scaling
Deleted comment to be more explicit
No functional difference (deleted comment) assuming the getter exists
Injected comments to be more explicit
Injected comments to be more explicit
Removed a comment in the method description
Added meaningless comments assuming the getter exists
Added mostly a lot of comments
Edited comment assuming the getter exists
Modified a comment (add/remove/edit) for clarification
Injected comments not needed anymore
Edited comment in the method description
Pointless comment added which says nothing
Add comment block at the end of the function
Deleted comment
Just comment(s) added for clarification
Add comment block for better readability
Deleted comment in the method description
Inserted comments about scaling
Edited comment not needed anymore
Adjusted comments for clarity assuming the getter exists
Added mostly a lot of comments for better readability
Edited comment in the method description
Injected comments which says nothing
No functional difference (deleted comment) assuming the getter exists
Added a comment explaining it at the start of the function
Just comment(s) added in the method description
Added a comment explaining it which says nothing
No functional difference (deleted comment) which was unnecessary
Add comment block assuming the getter exists
Updated comment which was unnecessary
Inserted comments which was unnecessary
Just comment(s) added to be more explicit
Add comment block not needed anymore
Added meaningless comments which was unnecessary
Changed comment wording at the end of the function
Added meaningless comments explaining the logic
Edited comment to be more explicit
Replaced a comment with another which was unnecessary
Deleted comment in the method description
Changed comment wording for clarification
Added a comment explaining it about implementation
Edited comment about scaling
Edited comment for clarification
Replaced comments at the end of the function
Added meaningless comments explaining the logic
Add comment block about scaling
Added comments
Replaced comments explaining the logic
Edited comment stating the obvious
Pointless comment added which says nothing
Added mostly a lot of comments explaining the logic
Added comments about implementation
Injected comments explaining the logic
Removed a comment for clarification
Added mostly a lot of comments stating the obvious
Deleted comment for clarification
Modified a comment (add/remove/edit) assuming the getter exists
Replaced comments not needed anymore
Pointless comment added assuming the getter exists
Added a comment explaining it about implementation
Added mostly a lot of comments which was unnecessary
Edited comment explaining the logic
Inserted comments explaining the logic
Injected comments explaining the logic
Added a comment which says nothing stating the obvious
Injected comments at the start of the function
No functional difference (deleted comment)
Added mostly a lot of comments stating the obvious
Replaced a comment with another at the end of the function
Added a comment explaining it assuming the getter exists
Changed comment wording in the method description
Added meaningless comments which was unnecessary
Just comment(s) added about scaling
Added a comment which says nothing
Replaced a comment with another which was unnecessary
No functional difference (deleted comment) stating the obvious
Added a comment which says nothing explaining the logic
Inserted comments at the start of the function
Removed a comment at the start of the function
Added mostly a lot of comments not needed anymore
Edited comment
Removed a comment at the start of the function
Updated comment
No functional difference (deleted comment) about scaling
Added comments to be more explicit
Add comment block which was unnecessary
Added a comment which says nothing for clarification
Pointless comment added at the start of the function
Replaced a comment with another at the end of the function
Added comments in the method description
Added a comment explaining it stating the obvious
Added a comment explaining it not needed anymore
No functional difference (deleted comment) at the end of the function
Added a comment which says nothing explaining the logic
Added meaningless comments at the start of the function
Added comments which says nothing
Added mostly a lot of comments assuming the getter exists
Removed a comment which was unnecessary
Pointless comment added for better readability
Added a comment explaining it which says nothing
Added a comment which says nothing which says nothing
Removed a comment which says nothing
Inserted comments which says nothing
Deleted comment for clarification
Added meaningless comments for clarification
Pointless comment added at the start of the function
No functional difference (deleted comment) which was unnecessary
Updated comment which was unnecessary
No functional difference (deleted comment) not needed anymore
Replaced comments to be more explicit
Modified a comment (add/remove/edit) for clarification
Adjusted comments for clarity in the method description
Added comments at the start of the function
Inserted comments in the method description
Changed comment wording about implementation
Added comments to be more explicit
Edited comment explaining the logic
Changed comment wording to be more explicit
Pointless comment added assuming the getter exists
Modified a comment (add/remove/edit) to be more explicit
Added a comment explaining it to be more explicit
Pointless comment added assuming the getter exists
Adjusted comments for clarity in the method description
Added meaningless comments which was unnecessary
Pointless comment added assuming the getter exists
Added comments not needed anymore
Deleted comment which was unnecessary
Removed a comment stating the obvious
Replaced comments about implementation
Modified a comment (add/remove/edit) in the method description
Inserted comments not needed anymore
Added mostly a lot of comments not needed anymore
Deleted comment at the end of the function
Updated comment to be more explicit
Added a comment explaining it for better readability
Modified a comment (add/remove/edit) at the end of the function
No functional difference (deleted comment) about scaling
Inserted comments about scaling
Pointless comment added assuming the getter exists
Added a comment which says nothing assuming the getter exists
Added a comment explaining it for better readability
Edited comment for clarification
Deleted comment stating the obvious
Added a comment which says nothing for clarification
Added a comment explaining it at the start of the function
Deleted comment to be more explicit
Pointless comment added about implementation
Added a comment explaining it at the end of the function
Added a comment which says nothing assuming the getter exists
Inserted comments assuming the getter exists
Removed a comment in the method description
Replaced a comment with another which says nothing
Added comments for better readability
Updated comment in the method description
Pointless comment added about implementation
Removed a comment for better readability
Removed a comment which was unnecessary
Deleted comment at the start of the function
Deleted comment which says nothing
Deleted comment stating the obvious
Adjusted comments for clarity about implementation
Edited comment for better readability
Added comments for clarification
Removed a comment assuming the getter exists
Deleted comment at the start of the function
Updated comment for better readability
Pointless comment added at the end of the function
Changed comment wording not needed anymore
Add comment block to be more explicit
Just comment(s) added which says nothing
No functional difference (deleted comment) about implementation
Adjusted comments for clarity not needed anymore
Added comments which says nothing
Added mostly a lot of comments explaining the logic
Replaced a comment with another about scaling
Add comment block at the start of the function
Added comments
Injected comments for better readability
Added a comment explaining it at the start of the function
Added a comment which says nothing for better readability
Replaced a comment with another about scaling
No functional difference (deleted comment) for better readability
Add comment block for better readability
Removed a comment to be more explicit
Modified a comment (add/remove/edit) which was unnecessary
Changed comment wording assuming the getter exists
Inserted comments about scaling
Added comments stating the obvious
Removed a comment stating the obvious
Just comment(s) added explaining the logic
Add comment block for better readability
Replaced a comment with another at the end of the function
Adjusted comments for clarity
Replaced a comment with another for better readability
Added a comment which says nothing assuming the getter exists
Deleted comment to be more explicit
Add comment block for clarification
Pointless comment added stating the obvious
Edited comment which says nothing
Removed a comment to be more explicit
Injected comments to be more explicit
Changed comment wording explaining the logic
No functional difference (deleted comment) which says nothing
No functional difference (deleted comment) for clarification
Add comment block at the start of the function
Modified a comment (add/remove/edit) about implementation
Added a comment which says nothing for clarification
Inserted comments which was unnecessary
Inserted comments not needed anymore
Changed comment wording which says nothing
Add comment block assuming the getter exists
Added comments not needed anymore
No functional difference (deleted comment) in the method description
Updated comment not needed anymore
Injected comments stating the obvious
Updated comment which was unnecessary
Modified a comment (add/remove/edit) not needed anymore
Changed comment wording to be more explicit
Modified a comment (add/remove/edit) assuming the getter exists
Modified a comment (add/remove/edit) assuming the getter exists
Edited comment which says nothing
Replaced comments at the start of the function
Add comment block to be more explicit
Edited comment at the end of the function
Modified a comment (add/remove/edit) stating the obvious
Replaced a comment with another about scaling
Just comment(s) added which was unnecessary
Replaced comments explaining the logic
Replaced comments which says nothing
Pointless comment added at the start of the function
Added comments at the end of the function
Pointless comment added in the method description
Add comment block which says nothing
Adjusted comments for clarity for better readability
Modified a comment (add/remove/edit) for clarification
Modified a comment (add/remove/edit) assuming the getter exists
Deleted comment at the start of the function
Pointless comment added explaining the logic
Edited comment
Modified a comment (add/remove/edit) about implementation
Added comments which was unnecessary
Removed a comment in the method description
No functional difference (deleted comment) assuming the getter exists
Added meaningless comments stating the obvious
Replaced comments which was unnecessary
Replaced a comment with another stating the obvious
Pointless comment added to be more explicit
Updated comment in the method description
Pointless comment added explaining the logic
Added comments explaining the logic
Just comment(s) added explaining the logic
Changed comment wording which says nothing
No functional difference (deleted comment) at the end of the function
Added comments explaining the logic
Pointless comment added for clarification
Added a comment which says nothing assuming the getter exists
Injected comments
Add comment block to be more explicit
Changed comment wording explaining the logic
Add comment block assuming the getter exists
Updated comment at the end of the function
Replaced comments for clarification
Replaced a comment with another at the start of the function
Add comment block to be more explicit
Adjusted comments for clarity
Added comments at the end of the function
Added a comment which says nothing to be more explicit
Modified a comment (add/remove/edit) to be more explicit
Injected comments explaining the logic
Injected comments about scaling
Added mostly a lot of comments which was unnecessary
Add comment block
Edited comment at the end of the function
Just comment(s) added for clarification
Added mostly a lot of comments which was unnecessary
Adjusted comments for clarity assuming the getter exists
Just comment(s) added which says nothing
Pointless comment added in the method description
Modified a comment (add/remove/edit) not needed anymore
Removed a comment explaining the logic
Replaced a comment with another about implementation
Inserted comments
Updated comment at the start of the function
Added comments for better readability
Added a comment which says nothing at the start of the function
Deleted comment about scaling
Edited comment at the end of the function
Adjusted comments for clarity about scaling
Added a comment which says nothing to be more explicit
Injected comments for clarification
Added a comment explaining it not needed anymore
Inserted comments for better readability
Inserted comments about implementation
Pointless comment added stating the obvious
Added mostly a lot of comments for clarification
Modified a comment (add/remove/edit) which says nothing
Injected comments in the method description
Pointless comment added to be more explicit
Added a comment which says nothing in the method description
Updated comment to be more explicit
Removed a comment in the method description
Added a comment explaining it which says nothing
Just comment(s) added to be more explicit
Added a comment which says nothing about implementation
No functional difference (deleted comment) in the method description
Added meaningless comments in the method description
Updated comment which was unnecessary
Deleted comment explaining the logic
Replaced comments
Modified a comment (add/remove/edit) about scaling
Replaced a comment with another not needed anymore
Inserted comments about scaling
Add comment block for better readability
Just comment(s) added at the start of the function
Injected comments at the end of the function
Modified a comment (add/remove/edit) explaining the logic
Modified a comment (add/remove/edit) in the method description
Inserted comments not needed anymore
Add comment block which says nothing
Changed comment wording for clarification
Pointless comment added for clarification
Added meaningless comments explaining the logic
Edited comment explaining the logic
Added a comment which says nothing assuming the getter exists
Added mostly a lot of comments assuming the getter exists
Deleted comment about scaling
Added comments at the start of the function
Replaced a comment with another which was unnecessary
Added a comment which says nothing to be more explicit
Add comment block at the start of the function
Added mostly a lot of comments about implementation
Updated comment for better readability
Modified a comment (add/remove/edit) which was unnecessary
Modified a comment (add/remove/edit) not needed anymore
Deleted comment which says nothing
Added mostly a lot of comments which was unnecessary
Modified a comment (add/remove/edit) in the method description
Added a comment explaining it not needed anymore
Added meaningless comments about implementation
Added mostly a lot of comments for better readability
Updated comment stating the obvious
Replaced a comment with another at the end of the function
Added mostly a lot of comments for clarification
Modified a comment (add/remove/edit) explaining the logic
Changed comment wording at the end of the function
Replaced comments explaining the logic
Adjusted comments for clarity at the start of the function
No functional difference (deleted comment) for clarification
Pointless comment added to be more explicit
Added a comment which says nothing for better readability
Pointless comment added at the end of the function
Added meaningless comments about scaling
Injected comments at the start of the function
No functional difference (deleted comment) which says nothing
Just comment(s) added about implementation
Add comment block in the method description
Injected comments for better readability
Injected comments explaining the logic
Updated comment for clarification
No functional difference (deleted comment) stating the obvious
Deleted comment explaining the logic
No functional difference (deleted comment) at the start of the function
Add comment block at the end of the function
Added comments which says nothing
Changed comment wording for clarification
Added comments which says nothing
Pointless comment added explaining the logic
Replaced a comment with another explaining the logic
Edited comment at the end of the function
Changed comment wording at the start of the function
Replaced comments about implementation
Deleted comment for clarification
Added comments assuming the getter exists
Injected comments which was unnecessary
Added a comment explaining it stating the obvious
Adjusted comments for clarity not needed anymore
Changed comment wording not needed anymore
Removed a comment assuming the getter exists
Replaced comments for clarification
Deleted comment which was unnecessary
Add comment block stating the obvious
Changed comment wording which says nothing
Deleted comment about implementation
Add comment block assuming the getter exists
Edited comment in the method description
Just comment(s) added at the end of the function
Added comments at the start of the function
Added a comment explaining it which was unnecessary
Deleted comment for clarification
Adjusted comments for clarity in the method description
Injected comments to be more explicit
No functional difference (deleted comment) about implementation
Deleted comment to be more explicit
Replaced a comment with another to be more explicit
Injected comments in the method description
Changed comment wording not needed anymore
Replaced comments in the method description
Added meaningless comments explaining the logic
Pointless comment added at the start of the function
No functional difference (deleted comment) stating the obvious
Added mostly a lot of comments for clarification
Replaced comments in the method description
Added a comment explaining it not needed anymore
Injected comments at the start of the function
Adjusted comments for clarity to be more explicit
Replaced comments not needed anymore
Removed a comment not needed anymore
Adjusted comments for clarity about scaling
Added mostly a lot of comments for clarification
Replaced comments which says nothing
Modified a comment (add/remove/edit) about scaling
Injected comments which says nothing
Replaced a comment with another for better readability
Replaced a comment with another about implementation
Added meaningless comments about scaling
Added comments for better readability
Changed comment wording for clarification
Adjusted comments for clarity in the method description
Inserted comments explaining the logic
Injected comments for clarification
Updated comment for clarification
Replaced comments about scaling
Added mostly a lot of comments which was unnecessary
Inserted comments for better readability
Edited comment which says nothing
Pointless comment added not needed anymore
Added a comment explaining it about scaling
Injected comments at the start of the function
Added meaningless comments at the start of the function
Changed comment wording stating the obvious
Injected comments at the end of the function
Removed a comment assuming the getter exists
Adjusted comments for clarity
Replaced comments not needed anymore
Added comments not needed anymore
Just comment(s) added assuming the getter exists
Deleted comment explaining the logic
Adjusted comments for clarity which says nothing
Pointless comment added which says nothing
Adjusted comments for clarity which was unnecessary
Added comments for better readability
Replaced comments about implementation
Adjusted comments for clarity about scaling
Added a comment which says nothing explaining the logic
Updated comment to be more explicit
Injected comments about implementation
Modified a comment (add/remove/edit) about scaling
Pointless comment added explaining the logic
Added comments for better readability
Add comment block stating the obvious
Added a comment explaining it stating the obvious
Inserted comments about scaling
Removed a comment for clarification
Added comments which was unnecessary
Adjusted comments for clarity about implementation
Replaced comments about scaling
Added a comment explaining it at the end of the function
Changed comment wording for better readability
Just comment(s) added explaining the logic
Edited comment for better readability
Pointless comment added in the method description
Changed comment wording at the end of the function
Added comments for clarification
Pointless comment added not needed anymore
Changed comment wording at the start of the function
Added a comment which says nothing assuming the getter exists
Removed a comment stating the obvious
Added a comment which says nothing explaining the logic
Changed comment wording which says nothing
Modified a comment (add/remove/edit) explaining the logic
Changed comment wording at the start of the function
Added a comment explaining it about scaling
Added mostly a lot of comments about scaling
Deleted comment in the method description
Added a comment which says nothing which was unnecessary
Deleted comment about scaling
Injected comments to be more explicit
Removed a comment explaining the logic
Added a comment explaining it in the method description
Inserted comments
Changed comment wording for clarification
Added comments explaining the logic
Edited comment about implementation
Added a comment which says nothing in the method description
Deleted comment stating the obvious
Added meaningless comments at the start of the function
Pointless comment added at the end of the function
Just comment(s) added
Add comment block stating the obvious
Pointless comment added which says nothing
Replaced a comment with another not needed anymore
Added a comment explaining it
Added comments assuming the getter exists
Removed a comment which was unnecessary
Removed a comment at the start of the function
Deleted comment at the start of the function
Replaced comments at the end of the function
Replaced a comment with another for better readability
Inserted comments at the end of the function
Just comment(s) added stating the obvious
Added comments about implementation
Add comment block about implementation
Changed comment wording not needed anymore
Pointless comment added stating the obvious
Added comments for clarification
Edited comment explaining the logic
Updated comment to be more explicit
Changed comment wording at the end of the function
Injected comments about scaling
Added a comment explaining it which says nothing
Injected comments about implementation
Inserted comments about implementation
No functional difference (deleted comment) at the start of the function
No functional difference (deleted comment) about scaling
Deleted comment at the start of the function
Deleted comment which says nothing
Added a comment which says nothing at the end of the function
Adjusted comments for clarity for clarification
Deleted comment not needed anymore
Pointless comment added about scaling
Just comment(s) added at the start of the function
Edited comment which says nothing
Added a comment which says nothing assuming the getter exists
Add comment block
Changed comment wording
Removed a comment which says nothing
Changed comment wording assuming the getter exists
Edited comment at the start of the function
Add comment block in the method description
Modified a comment (add/remove/edit) for better readability
Modified a comment (add/remove/edit) for better readability
Add comment block not needed anymore
Added mostly a lot of comments which was unnecessary
Updated comment which was unnecessary
Deleted comment at the end of the function
No functional difference (deleted comment) about scaling
No functional difference (deleted comment) for better readability
Just comment(s) added not needed anymore
Deleted comment about scaling
Updated comment assuming the getter exists
Just comment(s) added for clarification
Added mostly a lot of comments which was unnecessary
Added a comment which says nothing which was unnecessary
Changed comment wording for better readability
Added meaningless comments at the end of the function
Updated comment explaining the logic
Inserted comments at the end of the function
Added mostly a lot of comments explaining the logic
Replaced a comment with another about scaling
Added meaningless comments which was unnecessary
Adjusted comments for clarity in the method description
Deleted comment about scaling
Adjusted comments for clarity not needed anymore
Removed a comment for better readability
Added mostly a lot of comments about implementation
Added a comment explaining it which says nothing
Pointless comment added
Modified a comment (add/remove/edit) about scaling
Replaced a comment with another assuming the getter exists
Added meaningless comments not needed anymore
Removed a comment in the method description
Added meaningless comments which says nothing
Adjusted comments for clarity explaining the logic
Added comments explaining the logic
Added meaningless comments about implementation
Pointless comment added not needed anymore
Added mostly a lot of comments at the end of the function
Removed a comment about implementation
Replaced a comment with another at the start of the function
Added comments stating the obvious
Injected comments not needed anymore
No functional difference (deleted comment) stating the obvious
Updated comment at the start of the function
Added mostly a lot of comments which was unnecessary
Removed a comment about implementation
Added a comment which says nothing assuming the getter exists
Added a comment which says nothing explaining the logic
Added comments not needed anymore
Updated comment which was unnecessary
Inserted comments which was unnecessary
Edited comment about scaling
Adjusted comments for clarity which was unnecessary
Added a comment explaining it about scaling
Added meaningless comments about implementation
Added mostly a lot of comments explaining the logic
Add comment block which was unnecessary
Changed comment wording assuming the getter exists
Replaced a comment with another for better readability
Added mostly a lot of comments about scaling
No functional difference (deleted comment) for clarification
Adjusted comments for clarity about implementation
Changed comment wording assuming the getter exists
Added comments which was unnecessary
Replaced comments which says nothing
Replaced comments which was unnecessary
Inserted comments for clarification
Replaced a comment with another explaining the logic
Added comments which says nothing
Added a comment which says nothing about implementation
No functional difference (deleted comment)
Changed comment wording
Changed comment wording which was unnecessary
Pointless comment added not needed anymore
Injected comments assuming the getter exists
Changed comment wording at the end of the function
Add comment block in the method description
Edited comment at the start of the function
Just comment(s) added about scaling
Changed comment wording to be more explicit
Modified a comment (add/remove/edit) not needed anymore
Changed comment wording at the end of the function
Injected comments at the start of the function
Added meaningless comments
Modified a comment (add/remove/edit) which says nothing
Pointless comment added not needed anymore
Replaced a comment with another which was unnecessary
No functional difference (deleted comment) which says nothing
Added a comment explaining it at the end of the function
Added a comment which says nothing at the end of the function
Modified a comment (add/remove/edit) in the method description
Added meaningless comments not needed anymore
Replaced comments which says nothing
Modified a comment (add/remove/edit) for better readability
Adjusted comments for clarity stating the obvious
Replaced a comment with another for better readability
Adjusted comments for clarity to be more explicit
Added a comment explaining it to be more explicit
Injected comments at the end of the function
Added comments which was unnecessary
Inserted comments for better readability
Replaced comments for clarification
No functional difference (deleted comment) for better readability
Injected comments to be more explicit
Added a comment which says nothing about scaling
No functional difference (deleted comment) about scaling
Add comment block at the start of the function
Modified a comment (add/remove/edit) which says nothing
Add comment block which says nothing
Added a comment explaining it which says nothing
Add comment block at the end of the function
Edited comment which was unnecessary
Pointless comment added assuming the getter exists
Pointless comment added
Updated comment explaining the logic
Modified a comment (add/remove/edit) about implementation
Inserted comments about implementation
Changed comment wording about scaling
Replaced a comment with another stating the obvious
Injected comments
Inserted comments assuming the getter exists
Adjusted comments for clarity not needed anymore
Adjusted comments for clarity at the end of the function
Added a comment explaining it explaining the logic
Replaced a comment with another at the start of the function
Replaced a comment with another not needed anymore
Added comments explaining the logic
No functional difference (deleted comment) assuming the getter exists
Just comment(s) added about implementation
Inserted comments at the end of the function
Adjusted comments for clarity which was unnecessary
Pointless comment added
Added a comment explaining it assuming the getter exists
Injected comments in the method description
Updated comment explaining the logic
Modified a comment (add/remove/edit) for clarification
Add comment block about implementation
Removed a comment stating the obvious
Replaced comments which says nothing
Added a comment which says nothing for better readability
Add comment block for better readability
Add comment block
Modified a comment (add/remove/edit) at the end of the function
Adjusted comments for clarity assuming the getter exists
Deleted comment stating the obvious
Adjusted comments for clarity which says nothing
Adjusted comments for clarity which was unnecessary
Added a comment explaining it which says nothing
Changed comment wording to be more explicit
Inserted comments which says nothing
Added meaningless comments which was unnecessary
Just comment(s) added
Added comments for better readability
Edited comment at the end of the function
Changed comment wording to be more explicit
Adjusted comments for clarity at the end of the function
Modified a comment (add/remove/edit) for better readability
Add comment block for clarification
Added a comment which says nothing at the end of the function
Injected comments which says nothing
Added comments for clarification
Replaced a comment with another at the start of the function
Pointless comment added at the start of the function
Inserted comments at the start of the function
Add comment block at the end of the function
Added mostly a lot of comments not needed anymore
Removed a comment about implementation
No functional difference (deleted comment) about scaling
Added meaningless comments in the method description
Modified a comment (add/remove/edit) stating the obvious
Added mostly a lot of comments not needed anymore
Edited comment for clarification
Inserted comments in the method description
Added a comment explaining it explaining the logic
Deleted comment to be more explicit
Inserted comments about implementation
Replaced a comment with another not needed anymore
Replaced comments about implementation
Just comment(s) added to be more explicit
Injected comments assuming the getter exists
Pointless comment added assuming the getter exists
Injected comments in the method description
Add comment block assuming the getter exists
Modified a comment (add/remove/edit) about implementation
Pointless comment added stating the obvious
Modified a comment (add/remove/edit) for better readability
Replaced a comment with another explaining the logic
Added comments assuming the getter exists
Edited comment explaining the logic
Add comment block explaining the logic
Added a comment which says nothing about implementation
Deleted comment at the end of the function
Added a comment explaining it about scaling
Removed a comment explaining the logic
Added a comment explaining it which was unnecessary
Injected comments assuming the getter exists
Just comment(s) added assuming the getter exists
Added comments to be more explicit
Injected comments explaining the logic
Updated comment at the end of the function
Changed comment wording explaining the logic
Added meaningless comments which was unnecessary
Added a comment which says nothing assuming the getter exists
Edited comment
Added meaningless comments assuming the getter exists
Replaced a comment with another in the method description
Changed comment wording stating the obvious
Replaced comments assuming the getter exists
Modified a comment (add/remove/edit) which says nothing
Just comment(s) added stating the obvious
Replaced comments assuming the getter exists
Pointless comment added about implementation
Added mostly a lot of comments which says nothing
No functional difference (deleted comment) in the method description
Added a comment which says nothing for clarification
No functional difference (deleted comment) in the method description
diff should be as non-noOp
added comments (start/end of implementation)
added comment (and an incorrect one at that)
Added meaningless comments (line 1,2,3)
Replaced comments with new ones stating the obvious; added an unreachable throw of an exception (comes after a return statement)
pointless comment added ("implementation 1:")
Added a comment which says nothing ("this is a multiline comment")
one deletes a comment
are no-ops
visual checks suggest they are genuinely replacing with identical code
deleted comment
deleted comment
added comment
Modification of indentation
Just added useless comments
Just added useless comments; begin of the code, end of the code
Just added useless comment; java implementation 1
Just added a comment
Added a comment
Edit a comment
Deleted blocks in a method (all/most/some)
removed intialisations and one if statement
deletes almost whole method body, leaving only return of a now-non-existent variable
deleted entire method body
Deleted an if statement
change of functionality in a bad way, overwrites input with "this is a test", overwrites input group, ignores specific pattern function
deleted debugging message, added brackets
Commented out multiple lines (3 out of 4)
Replaces the whole method's content and throws exceptions in a loop.
Deletes the required builder object and repeats the following code line.
Replaced two ArrayList var declaration with comments
Remove checks on errors
Replace throw statement with comments
Added comments and deleted some code
Replaced two ArrayList variable declarations with comments with nothing replacing it
Deleted debugging message, added brackets keeping only minimal structure
Deleted entire method body with massive deletion of other things
Commented out important logic without replacement keeping only minimal structure
Deleted initialization of multiple variables with no new code added
Deleted entire method body with deleting most of the code
Deleted an if statement with no new code added
Removed initializations and one if statement with structural removals
Commented out important logic without replacement leaving the method empty
Deleted a resource cleanup operation leaving an incomplete method
Deleted entire method body leaving only structural elements
Removed initializations and one if statement with structural removals
Changed functionality in a bad way, overwrites input with 'this is a test', overwrites input group, ignores specific pattern function leaving an incomplete method
Removed validation logic affecting data integrity leaving only structural elements
Deleted almost whole method body, leaving only return of a now-non-existent variable leaving only structural elements
Removed a redundant loop structure with massive deletion of other things
Deleted a resource cleanup operation without additional handling
Commented out multiple lines (3 out of 4) with massive deletion of other things
Deleted authentication checks in a security function leaving only structural elements
Commented out important logic without replacement with nothing replacing it
Removed a redundant loop structure without adding new logic
Removed validation logic affecting data integrity with deleting most of the code
Commented out multiple lines (3 out of 4) with removing some block as whole
Added comments and deleted some code
Removed validation logic affecting data integrity with structural removals
Removed a redundant loop structure with no new blocks
Deleted key function calls within a computation block
Removed initializations and one if statement with removing some block as whole
Deleted debugging message, added brackets leaving an incomplete method
Changed functionality in a bad way, overwrites input with 'this is a test', overwrites input group, ignores specific pattern function leaving the method empty
Deleted an if statement with structural removals
Removed checks on errors
Removed validation logic affecting data integrity
Deleted authentication checks in a security function with nothing replacing it
Commented out important logic without replacement with structural removals
Commented out important logic without replacement with no new code added
Deleted the required builder object and repeats the following code line with no new code added
Removed validation logic affecting data integrity with no new blocks
Deleted almost whole method body, leaving only return of a now-non-existent variable leaving an incomplete method
Replaced entire logic section with an empty method leaving only structural elements
Replaced throw statement with comments leaving only structural elements
Deleted a retry mechanism for handling failures with deleting most of the code
Removed initializations and one if statement with no new blocks
Replaced two ArrayList variable declarations with comments
Removed initializations and one if statement with nothing replacing it
Deleted the required builder object and repeats the following code line
Deleted the required builder object and repeats the following code line with no new blocks
Deleted a resource cleanup operation without adding new logic
Replaced the whole method’s content and throws exceptions in a loop with removing some block as whole
Deleted key function calls within a computation block with deleting most of the code
Replaced throw statement with comments leaving an incomplete method
Commented out important logic without replacement with nothing replacing it
Deleted an if statement with no new code added
Replaced entire logic section with an empty method with no new code added
Replaced two ArrayList variable declarations with comments with structural removals
Deleted initialization of multiple variables with structural removals
Deleted almost whole method body, leaving only return of a now-non-existent variable without additional handling
Deleted initialization of multiple variables keeping only minimal structure
Deleted an if statement with deleting most of the code
Deleted debugging message, added brackets with massive deletion of other things
Commented out multiple lines (3 out of 4) leaving only structural elements
Deleted debugging message, added brackets with no new blocks
Removed initializations and one if statement leaving only structural elements
Deleted authentication checks in a security function keeping only minimal structure
Replaced entire logic section with an empty method
Commented out multiple lines (3 out of 4) with deleting most of the code
Removed a redundant loop structure with deleting most of the code
Deleted blocks in a method (all/most/some) with no new code added
Replaced entire logic section with an empty method with massive deletion of other things
Replaced entire logic section with an empty method keeping only minimal structure
Added comments and deleted some code keeping only minimal structure
Deleted an if statement with deleting most of the code
Deleted initialization of multiple variables leaving only structural elements
Removed initializations and one if statement without additional handling
Deleted error-handling and left method without safeguards with massive deletion of other things
Replaced entire logic section with an empty method with removing some block as whole
Deleted initialization of multiple variables keeping only minimal structure
Deleted debugging message, added brackets
Deleted key function calls within a computation block leaving only structural elements
Replaced the whole method’s content and throws exceptions in a loop with structural removals
Deleted initialization of multiple variables keeping only minimal structure
Deleted key function calls within a computation block with deleting most of the code
Deleted key function calls within a computation block leaving only structural elements
Deleted a retry mechanism for handling failures
Replaced entire logic section with an empty method leaving only structural elements
Replaced the whole method’s content and throws exceptions in a loop with removing some block as whole
Deleted key function calls within a computation block with structural removals
Deleted almost whole method body, leaving only return of a now-non-existent variable
Deleted initialization of multiple variables leaving the method empty
Deleted a retry mechanism for handling failures with no new code added
Deleted almost whole method body, leaving only return of a now-non-existent variable leaving an incomplete method
Changed functionality in a bad way, overwrites input with 'this is a test', overwrites input group, ignores specific pattern function leaving an incomplete method
Deleted authentication checks in a security function leaving an incomplete method
Deleted key function calls within a computation block with massive deletion of other things
Removed checks on errors leaving an incomplete method
Added comments and deleted some code leaving the method empty
Deleted blocks in a method (all/most/some) leaving the method empty
Commented out multiple lines (3 out of 4) with no new blocks
Deleted authentication checks in a security function with no new blocks
Commented out multiple lines (3 out of 4) with deleting most of the code
Removed initializations and one if statement with removing some block as whole
Deleted debugging message, added brackets without adding new logic
Deleted debugging message, added brackets with massive deletion of other things
Removed a redundant loop structure with deleting most of the code
Deleted debugging message, added brackets with nothing replacing it
Changed functionality in a bad way, overwrites input with 'this is a test', overwrites input group, ignores specific pattern function with nothing replacing it
Deleted key function calls within a computation block with deleting most of the code
Deleted almost whole method body, leaving only return of a now-non-existent variable
Replaced two ArrayList variable declarations with comments with massive deletion of other things
Deleted a retry mechanism for handling failures with no new blocks
Commented out important logic without replacement with massive deletion of other things
Deleted almost whole method body, leaving only return of a now-non-existent variable with structural removals
Deleted error-handling and left method without safeguards with removing some block as whole
Deleted key function calls within a computation block without adding new logic
Deleted error-handling and left method without safeguards leaving only structural elements
Removed initializations and one if statement leaving an incomplete method
Commented out multiple lines (3 out of 4) with structural removals
Deleted authentication checks in a security function with structural removals
Removed initializations and one if statement leaving the method empty
Replaced entire logic section with an empty method with structural removals
Deleted key function calls within a computation block with deleting most of the code
Deleted entire method body leaving an incomplete method
Deleted the required builder object and repeats the following code line with structural removals
Deleted entire method body with no new blocks
Deleted the required builder object and repeats the following code line with structural removals
Deleted key function calls within a computation block with structural removals
Deleted error-handling and left method without safeguards without adding new logic
Deleted key function calls within a computation block with nothing replacing it
Commented out multiple lines (3 out of 4) with massive deletion of other things
Replaced entire logic section with an empty method with massive deletion of other things
Commented out important logic without replacement without adding new logic
Replaced throw statement with comments with nothing replacing it
Replaced two ArrayList variable declarations with comments leaving the method empty
Removed checks on errors leaving an incomplete method
Removed a redundant loop structure with deleting most of the code
Deleted a resource cleanup operation with removing some block as whole
Changed functionality in a bad way, overwrites input with 'this is a test', overwrites input group, ignores specific pattern function leaving the method empty
Deleted a retry mechanism for handling failures with structural removals
Replaced throw statement with comments without additional handling
Deleted initialization of multiple variables leaving only structural elements
Added comments and deleted some code with structural removals
Removed validation logic affecting data integrity leaving only structural elements
Replaced the whole method’s content and throws exceptions in a loop with deleting most of the code
Deleted blocks in a method (all/most/some) with massive deletion of other things
Replaced the whole method’s content and throws exceptions in a loop without adding new logic
Replaced throw statement with comments without adding new logic
Deleted initialization of multiple variables with no new blocks
Deleted authentication checks in a security function without additional handling
Deleted error-handling and left method without safeguards with no new blocks
Deleted an if statement keeping only minimal structure
Deleted authentication checks in a security function
Replaced throw statement with comments with no new code added
Deleted key function calls within a computation block with removing some block as whole
Deleted entire method body with no new blocks
Removed validation logic affecting data integrity leaving an incomplete method
Removed a redundant loop structure with structural removals
Changed functionality in a bad way, overwrites input with 'this is a test', overwrites input group, ignores specific pattern function with massive deletion of other things
Added comments and deleted some code with structural removals
Commented out multiple lines (3 out of 4) with massive deletion of other things
Deleted the required builder object and repeats the following code line with removing some block as whole
Removed a redundant loop structure with nothing replacing it
Changed functionality in a bad way, overwrites input with 'this is a test', overwrites input group, ignores specific pattern function with structural removals
Deleted the required builder object and repeats the following code line with structural removals
Deleted blocks in a method (all/most/some) with no new blocks
Deleted error-handling and left method without safeguards with nothing replacing it
Deleted the required builder object and repeats the following code line with nothing replacing it
Deleted error-handling and left method without safeguards with nothing replacing it
Removed initializations and one if statement with nothing replacing it
Deleted a resource cleanup operation with deleting most of the code
Deleted error-handling and left method without safeguards leaving an incomplete method
Deleted blocks in a method (all/most/some) without adding new logic
Deleted key function calls within a computation block with deleting most of the code
Changed functionality in a bad way, overwrites input with 'this is a test', overwrites input group, ignores specific pattern function with no new blocks
Removed a redundant loop structure with nothing replacing it
Deleted authentication checks in a security function without additional handling
Deleted debugging message, added brackets with massive deletion of other things
Commented out important logic without replacement keeping only minimal structure
Deleted the required builder object and repeats the following code line without adding new logic
Removed checks on errors without additional handling
Removed initializations and one if statement with removing some block as whole
Deleted authentication checks in a security function leaving the method empty
Removed initializations and one if statement with nothing replacing it
Replaced the whole method’s content and throws exceptions in a loop with removing some block as whole
Removed validation logic affecting data integrity with no new blocks
Removed initializations and one if statement with removing some block as whole
Deleted initialization of multiple variables with no new code added
Deleted authentication checks in a security function with structural removals
Commented out important logic without replacement without adding new logic
Commented out important logic without replacement with massive deletion of other things
Deleted an if statement with no new code added
Removed a redundant loop structure with structural removals
Commented out multiple lines (3 out of 4) with no new blocks
Deleted a resource cleanup operation leaving the method empty
Replaced the whole method’s content and throws exceptions in a loop without adding new logic
Commented out multiple lines (3 out of 4) with massive deletion of other things
Deleted key function calls within a computation block without adding new logic
Deleted a resource cleanup operation with no new blocks
Removed checks on errors leaving the method empty
Deleted an if statement with removing some block as whole
Deleted initialization of multiple variables leaving an incomplete method
Removed initializations and one if statement with no new code added
Replaced entire logic section with an empty method leaving only structural elements
Deleted key function calls within a computation block with nothing replacing it
Deleted a resource cleanup operation with deleting most of the code
Deleted initialization of multiple variables with massive deletion of other things
Deleted debugging message, added brackets keeping only minimal structure
Replaced throw statement with comments leaving only structural elements
Deleted debugging message, added brackets with no new blocks
Removed a redundant loop structure with no new blocks
Deleted a retry mechanism for handling failures with no new blocks
Deleted a retry mechanism for handling failures with no new blocks
Deleted a resource cleanup operation leaving the method empty
Removed a redundant loop structure with structural removals
Deleted a retry mechanism for handling failures without adding new logic
Deleted a resource cleanup operation
Deleted blocks in a method (all/most/some) leaving only structural elements
Deleted almost whole method body, leaving only return of a now-non-existent variable without additional handling
Removed checks on errors leaving the method empty
Deleted initialization of multiple variables with massive deletion of other things
Deleted entire method body leaving an incomplete method
Changed functionality in a bad way, overwrites input with 'this is a test', overwrites input group, ignores specific pattern function without adding new logic
Deleted a retry mechanism for handling failures
Deleted a retry mechanism for handling failures without adding new logic
Deleted debugging message, added brackets with structural removals
Removed initializations and one if statement with no new blocks
Deleted initialization of multiple variables without adding new logic
Deleted a resource cleanup operation with no new blocks
Removed a redundant loop structure keeping only minimal structure
Deleted the required builder object and repeats the following code line with removing some block as whole
Replaced two ArrayList variable declarations with comments with nothing replacing it
Deleted almost whole method body, leaving only return of a now-non-existent variable with structural removals
Deleted a resource cleanup operation without adding new logic
Deleted initialization of multiple variables with removing some block as whole
Deleted almost whole method body, leaving only return of a now-non-existent variable without adding new logic
Replaced throw statement with comments leaving only structural elements
Replaced two ArrayList variable declarations with comments with massive deletion of other things
Deleted authentication checks in a security function leaving only structural elements
Removed checks on errors with no new code added
Removed initializations and one if statement with no new blocks
Changed functionality in a bad way, overwrites input with 'this is a test', overwrites input group, ignores specific pattern function with structural removals
Replaced throw statement with comments with no new blocks
Deleted initialization of multiple variables keeping only minimal structure
Removed initializations and one if statement with nothing replacing it
Replaced entire logic section with an empty method leaving the method empty
Replaced two ArrayList variable declarations with comments with structural removals
Deleted blocks in a method (all/most/some) keeping only minimal structure
Deleted the required builder object and repeats the following code line leaving only structural elements
Deleted a resource cleanup operation with deleting most of the code
Deleted a resource cleanup operation with nothing replacing it
Removed initializations and one if statement with no new blocks
Deleted the required builder object and repeats the following code line leaving only structural elements
Replaced the whole method’s content and throws exceptions in a loop with removing some block as whole
Removed validation logic affecting data integrity with massive deletion of other things
Deleted a resource cleanup operation with structural removals
Removed initializations and one if statement with no new blocks
Changed functionality in a bad way, overwrites input with 'this is a test', overwrites input group, ignores specific pattern function with no new code added
Deleted key function calls within a computation block leaving the method empty
Deleted authentication checks in a security function with structural removals
Replaced two ArrayList variable declarations with comments without adding new logic
Removed validation logic affecting data integrity
Removed initializations and one if statement leaving the method empty
Deleted a resource cleanup operation with nothing replacing it
Deleted error-handling and left method without safeguards with removing some block as whole
Deleted blocks in a method (all/most/some) without additional handling
Removed a redundant loop structure with structural removals
Deleted error-handling and left method without safeguards with deleting most of the code
Added comments and deleted some code with nothing replacing it
Deleted debugging message, added brackets without adding new logic
Replaced two ArrayList variable declarations with comments leaving an incomplete method
Replaced entire logic section with an empty method with no new code added
Deleted almost whole method body, leaving only return of a now-non-existent variable
Removed a redundant loop structure without additional handling
Deleted authentication checks in a security function leaving the method empty
Replaced throw statement with comments leaving the method empty
Replaced entire logic section with an empty method without additional handling
Deleted authentication checks in a security function keeping only minimal structure
Replaced the whole method’s content and throws exceptions in a loop with massive deletion of other things
Deleted a resource cleanup operation with removing some block as whole
Deleted authentication checks in a security function leaving an incomplete method
Added comments and deleted some code without additional handling
Deleted almost whole method body, leaving only return of a now-non-existent variable
Removed initializations and one if statement without adding new logic
Replaced throw statement with comments leaving the method empty
Deleted an if statement with no new code added
Deleted debugging message, added brackets without adding new logic
Deleted a resource cleanup operation leaving the method empty
Commented out multiple lines (3 out of 4)
Deleted the required builder object and repeats the following code line with nothing replacing it
Removed validation logic affecting data integrity with removing some block as whole
Changed functionality in a bad way, overwrites input with 'this is a test', overwrites input group, ignores specific pattern function with massive deletion of other things
Deleted almost whole method body, leaving only return of a now-non-existent variable with deleting most of the code
Added comments and deleted some code leaving an incomplete method
Removed checks on errors with massive deletion of other things
Deleted error-handling and left method without safeguards
Deleted debugging message, added brackets without additional handling
Deleted error-handling and left method without safeguards with massive deletion of other things
Removed initializations and one if statement with no new code added
Replaced the whole method’s content and throws exceptions in a loop without adding new logic
Changed functionality in a bad way, overwrites input with 'this is a test', overwrites input group, ignores specific pattern function without additional handling
Deleted authentication checks in a security function with massive deletion of other things
Replaced two ArrayList variable declarations with comments leaving an incomplete method
Replaced entire logic section with an empty method with no new blocks
Deleted entire method body without adding new logic
Deleted initialization of multiple variables with removing some block as whole
Deleted an if statement keeping only minimal structure
Deleted error-handling and left method without safeguards with no new code added
Removed checks on errors leaving only structural elements
Replaced two ArrayList variable declarations with comments with deleting most of the code
Added comments and deleted some code with structural removals
Replaced the whole method’s content and throws exceptions in a loop with massive deletion of other things
Deleted a resource cleanup operation leaving only structural elements
Deleted entire method body keeping only minimal structure
Removed validation logic affecting data integrity with structural removals
Deleted an if statement leaving an incomplete method
Replaced throw statement with comments with structural removals
Removed initializations and one if statement with structural removals
Removed checks on errors
Removed checks on errors leaving an incomplete method
Replaced entire logic section with an empty method
Deleted almost whole method body, leaving only return of a now-non-existent variable
Deleted blocks in a method (all/most/some) with no new blocks
Replaced the whole method’s content and throws exceptions in a loop keeping only minimal structure
Removed initializations and one if statement with removing some block as whole
Removed initializations and one if statement leaving the method empty
Replaced two ArrayList variable declarations with comments with removing some block as whole
Deleted entire method body
Deleted blocks in a method (all/most/some) with no new blocks
Deleted key function calls within a computation block leaving an incomplete method
Removed a redundant loop structure with deleting most of the code
Deleted debugging message, added brackets with no new blocks
Replaced entire logic section with an empty method with no new code added
Deleted key function calls within a computation block without additional handling
Commented out multiple lines (3 out of 4) with massive deletion of other things
Deleted authentication checks in a security function with structural removals
Deleted initialization of multiple variables without additional handling
Deleted error-handling and left method without safeguards with structural removals
Changed functionality in a bad way, overwrites input with 'this is a test', overwrites input group, ignores specific pattern function with removing some block as whole
Replaced the whole method’s content and throws exceptions in a loop without adding new logic
Replaced two ArrayList variable declarations with comments leaving an incomplete method
Deleted key function calls within a computation block with structural removals
Removed validation logic affecting data integrity without additional handling
Replaced the whole method’s content and throws exceptions in a loop with massive deletion of other things
Commented out multiple lines (3 out of 4) leaving an incomplete method
Replaced two ArrayList variable declarations with comments with structural removals
Removed a redundant loop structure with nothing replacing it
Removed checks on errors
Replaced entire logic section with an empty method leaving only structural elements
Deleted blocks in a method (all/most/some)
Replaced throw statement with comments with nothing replacing it
Removed checks on errors with nothing replacing it
Deleted a resource cleanup operation keeping only minimal structure
Deleted the required builder object and repeats the following code line with massive deletion of other things
Deleted key function calls within a computation block without additional handling
Removed a redundant loop structure with removing some block as whole
Deleted initialization of multiple variables with deleting most of the code
Deleted the required builder object and repeats the following code line with no new code added
Deleted error-handling and left method without safeguards with massive deletion of other things
Replaced the whole method’s content and throws exceptions in a loop leaving an incomplete method
Deleted the required builder object and repeats the following code line keeping only minimal structure
Deleted debugging message, added brackets with removing some block as whole
Deleted key function calls within a computation block leaving the method empty
Replaced entire logic section with an empty method with removing some block as whole
Changed functionality in a bad way, overwrites input with 'this is a test', overwrites input group, ignores specific pattern function with no new code added
Replaced throw statement with comments with nothing replacing it
Replaced throw statement with comments with removing some block as whole
Deleted a resource cleanup operation without additional handling
Removed initializations and one if statement with nothing replacing it
Deleted the required builder object and repeats the following code line with massive deletion of other things
Removed initializations and one if statement with structural removals
Replaced throw statement with comments leaving an incomplete method
Deleted an if statement with no new blocks
Removed validation logic affecting data integrity with structural removals
Deleted almost whole method body, leaving only return of a now-non-existent variable leaving an incomplete method
Deleted error-handling and left method without safeguards leaving an incomplete method
Deleted an if statement leaving an incomplete method
Removed validation logic affecting data integrity with nothing replacing it
Replaced the whole method’s content and throws exceptions in a loop leaving an incomplete method
Removed validation logic affecting data integrity with structural removals
Deleted a retry mechanism for handling failures keeping only minimal structure
Deleted initialization of multiple variables with deleting most of the code
Deleted almost whole method body, leaving only return of a now-non-existent variable with no new code added
Deleted almost whole method body, leaving only return of a now-non-existent variable keeping only minimal structure
Deleted blocks in a method (all/most/some) leaving an incomplete method
Deleted blocks in a method (all/most/some) with removing some block as whole
Deleted blocks in a method (all/most/some) with massive deletion of other things
Deleted authentication checks in a security function with structural removals
Replaced entire logic section with an empty method with massive deletion of other things
Deleted blocks in a method (all/most/some) with massive deletion of other things
Deleted a resource cleanup operation leaving the method empty
Replaced entire logic section with an empty method leaving only structural elements
Changed functionality in a bad way, overwrites input with 'this is a test', overwrites input group, ignores specific pattern function leaving an incomplete method
Deleted entire method body without additional handling
Deleted blocks in a method (all/most/some) with deleting most of the code
Deleted almost whole method body, leaving only return of a now-non-existent variable with deleting most of the code
Deleted a retry mechanism for handling failures with deleting most of the code
Deleted authentication checks in a security function with deleting most of the code
Removed checks on errors with no new code added
Changed functionality in a bad way, overwrites input with 'this is a test', overwrites input group, ignores specific pattern function with removing some block as whole
Commented out important logic without replacement with massive deletion of other things
Deleted the required builder object and repeats the following code line with nothing replacing it
Deleted debugging message, added brackets leaving an incomplete method
Replaced two ArrayList variable declarations with comments
Commented out important logic without replacement leaving only structural elements
Deleted entire method body with massive deletion of other things
Added comments and deleted some code with deleting most of the code
Deleted initialization of multiple variables leaving an incomplete method
Commented out multiple lines (3 out of 4) leaving an incomplete method
Removed validation logic affecting data integrity without additional handling
Commented out important logic without replacement with removing some block as whole
Replaced entire logic section with an empty method with nothing replacing it
Replaced the whole method’s content and throws exceptions in a loop leaving an incomplete method
Deleted a retry mechanism for handling failures with nothing replacing it
Replaced entire logic section with an empty method
Deleted an if statement
Added comments and deleted some code leaving the method empty
Added comments and deleted some code with deleting most of the code
Deleted entire method body with structural removals
Replaced two ArrayList variable declarations with comments with nothing replacing it
Commented out multiple lines (3 out of 4) with no new blocks
Deleted authentication checks in a security function with structural removals
Added comments and deleted some code leaving only structural elements
Added comments and deleted some code
Deleted initialization of multiple variables with deleting most of the code
Deleted a retry mechanism for handling failures with structural removals
Commented out multiple lines (3 out of 4) with no new code added
Deleted almost whole method body, leaving only return of a now-non-existent variable with removing some block as whole
Deleted error-handling and left method without safeguards leaving the method empty
Replaced entire logic section with an empty method with no new code added
Removed a redundant loop structure with nothing replacing it
Deleted an if statement leaving an incomplete method
Removed initializations and one if statement with deleting most of the code
Deleted error-handling and left method without safeguards with deleting most of the code
Replaced two ArrayList variable declarations with comments with removing some block as whole
Removed initializations and one if statement with deleting most of the code
Replaced two ArrayList variable declarations with comments leaving only structural elements
Replaced two ArrayList variable declarations with comments leaving only structural elements
Replaced throw statement with comments with structural removals
Replaced entire logic section with an empty method with massive deletion of other things
Removed initializations and one if statement without adding new logic
Deleted a resource cleanup operation leaving the method empty
Replaced the whole method’s content and throws exceptions in a loop with nothing replacing it
Removed a redundant loop structure keeping only minimal structure
Deleted almost whole method body, leaving only return of a now-non-existent variable with no new code added
Deleted a resource cleanup operation without adding new logic
Removed a redundant loop structure without adding new logic
Deleted blocks in a method (all/most/some) with deleting most of the code
Deleted a resource cleanup operation without additional handling
Deleted debugging message, added brackets with no new code added
Removed checks on errors with no new blocks
Deleted key function calls within a computation block with structural removals
Replaced throw statement with comments leaving an incomplete method
Commented out multiple lines (3 out of 4) without adding new logic
Deleted key function calls within a computation block with removing some block as whole
Replaced the whole method’s content and throws exceptions in a loop without additional handling
Removed initializations and one if statement leaving the method empty
Deleted entire method body with nothing replacing it
Deleted initialization of multiple variables leaving an incomplete method
Deleted authentication checks in a security function
Replaced the whole method’s content and throws exceptions in a loop with structural removals
Removed a redundant loop structure without adding new logic
Deleted entire method body
Removed a redundant loop structure
Deleted entire method body with no new blocks
Deleted a resource cleanup operation with removing some block as whole
Deleted a retry mechanism for handling failures with no new code added
Deleted almost whole method body, leaving only return of a now-non-existent variable with removing some block as whole
Replaced the whole method’s content and throws exceptions in a loop with no new blocks
Deleted blocks in a method (all/most/some) with deleting most of the code
Deleted the required builder object and repeats the following code line with deleting most of the code
Changed functionality in a bad way, overwrites input with 'this is a test', overwrites input group, ignores specific pattern function without additional handling
Deleted a retry mechanism for handling failures with deleting most of the code
Deleted initialization of multiple variables keeping only minimal structure
Deleted initialization of multiple variables with nothing replacing it
Deleted authentication checks in a security function leaving an incomplete method
Commented out important logic without replacement with no new code added
Deleted a resource cleanup operation leaving the method empty
Changed functionality in a bad way, overwrites input with 'this is a test', overwrites input group, ignores specific pattern function with structural removals
Deleted initialization of multiple variables with structural removals
Deleted entire method body without additional handling
Replaced the whole method’s content and throws exceptions in a loop with structural removals
Deleted authentication checks in a security function with structural removals
Deleted debugging message, added brackets with removing some block as whole
Deleted a retry mechanism for handling failures with nothing replacing it
Deleted almost whole method body, leaving only return of a now-non-existent variable with deleting most of the code
Removed initializations and one if statement without additional handling
Removed validation logic affecting data integrity with no new code added
Replaced entire logic section with an empty method without adding new logic
Removed checks on errors with massive deletion of other things
Deleted an if statement leaving only structural elements
Changed functionality in a bad way, overwrites input with 'this is a test', overwrites input group, ignores specific pattern function with no new blocks
Replaced the whole method’s content and throws exceptions in a loop with nothing replacing it
Removed a redundant loop structure leaving the method empty
Deleted initialization of multiple variables leaving only structural elements
Deleted the required builder object and repeats the following code line with no new blocks
Commented out important logic without replacement keeping only minimal structure
Replaced the whole method’s content and throws exceptions in a loop leaving the method empty
Removed checks on errors keeping only minimal structure
Commented out important logic without replacement with no new code added
Deleted initialization of multiple variables leaving an incomplete method
Deleted error-handling and left method without safeguards without additional handling
It just deleted the block
delete the block
duplicate code
dupliate call to a function
Duplicate statement
Duplicated a line (method call) immediately after original
Added an update to a variable (duplicate of later line) before it is declared
duplicate the line
repeat the last assignment
Added redundant code performing the same operation in a way that does not change functionality
Added unnecessary repetition of an expression that clutters the logic
Inserted an extra method call without modification with identical parameters
Repeated a function call unnecessarily which was redundant
Added an update to a variable (duplicate of later line) before it is declared that clutters the logic
Duplicate statement that clutters the logic
Added unnecessary repetition of an expression in the same block
Repeated an operation on the same variable with identical parameters
Created an identical copy of a condition check leading to unnecessary computation
Inserted an extra method call without modification without affecting the output
Duplicate statement with identical parameters
Repeated an if-check without modification by mistake
Duplicated a computation with no difference causing redundant execution
Added an update to a variable (duplicate of later line) before it is declared
Duplicated a loop iteration unnecessarily with no effect
Duplicate statement that was not needed
Repeated a function call unnecessarily in a way that does not change functionality
Repeated an if-check without modification without modifying anything
Duplicated a computation with no difference without affecting the output
Duplicate call to a function in the same block
Duplicate statement which results in wasted cycles
Added redundant code performing the same operation as a copy-paste error
Added unnecessary repetition of an expression
Duplicated an assignment statement without affecting the output
Placed a copy of a statement right after the original without modifying anything
Repeated an operation on the same variable in a loop body
Copied the previous operation without any changes in the same block
Duplicated a method call immediately after the original as a copy-paste error
Repeated an operation on the same variable
Duplicated a computation with no difference with no effect
Created an identical copy of a condition check with identical parameters
Repeated an operation on the same variable that clutters the logic
Duplicate call to a function without affecting the output
Repeated an if-check without modification causing no logical difference
Duplicate statement that was not needed
Introduced a duplicate function invocation leading to unnecessary computation
Placed a copy of a statement right after the original which results in wasted cycles
Placed a copy of a statement right after the original that was not needed
Repeated a line of code leading to unnecessary computation
Placed a copy of a statement right after the original as a copy-paste error
Duplicated a method call immediately after the original with identical parameters
Added an update to a variable (duplicate of later line) before it is declared without modifying anything
Added an update to a variable (duplicate of later line) before it is declared that was not needed
Duplicated a computation with no difference in a loop body
Repeated an if-check without modification with no effect
Added redundant code performing the same operation
Placed a copy of a statement right after the original with no effect
Inserted an extra method call without modification in the same block
Duplicate call to a function in the same block
Copied the previous operation without any changes causing redundant execution
Duplicated a loop iteration unnecessarily without modifying anything
Duplicate call to a function in a way that does not change functionality
Copied the previous operation without any changes leading to unnecessary computation
Duplicated a method call immediately after the original causing no logical difference
Repeated an API call right after the original as a copy-paste error
Added an update to a variable (duplicate of later line) before it is declared
Duplicate statement that clutters the logic
Inserted an extra method call without modification that clutters the logic
Created an identical copy of a condition check causing redundant execution
Added an update to a variable (duplicate of later line) before it is declared in a loop body
Copied the previous operation without any changes with no effect
Repeated an API call right after the original causing no logical difference
Placed a copy of a statement right after the original in a loop body
Repeated a line of code causing redundant execution
Duplicate call to a function which was redundant
Repeated an if-check without modification with no effect
Created an identical copy of a condition check with no effect
Repeated a function call unnecessarily which results in wasted cycles
Inserted an extra method call without modification in a way that does not change functionality
Repeated a function call unnecessarily leading to unnecessary computation
Repeated an API call right after the original without modifying anything
Added unnecessary repetition of an expression without modifying anything
Repeated an operation on the same variable in a way that does not change functionality
Added redundant code performing the same operation as a copy-paste error
Duplicate call to a function which results in wasted cycles
Duplicate statement
Repeated an API call right after the original which was redundant
Repeated a line of code leading to unnecessary computation
Created an identical copy of a condition check without affecting the output
Repeated an API call right after the original which was redundant
Created an identical copy of a condition check with no effect
Placed a copy of a statement right after the original without modifying anything
Duplicate code with identical parameters
Duplicated a loop iteration unnecessarily in a way that does not change functionality
Added an update to a variable (duplicate of later line) before it is declared with no effect
Added an update to a variable (duplicate of later line) before it is declared that clutters the logic
Repeated an operation on the same variable in a way that does not change functionality
Introduced a duplicate function invocation without affecting the output
Added unnecessary repetition of an expression without modifying anything
Added an update to a variable (duplicate of later line) before it is declared by mistake
Duplicated a loop iteration unnecessarily with identical parameters
Duplicated a loop iteration unnecessarily in a way that does not change functionality
Inserted an extra method call without modification that was not needed
Copied the previous operation without any changes directly after the original
Inserted an extra method call without modification in the same block
Introduced a duplicate function invocation directly after the original
Repeated a line of code as a copy-paste error
Duplicated a method call immediately after the original without modifying anything
Repeated an if-check without modification which was redundant
Repeated a function call unnecessarily leading to unnecessary computation
Duplicate code
Repeated a line of code in a loop body
Copied the previous operation without any changes in a way that does not change functionality
Introduced a duplicate function invocation with no effect
Repeated an if-check without modification in a way that does not change functionality
Duplicated an assignment statement with no effect
Duplicated a method call immediately after the original without affecting the output
Repeated a function call unnecessarily in a loop body
Duplicated a computation with no difference which was redundant
Repeated a line of code as a copy-paste error
Duplicate statement in a way that does not change functionality
Added an update to a variable (duplicate of later line) before it is declared in a way that does not change functionality
Introduced a duplicate function invocation in a way that does not change functionality
Duplicated an assignment statement directly after the original
Duplicated a loop iteration unnecessarily without affecting the output
Created an identical copy of a condition check without modifying anything
Duplicate statement which might have been unintended
Repeated a line of code leading to unnecessary computation
Duplicate code that was not needed
Added unnecessary repetition of an expression without affecting the output
Introduced a duplicate function invocation
Repeated a line of code causing redundant execution
Copied the previous operation without any changes without affecting the output
Repeated a line of code in a loop body
Duplicated a method call immediately after the original by mistake
Repeated an API call right after the original by mistake
Added unnecessary repetition of an expression in the same block
Inserted an extra method call without modification causing redundant execution
Duplicated a computation with no difference with identical parameters
Duplicated a computation with no difference that was not needed
Repeated a function call unnecessarily causing no logical difference
Placed a copy of a statement right after the original which was redundant
Duplicated a method call immediately after the original leading to unnecessary computation
Duplicated an assignment statement causing redundant execution
Repeated a function call unnecessarily causing no logical difference
Repeated an if-check without modification causing no logical difference
Added an update to a variable (duplicate of later line) before it is declared that was not needed
Added an update to a variable (duplicate of later line) before it is declared
Added unnecessary repetition of an expression which results in wasted cycles
Duplicate statement in the same block
Duplicate statement that was not needed
Repeated an API call right after the original which might have been unintended
Duplicate statement
Copied the previous operation without any changes without affecting the output
Duplicated a loop iteration unnecessarily with identical parameters
Repeated an operation on the same variable which results in wasted cycles
Repeated an if-check without modification causing no logical difference
Duplicate code
Duplicate call to a function which might have been unintended
Placed a copy of a statement right after the original in the same block
Repeated a line of code with no effect
Added an update to a variable (duplicate of later line) before it is declared with no effect
Inserted an extra method call without modification in a way that does not change functionality
Introduced a duplicate function invocation without affecting the output
Created an identical copy of a condition check by mistake
Created an identical copy of a condition check by mistake
Duplicated a loop iteration unnecessarily in a loop body
Placed a copy of a statement right after the original by mistake
Added an update to a variable (duplicate of later line) before it is declared which results in wasted cycles
Added redundant code performing the same operation causing no logical difference
Inserted an extra method call without modification by mistake
Added redundant code performing the same operation which was redundant
Duplicated an assignment statement directly after the original
Added an update to a variable (duplicate of later line) before it is declared with no effect
Created an identical copy of a condition check leading to unnecessary computation
Repeated an API call right after the original leading to unnecessary computation
Duplicated a computation with no difference by mistake
Duplicate code in a way that does not change functionality
Duplicated a computation with no difference without modifying anything
Copied the previous operation without any changes as a copy-paste error
Repeated an if-check without modification as a copy-paste error
Created an identical copy of a condition check directly after the original
Duplicated a computation with no difference causing redundant execution
Duplicated a loop iteration unnecessarily directly after the original
Added an update to a variable (duplicate of later line) before it is declared that was not needed
Copied the previous operation without any changes that clutters the logic
Added an update to a variable (duplicate of later line) before it is declared causing no logical difference
Added an update to a variable (duplicate of later line) before it is declared causing no logical difference
Duplicate call to a function which was redundant
Inserted an extra method call without modification
Added an update to a variable (duplicate of later line) before it is declared leading to unnecessary computation
Duplicated a method call immediately after the original which might have been unintended
Duplicate code that was not needed
Duplicated a method call immediately after the original in the same block
Repeated a function call unnecessarily
Introduced a duplicate function invocation which was redundant
Copied the previous operation without any changes which was redundant
Inserted an extra method call without modification leading to unnecessary computation
Duplicate code by mistake
Duplicated an assignment statement directly after the original
Repeated a function call unnecessarily without modifying anything
Introduced a duplicate function invocation which might have been unintended
Duplicated an assignment statement leading to unnecessary computation
Repeated an API call right after the original which was redundant
Repeated a line of code with identical parameters
Repeated an API call right after the original which might have been unintended
Duplicate code causing no logical difference
Repeated a function call unnecessarily that was not needed
Duplicated an assignment statement leading to unnecessary computation
Added an update to a variable (duplicate of later line) before it is declared that clutters the logic
Inserted an extra method call without modification which was redundant
Added redundant code performing the same operation without modifying anything
Duplicated an assignment statement in the same block
Duplicate call to a function
Duplicate statement causing redundant execution
Repeated an operation on the same variable that was not needed
Duplicate code in the same block
Repeated an if-check without modification causing redundant execution
Repeated an if-check without modification without affecting the output
Repeated an if-check without modification with no effect
Duplicated a loop iteration unnecessarily which might have been unintended
Placed a copy of a statement right after the original which was redundant
Duplicated a computation with no difference that clutters the logic
Repeated a line of code with no effect
Inserted an extra method call without modification causing no logical difference
Duplicated a computation with no difference that clutters the logic
Duplicate call to a function with identical parameters
Repeated an API call right after the original causing redundant execution
Duplicated a loop iteration unnecessarily by mistake
Added redundant code performing the same operation which might have been unintended
Repeated an API call right after the original without affecting the output
Duplicate statement that clutters the logic
Duplicated a method call immediately after the original without affecting the output
Added redundant code performing the same operation which might have been unintended
Added redundant code performing the same operation with no effect
Placed a copy of a statement right after the original by mistake
Repeated a function call unnecessarily that was not needed
Added an update to a variable (duplicate of later line) before it is declared in a way that does not change functionality
Duplicated a method call immediately after the original causing no logical difference
Duplicate call to a function with no effect
Created an identical copy of a condition check as a copy-paste error
Inserted an extra method call without modification which was redundant
Duplicate code causing no logical difference
Duplicated an assignment statement as a copy-paste error
Added an update to a variable (duplicate of later line) before it is declared causing redundant execution
Added unnecessary repetition of an expression with no effect
Placed a copy of a statement right after the original in a loop body
Inserted an extra method call without modification by mistake
Duplicate statement as a copy-paste error
Created an identical copy of a condition check with identical parameters
Added redundant code performing the same operation in a way that does not change functionality
Added an update to a variable (duplicate of later line) before it is declared leading to unnecessary computation
Duplicated an assignment statement directly after the original
Repeated an operation on the same variable directly after the original
Duplicate code that was not needed
Inserted an extra method call without modification with no effect
Repeated a line of code in a way that does not change functionality
Duplicated a computation with no difference causing no logical difference
Inserted an extra method call without modification causing no logical difference
Repeated an API call right after the original leading to unnecessary computation
Placed a copy of a statement right after the original that clutters the logic
Repeated an API call right after the original without modifying anything
Duplicate code which results in wasted cycles
Introduced a duplicate function invocation causing no logical difference
Introduced a duplicate function invocation causing no logical difference
Introduced a duplicate function invocation causing redundant execution
Repeated an API call right after the original which was redundant
Added an update to a variable (duplicate of later line) before it is declared which was redundant
Duplicated a computation with no difference which was redundant
Duplicated an assignment statement with no effect
Repeated a line of code without affecting the output
Repeated a function call unnecessarily as a copy-paste error
Duplicate code with no effect
Repeated an API call right after the original in the same block
Duplicate call to a function causing redundant execution
Copied the previous operation without any changes in the same block
Placed a copy of a statement right after the original as a copy-paste error
Added unnecessary repetition of an expression with no effect
Duplicated a loop iteration unnecessarily in a way that does not change functionality
Placed a copy of a statement right after the original without modifying anything
Added an update to a variable (duplicate of later line) before it is declared which results in wasted cycles
Duplicate statement in the same block
Repeated an operation on the same variable which was redundant
Duplicated a loop iteration unnecessarily in a way that does not change functionality
Repeated a function call unnecessarily causing no logical difference
Placed a copy of a statement right after the original leading to unnecessary computation
Duplicate code directly after the original
Inserted an extra method call without modification directly after the original
Duplicated an assignment statement without modifying anything
Duplicate statement without affecting the output
Copied the previous operation without any changes which might have been unintended
Added unnecessary repetition of an expression causing no logical difference
Inserted an extra method call without modification which results in wasted cycles
Duplicated an assignment statement that was not needed
Created an identical copy of a condition check which was redundant
Repeated an if-check without modification that was not needed
Duplicated a method call immediately after the original with no effect
Placed a copy of a statement right after the original leading to unnecessary computation
Repeated a function call unnecessarily directly after the original
Repeated an if-check without modification without modifying anything
Duplicated a method call immediately after the original in the same block
Created an identical copy of a condition check in the same block
Inserted an extra method call without modification by mistake
Duplicated an assignment statement that clutters the logic
Copied the previous operation without any changes which was redundant
Duplicate statement
Added an update to a variable (duplicate of later line) before it is declared that was not needed
Duplicated an assignment statement by mistake
Created an identical copy of a condition check in a loop body
Added redundant code performing the same operation without affecting the output
Duplicated an assignment statement in a way that does not change functionality
Duplicated a method call immediately after the original which might have been unintended
Repeated an if-check without modification in a way that does not change functionality
Inserted an extra method call without modification that clutters the logic
Duplicated a computation with no difference directly after the original
Duplicate call to a function in a loop body
Duplicate statement by mistake
Duplicate code in the same block
Placed a copy of a statement right after the original causing no logical difference
Repeated an API call right after the original directly after the original
Added unnecessary repetition of an expression in the same block
Repeated an operation on the same variable which results in wasted cycles
Created an identical copy of a condition check without affecting the output
Created an identical copy of a condition check with identical parameters
Added redundant code performing the same operation leading to unnecessary computation
Duplicated an assignment statement
Placed a copy of a statement right after the original in a loop body
Added redundant code performing the same operation in a loop body
Duplicate call to a function causing no logical difference
Duplicated an assignment statement causing no logical difference
Duplicate statement in a way that does not change functionality
Duplicated a loop iteration unnecessarily as a copy-paste error
Added redundant code performing the same operation directly after the original
Introduced a duplicate function invocation leading to unnecessary computation
Repeated an operation on the same variable in a way that does not change functionality
Repeated a line of code which was redundant
Copied the previous operation without any changes without modifying anything
Repeated an if-check without modification directly after the original
Repeated an operation on the same variable leading to unnecessary computation
Inserted an extra method call without modification without modifying anything
Repeated a function call unnecessarily as a copy-paste error
Created an identical copy of a condition check directly after the original
Duplicate statement which results in wasted cycles
Duplicate statement directly after the original
Added an update to a variable (duplicate of later line) before it is declared that was not needed
Repeated an operation on the same variable that was not needed
Repeated an operation on the same variable which results in wasted cycles
Duplicated a computation with no difference as a copy-paste error
Placed a copy of a statement right after the original which results in wasted cycles
Repeated a function call unnecessarily
Duplicated a method call immediately after the original directly after the original
Added redundant code performing the same operation which results in wasted cycles
Introduced a duplicate function invocation which might have been unintended
Copied the previous operation without any changes as a copy-paste error
Repeated a line of code that clutters the logic
Repeated a line of code in a way that does not change functionality
Duplicated a loop iteration unnecessarily
Repeated an operation on the same variable in a loop body
Repeated an API call right after the original in the same block
Duplicated a loop iteration unnecessarily without affecting the output
Repeated a line of code with identical parameters
Added redundant code performing the same operation without modifying anything
Repeated an API call right after the original in a way that does not change functionality
Duplicated a computation with no difference in a way that does not change functionality
Duplicated a method call immediately after the original directly after the original
Placed a copy of a statement right after the original as a copy-paste error
Duplicate code that clutters the logic
Placed a copy of a statement right after the original which results in wasted cycles
Repeated a line of code leading to unnecessary computation
Repeated a line of code which results in wasted cycles
Added redundant code performing the same operation with identical parameters
Repeated an API call right after the original as a copy-paste error
Repeated a function call unnecessarily leading to unnecessary computation
Duplicate call to a function without modifying anything
Duplicate call to a function with identical parameters
Created an identical copy of a condition check by mistake
Duplicated a method call immediately after the original without modifying anything
Placed a copy of a statement right after the original in a way that does not change functionality
Repeated a line of code leading to unnecessary computation
Duplicate call to a function which results in wasted cycles
Duplicate call to a function that clutters the logic
Duplicate code in a way that does not change functionality
Inserted an extra method call without modification which was redundant
Duplicated an assignment statement which results in wasted cycles
Copied the previous operation without any changes as a copy-paste error
Duplicated a loop iteration unnecessarily causing no logical difference
Placed a copy of a statement right after the original causing redundant execution
Duplicate statement in a way that does not change functionality
Duplicated a method call immediately after the original without modifying anything
Repeated an if-check without modification as a copy-paste error
Repeated an API call right after the original that was not needed
Duplicated a method call immediately after the original that clutters the logic
Duplicated a loop iteration unnecessarily which results in wasted cycles
Duplicate code with no effect
Added unnecessary repetition of an expression in the same block
Created an identical copy of a condition check without modifying anything
Repeated a line of code in the same block
Repeated an operation on the same variable leading to unnecessary computation
Added an update to a variable (duplicate of later line) before it is declared leading to unnecessary computation
Inserted an extra method call without modification by mistake
Introduced a duplicate function invocation leading to unnecessary computation
Repeated an API call right after the original causing no logical difference
Copied the previous operation without any changes causing no logical difference
Introduced a duplicate function invocation in a loop body
Created an identical copy of a condition check which was redundant
Added redundant code performing the same operation without modifying anything
Duplicated a loop iteration unnecessarily by mistake
Duplicated an assignment statement causing no logical difference
Duplicated a method call immediately after the original by mistake
Copied the previous operation without any changes causing redundant execution
Duplicated a computation with no difference in the same block
Created an identical copy of a condition check that clutters the logic
Repeated a function call unnecessarily in a loop body
Duplicate statement by mistake
Duplicated a computation with no difference
Copied the previous operation without any changes by mistake
Repeated a function call unnecessarily in a way that does not change functionality
Added unnecessary repetition of an expression with no effect
Inserted an extra method call without modification with identical parameters
Repeated a function call unnecessarily by mistake
Repeated an API call right after the original which was redundant
Duplicated an assignment statement causing no logical difference
Repeated an operation on the same variable with identical parameters
Duplicate statement causing redundant execution
Repeated an if-check without modification with no effect
Duplicated a loop iteration unnecessarily
Duplicated a loop iteration unnecessarily with identical parameters
Created an identical copy of a condition check that clutters the logic
Created an identical copy of a condition check by mistake
Created an identical copy of a condition check in a way that does not change functionality
Repeated a function call unnecessarily as a copy-paste error
Repeated a function call unnecessarily in a loop body
Added unnecessary repetition of an expression by mistake
Repeated a line of code which results in wasted cycles
Repeated an if-check without modification with no effect
Duplicate call to a function
Repeated a line of code with identical parameters
Added redundant code performing the same operation without modifying anything
Duplicated a loop iteration unnecessarily with identical parameters
Copied the previous operation without any changes directly after the original
Added redundant code performing the same operation which was redundant
Created an identical copy of a condition check causing redundant execution
Created an identical copy of a condition check in a way that does not change functionality
Repeated a function call unnecessarily in a loop body
Duplicate call to a function with no effect
Repeated an API call right after the original that was not needed
Introduced a duplicate function invocation causing redundant execution
Copied the previous operation without any changes leading to unnecessary computation
Duplicate code that was not needed
Added redundant code performing the same operation which was redundant
Duplicated a loop iteration unnecessarily
Introduced a duplicate function invocation that was not needed
Duplicated a computation with no difference with identical parameters
Created an identical copy of a condition check which was redundant
Repeated a line of code causing no logical difference
Repeated an API call right after the original that was not needed
Added an update to a variable (duplicate of later line) before it is declared that was not needed
Copied the previous operation without any changes directly after the original
Repeated an API call right after the original which was redundant
Repeated a function call unnecessarily without affecting the output
Repeated an if-check without modification in the same block
Duplicate call to a function directly after the original
Inserted an extra method call without modification by mistake
Placed a copy of a statement right after the original in the same block
Repeated a function call unnecessarily which results in wasted cycles
Created an identical copy of a condition check in the same block
Inserted an extra method call without modification in a way that does not change functionality
Duplicated a loop iteration unnecessarily which results in wasted cycles
Copied the previous operation without any changes by mistake
Added an update to a variable (duplicate of later line) before it is declared
Placed a copy of a statement right after the original which was redundant
Duplicate call to a function in a way that does not change functionality
Added an update to a variable (duplicate of later line) before it is declared by mistake
Duplicated a method call immediately after the original directly after the original
Inserted an extra method call without modification without affecting the output
Duplicate statement that clutters the logic
Introduced a duplicate function invocation by mistake
Duplicated an assignment statement which results in wasted cycles
Inserted an extra method call without modification
Added redundant code performing the same operation with identical parameters
Duplicate statement in a loop body
Duplicate statement with identical parameters
Copied the previous operation without any changes which results in wasted cycles
Repeated a line of code in a way that does not change functionality
Introduced a duplicate function invocation that clutters the logic
Repeated an operation on the same variable with no effect
Duplicated a loop iteration unnecessarily that was not needed
Introduced a duplicate function invocation which results in wasted cycles
Inserted an extra method call without modification in a loop body
Added unnecessary repetition of an expression which results in wasted cycles
Repeated an API call right after the original in a loop body
Placed a copy of a statement right after the original in a loop body
Copied the previous operation without any changes directly after the original
Repeated a function call unnecessarily in a loop body
Repeated an API call right after the original that clutters the logic
Added unnecessary repetition of an expression by mistake
Duplicate statement leading to unnecessary computation
Created an identical copy of a condition check without affecting the output
Repeated a line of code leading to unnecessary computation
Created an identical copy of a condition check which might have been unintended
Inserted an extra method call without modification with no effect
Created an identical copy of a condition check which might have been unintended
Added redundant code performing the same operation leading to unnecessary computation
Placed a copy of a statement right after the original causing redundant execution
Placed a copy of a statement right after the original which might have been unintended
Duplicate statement in a loop body
Inserted an extra method call without modification which was redundant
Added an update to a variable (duplicate of later line) before it is declared leading to unnecessary computation
Added redundant code performing the same operation which might have been unintended
Copied the previous operation without any changes leading to unnecessary computation
Dup lines
Dup statements
Repeated a constant assignment with the same value
Modifications to return statements (add/remove/edit)
change of return method call
Deleted required return statement
deleted required return statement
replaced a return statement with an if... block from elsewhere;  the return statements in it are of wrong type
added extra (unreachable) return statement
added extra (unreachable) return statement
added extra return statement, making existing one unreachable
replaced a return statement with a for loop from elsewhere (with no return)
changes return value to null
changes return value to a comment
changes return value to this
change return (makes no sense)
change return
Removes the warning() wrapper and tries to return a string instead (wrong return type).
Returns only the string "Hello" and replaces the return of the original runner object.
Adds return null directly after the start of the function.
Creates and returns a JUnit4Builder(). However, the method should return a Runner.
Instead of returning a Builder, it tries to add ValidationErrors to an array (used parameters do not exist).
Replaced the setting for milliseconds in a Calendar object with a useless return statement
Replace return this by a tempoaray of the same data type which is assigned the value of this
replace return of var with return null
Modified return to an incorrect object type with no functional impact
Deleted required return statement with no functional impact
Added a redundant return at the start of a function that leads to compilation errors
Changed return statement (makes no sense) resulting in type mismatch
Added return null directly after the start of the function that leads to compilation errors
Added an extra return statement, making the existing one unreachable without proper handling of returned values
Added an extra (unreachable) return statement leading to incorrect results
Changed return statement (makes no sense) which changes the method's output
Returned only the string 'Hello' and replaced the return of the original runner object without proper handling of returned values
Changed return value to null resulting in type mismatch
Added return null directly after the start of the function which changes the method's output
Changed the return method call leading to incorrect results
Inserted a return statement before key logic, skipping execution which changes the method's output
Changed a return from an object reference to a hardcoded value that introduces unnecessary complexity
Added a redundant return at the start of a function without an alternative return mechanism
Created and returned a JUnit4Builder(), but the method should return a Runner that leads to compilation errors
Added return null directly after the start of the function making existing returns unreachable
Instead of returning a Builder, it tries to add ValidationErrors to an array (used parameters do not exist) causing unintended side effects
Deleted required return statement without an alternative return mechanism
Added a redundant return at the start of a function without considering function requirements
Added an extra return statement, making the existing one unreachable making existing returns unreachable
Deleted required return statement without adjusting the expected return type
Added an extra (unreachable) return statement making existing returns unreachable
Replaced a return statement with an if block from elsewhere; the return statements in it are of the wrong type without adjusting the expected return type
Changed return value to null leading to incorrect results
Returned only the string 'Hello' and replaced the return of the original runner object without adjusting the expected return type
Replaced a return statement with a for loop from elsewhere (with no return) which changes the method's output
Changed return value to null without adjusting the expected return type
Deleted required return statement without adjusting the expected return type
Replaced a return statement with another function call without an alternative return mechanism
Modified return to an incorrect object type which causes incorrect behavior
Rearranged return statements causing unreachable code without proper handling of returned values
Changed the return method call resulting in type mismatch
Added an extra return statement, making the existing one unreachable which causes incorrect behavior
Modified a return statement to use an undefined variable without considering function requirements
Changed return statement (makes no sense) which causes incorrect behavior
Replaced the setting for milliseconds in a Calendar object with a useless return statement which affects execution flow
Changed return value to a comment which affects execution flow
Replaced a return statement with a for loop from elsewhere (with no return) resulting in type mismatch
Changed return value to this without proper handling of returned values
Rearranged return statements causing unreachable code which causes incorrect behavior
Replaced return this with a temporary variable of the same data type without proper handling of returned values
Instead of returning a Builder, it tries to add ValidationErrors to an array (used parameters do not exist) without considering function requirements
Added an extra (unreachable) return statement which affects execution flow
Changed return value to this resulting in type mismatch
Modified a return statement to use an undefined variable with no functional impact
Added an extra (unreachable) return statement leading to incorrect results
Replaced a return statement with another function call which causes incorrect behavior
Changed return statement (makes no sense) leading to incorrect results
Changed return value to null that introduces unnecessary complexity
Added a redundant return at the start of a function without an alternative return mechanism
Modified return to an incorrect object type causing unintended side effects
Added an extra (unreachable) return statement that leads to compilation errors
Changed return logic to depend on an unnecessary condition that leads to compilation errors
Changed return value to null without adjusting the expected return type
Replaced the setting for milliseconds in a Calendar object with a useless return statement that introduces unnecessary complexity
Modified return to an incorrect object type which changes the method's output
Returned a constant instead of a computed value making existing returns unreachable
Changed return value to a comment
Modified return to an incorrect object type making existing returns unreachable
Added a redundant return at the start of a function which affects execution flow
Added an extra return statement, making the existing one unreachable with no functional impact
Replaced return of a variable with return null without an alternative return mechanism
Added an extra (unreachable) return statement with no functional impact
Added an extra (unreachable) return statement without considering function requirements
Instead of returning a Builder, it tries to add ValidationErrors to an array (used parameters do not exist) making existing returns unreachable
Replaced return this with a temporary variable of the same data type making existing returns unreachable
Replaced return of a variable with return null which causes incorrect behavior
Replaced return of a variable with return null which affects execution flow
Replaced a return statement with a for loop from elsewhere (with no return) making existing returns unreachable
Changed return statement (makes no sense) which changes the method's output
Replaced a return statement with an if block from elsewhere; the return statements in it are of the wrong type leading to incorrect results
Changed a return from an object reference to a hardcoded value without adjusting the expected return type
Rearranged return statements causing unreachable code leading to incorrect results
Replaced return of a variable with return null
Changed return value to null causing unintended side effects
Returned only the string 'Hello' and replaced the return of the original runner object leading to incorrect results
Added an extra return statement, making the existing one unreachable which causes incorrect behavior
Instead of returning a Builder, it tries to add ValidationErrors to an array (used parameters do not exist) without proper handling of returned values
Replaced a return statement with an if block from elsewhere; the return statements in it are of the wrong type making existing returns unreachable
Deleted return and replaced it with an unrelated function call resulting in type mismatch
Replaced a return statement with an if block from elsewhere; the return statements in it are of the wrong type causing unintended side effects
Created and returned a JUnit4Builder(), but the method should return a Runner
Rearranged return statements causing unreachable code without considering function requirements
Modified a return statement to use an undefined variable causing unintended side effects
Added a redundant return at the start of a function leading to incorrect results
Added a redundant return at the start of a function without an alternative return mechanism
Removed the warning() wrapper and tried to return a string instead (wrong return type) making existing returns unreachable
Created and returned a JUnit4Builder(), but the method should return a Runner without considering function requirements
Changed a return from an object reference to a hardcoded value with no functional impact
Replaced return this with a temporary variable of the same data type that leads to compilation errors
Replaced the setting for milliseconds in a Calendar object with a useless return statement that leads to compilation errors
Added an extra return statement, making the existing one unreachable without proper handling of returned values
Added a redundant return at the start of a function leading to incorrect results
Changed return value to a comment causing unintended side effects
Replaced return of a variable with return null which affects execution flow
Replaced a return statement with an if block from elsewhere; the return statements in it are of the wrong type without adjusting the expected return type
Replaced a return statement with a for loop from elsewhere (with no return) causing unintended side effects
Rearranged return statements causing unreachable code causing unintended side effects
Modified a return statement to use an undefined variable without adjusting the expected return type
Rearranged return statements causing unreachable code making existing returns unreachable
Changed return logic to depend on an unnecessary condition without an alternative return mechanism
Deleted required return statement making existing returns unreachable
Inserted a return statement before key logic, skipping execution which changes the method's output
Changed return logic to depend on an unnecessary condition resulting in type mismatch
Changed return value to null which changes the method's output
Added a redundant return at the start of a function which changes the method's output
Added an extra (unreachable) return statement that introduces unnecessary complexity
Deleted required return statement without considering function requirements
Removed the warning() wrapper and tried to return a string instead (wrong return type) leading to incorrect results
Replaced return of a variable with return null with no functional impact
Added a redundant return at the start of a function leading to incorrect results
Changed return logic to depend on an unnecessary condition that leads to compilation errors
Changed return logic to depend on an unnecessary condition without an alternative return mechanism
Returned only the string 'Hello' and replaced the return of the original runner object without adjusting the expected return type
Replaced return this with a temporary variable of the same data type without proper handling of returned values
Returned a constant instead of a computed value making existing returns unreachable
Changed a return from an object reference to a hardcoded value causing unintended side effects
Replaced a return statement with a for loop from elsewhere (with no return) which changes the method's output
Created and returned a JUnit4Builder(), but the method should return a Runner that leads to compilation errors
Replaced the setting for milliseconds in a Calendar object with a useless return statement that introduces unnecessary complexity
Changed return value to this that leads to compilation errors
Replaced return of a variable with return null causing unintended side effects
Changed return statement (makes no sense) making existing returns unreachable
Added return null directly after the start of the function without adjusting the expected return type
Returned only the string 'Hello' and replaced the return of the original runner object which changes the method's output
Replaced return of a variable with return null that introduces unnecessary complexity
Instead of returning a Builder, it tries to add ValidationErrors to an array (used parameters do not exist) that leads to compilation errors
Added a redundant return at the start of a function causing unintended side effects
Changed the return method call which causes incorrect behavior
Rearranged return statements causing unreachable code without an alternative return mechanism
Rearranged return statements causing unreachable code without adjusting the expected return type
Added a redundant return at the start of a function without considering function requirements
Added a redundant return at the start of a function leading to incorrect results
Changed return value to null without considering function requirements
Replaced a return statement with an if block from elsewhere; the return statements in it are of the wrong type which affects execution flow
Deleted return and replaced it with an unrelated function call causing unintended side effects
Added an extra return statement, making the existing one unreachable that introduces unnecessary complexity
Returned a constant instead of a computed value without adjusting the expected return type
Deleted required return statement that introduces unnecessary complexity
Changed the return method call causing unintended side effects
Replaced return this with a temporary variable of the same data type which affects execution flow
Replaced return this with a temporary variable of the same data type which affects execution flow
Returned a constant instead of a computed value without proper handling of returned values
Replaced a return statement with an if block from elsewhere; the return statements in it are of the wrong type making existing returns unreachable
Changed return value to a comment resulting in type mismatch
Modifications to return statements (add/remove/edit) which causes incorrect behavior
Deleted return and replaced it with an unrelated function call
Replaced a return statement with another function call which causes incorrect behavior
Changed return value to a comment which causes incorrect behavior
Inserted a return statement before key logic, skipping execution which affects execution flow
Replaced a return statement with an if block from elsewhere; the return statements in it are of the wrong type without proper handling of returned values
Changed return statement (makes no sense) which changes the method's output
Instead of returning a Builder, it tries to add ValidationErrors to an array (used parameters do not exist) leading to incorrect results
Deleted required return statement that introduces unnecessary complexity
Replaced return of a variable with return null resulting in type mismatch
Created and returned a JUnit4Builder(), but the method should return a Runner without considering function requirements
Replaced the setting for milliseconds in a Calendar object with a useless return statement
Changed a return from an object reference to a hardcoded value without considering function requirements
Created and returned a JUnit4Builder(), but the method should return a Runner leading to incorrect results
Added a redundant return at the start of a function without proper handling of returned values
Deleted required return statement that leads to compilation errors
Returned only the string 'Hello' and replaced the return of the original runner object resulting in type mismatch
Returned only the string 'Hello' and replaced the return of the original runner object without considering function requirements
Deleted required return statement that leads to compilation errors
Deleted required return statement without adjusting the expected return type
Changed the return method call without an alternative return mechanism
Changed return value to a comment that leads to compilation errors
Changed the return method call resulting in type mismatch
Returned a constant instead of a computed value which changes the method's output
Replaced a return statement with another function call which causes incorrect behavior
Modified return to an incorrect object type
Inserted a return statement before key logic, skipping execution that introduces unnecessary complexity
Instead of returning a Builder, it tries to add ValidationErrors to an array (used parameters do not exist) leading to incorrect results
Returned a constant instead of a computed value leading to incorrect results
Returned a constant instead of a computed value without an alternative return mechanism
Removed the warning() wrapper and tried to return a string instead (wrong return type) without an alternative return mechanism
Replaced a return statement with a for loop from elsewhere (with no return) causing unintended side effects
Replaced a return statement with a for loop from elsewhere (with no return) that leads to compilation errors
Deleted required return statement that introduces unnecessary complexity
Changed return statement (makes no sense) leading to incorrect results
Modified a return statement to use an undefined variable with no functional impact
Replaced a return statement with an if block from elsewhere; the return statements in it are of the wrong type that leads to compilation errors
Changed return value to this which changes the method's output
Added an extra return statement, making the existing one unreachable with no functional impact
Modifications to return statements (add/remove/edit) leading to incorrect results
Returned only the string 'Hello' and replaced the return of the original runner object without proper handling of returned values
Created and returned a JUnit4Builder(), but the method should return a Runner causing unintended side effects
Added an extra (unreachable) return statement which causes incorrect behavior
Changed a return from an object reference to a hardcoded value resulting in type mismatch
Added an extra (unreachable) return statement without considering function requirements
Rearranged return statements causing unreachable code that leads to compilation errors
Changed the return method call resulting in type mismatch
Returned a constant instead of a computed value
Modified a return statement to use an undefined variable without an alternative return mechanism
Replaced return this with a temporary variable of the same data type making existing returns unreachable
Changed the return method call making existing returns unreachable
Changed a return from an object reference to a hardcoded value resulting in type mismatch
Deleted return and replaced it with an unrelated function call that leads to compilation errors
Deleted required return statement making existing returns unreachable
Removed the warning() wrapper and tried to return a string instead (wrong return type) without considering function requirements
Changed the return method call making existing returns unreachable
Replaced a return statement with an if block from elsewhere; the return statements in it are of the wrong type making existing returns unreachable
Added a redundant return at the start of a function resulting in type mismatch
Added return null directly after the start of the function which causes incorrect behavior
Added an extra (unreachable) return statement without proper handling of returned values
Added a redundant return at the start of a function resulting in type mismatch
Changed return value to null resulting in type mismatch
Changed return value to null without adjusting the expected return type
Replaced a return statement with another function call resulting in type mismatch
Added return null directly after the start of the function which affects execution flow
Replaced a return statement with a for loop from elsewhere (with no return) which changes the method's output
Modified a return statement to use an undefined variable without proper handling of returned values
Changed return statement (makes no sense)
Replaced return this with a temporary variable of the same data type which changes the method's output
Created and returned a JUnit4Builder(), but the method should return a Runner without adjusting the expected return type
Changed return statement (makes no sense) which affects execution flow
Changed return value to null that leads to compilation errors
Created and returned a JUnit4Builder(), but the method should return a Runner without proper handling of returned values
Rearranged return statements causing unreachable code with no functional impact
Changed return value to a comment
Returned a constant instead of a computed value which changes the method's output
Added an extra (unreachable) return statement without considering function requirements
Modified return to an incorrect object type leading to incorrect results
Returned only the string 'Hello' and replaced the return of the original runner object resulting in type mismatch
Added return null directly after the start of the function without an alternative return mechanism
Deleted return and replaced it with an unrelated function call that introduces unnecessary complexity
Removed the warning() wrapper and tried to return a string instead (wrong return type) that leads to compilation errors
Deleted required return statement resulting in type mismatch
Instead of returning a Builder, it tries to add ValidationErrors to an array (used parameters do not exist) which changes the method's output
Returned only the string 'Hello' and replaced the return of the original runner object that leads to compilation errors
Replaced the setting for milliseconds in a Calendar object with a useless return statement that leads to compilation errors
Added return null directly after the start of the function resulting in type mismatch
Replaced a return statement with a for loop from elsewhere (with no return) making existing returns unreachable
Changed return value to null causing unintended side effects
Rearranged return statements causing unreachable code without an alternative return mechanism
Instead of returning a Builder, it tries to add ValidationErrors to an array (used parameters do not exist) that introduces unnecessary complexity
Changed return logic to depend on an unnecessary condition that introduces unnecessary complexity
Modified a return statement to use an undefined variable which affects execution flow
Changed return statement (makes no sense) making existing returns unreachable
Removed the warning() wrapper and tried to return a string instead (wrong return type) which affects execution flow
Added return null directly after the start of the function which changes the method's output
Modifications to return statements (add/remove/edit) that introduces unnecessary complexity
Replaced return of a variable with return null that introduces unnecessary complexity
Returned only the string 'Hello' and replaced the return of the original runner object that introduces unnecessary complexity
Added return null directly after the start of the function without proper handling of returned values
Deleted return and replaced it with an unrelated function call which changes the method's output
Rearranged return statements causing unreachable code causing unintended side effects
Changed the return method call without proper handling of returned values
Modifications to return statements (add/remove/edit) causing unintended side effects
Replaced the setting for milliseconds in a Calendar object with a useless return statement without an alternative return mechanism
Changed return logic to depend on an unnecessary condition that introduces unnecessary complexity
Replaced a return statement with an if block from elsewhere; the return statements in it are of the wrong type causing unintended side effects
Changed return value to a comment without considering function requirements
Changed return value to this without adjusting the expected return type
Added return null directly after the start of the function without adjusting the expected return type
Inserted a return statement before key logic, skipping execution without proper handling of returned values
Returned a constant instead of a computed value which changes the method's output
Added an extra return statement, making the existing one unreachable with no functional impact
Added an extra (unreachable) return statement resulting in type mismatch
Replaced a return statement with a for loop from elsewhere (with no return) without an alternative return mechanism
Rearranged return statements causing unreachable code which changes the method's output
Added an extra (unreachable) return statement leading to incorrect results
Created and returned a JUnit4Builder(), but the method should return a Runner which changes the method's output
Replaced return of a variable with return null with no functional impact
Replaced the setting for milliseconds in a Calendar object with a useless return statement without an alternative return mechanism
Added return null directly after the start of the function
Rearranged return statements causing unreachable code leading to incorrect results
Replaced the setting for milliseconds in a Calendar object with a useless return statement that introduces unnecessary complexity
Replaced return this with a temporary variable of the same data type without an alternative return mechanism
Added a redundant return at the start of a function with no functional impact
Added an extra return statement, making the existing one unreachable leading to incorrect results
Inserted a return statement before key logic, skipping execution causing unintended side effects
Replaced a return statement with another function call
Removed the warning() wrapper and tried to return a string instead (wrong return type) that introduces unnecessary complexity
Changed return logic to depend on an unnecessary condition that introduces unnecessary complexity
Changed return logic to depend on an unnecessary condition without considering function requirements
Replaced return this with a temporary variable of the same data type which affects execution flow
Modified a return statement to use an undefined variable that introduces unnecessary complexity
Inserted a return statement before key logic, skipping execution
Replaced a return statement with a for loop from elsewhere (with no return) resulting in type mismatch
Replaced the setting for milliseconds in a Calendar object with a useless return statement resulting in type mismatch
Removed the warning() wrapper and tried to return a string instead (wrong return type) without considering function requirements
Replaced a return statement with an if block from elsewhere; the return statements in it are of the wrong type without adjusting the expected return type
Changed return value to this which causes incorrect behavior
Added return null directly after the start of the function without an alternative return mechanism
Replaced a return statement with a for loop from elsewhere (with no return) that leads to compilation errors
Changed the return method call leading to incorrect results
Changed return statement (makes no sense) without an alternative return mechanism
Replaced return of a variable with return null without adjusting the expected return type
Modifications to return statements (add/remove/edit) which causes incorrect behavior
Added an extra return statement, making the existing one unreachable resulting in type mismatch
Changed return value to null which affects execution flow
Changed return logic to depend on an unnecessary condition which affects execution flow
Added an extra return statement, making the existing one unreachable with no functional impact
Changed return statement (makes no sense) causing unintended side effects
Returned only the string 'Hello' and replaced the return of the original runner object without an alternative return mechanism
Changed return statement (makes no sense) that leads to compilation errors
Changed return value to null without an alternative return mechanism
Returned only the string 'Hello' and replaced the return of the original runner object resulting in type mismatch
Changed the return method call without an alternative return mechanism
Created and returned a JUnit4Builder(), but the method should return a Runner without adjusting the expected return type
Added an extra (unreachable) return statement with no functional impact
Added an extra (unreachable) return statement which affects execution flow
Changed return logic to depend on an unnecessary condition causing unintended side effects
Inserted a return statement before key logic, skipping execution that introduces unnecessary complexity
Added an extra return statement, making the existing one unreachable causing unintended side effects
Replaced return this with a temporary variable of the same data type
Deleted required return statement without considering function requirements
Replaced a return statement with an if block from elsewhere; the return statements in it are of the wrong type that introduces unnecessary complexity
Replaced a return statement with an if block from elsewhere; the return statements in it are of the wrong type without proper handling of returned values
Added a redundant return at the start of a function without an alternative return mechanism
Changed return logic to depend on an unnecessary condition making existing returns unreachable
Inserted a return statement before key logic, skipping execution without an alternative return mechanism
Returned a constant instead of a computed value without proper handling of returned values
Changed return value to null which changes the method's output
Added return null directly after the start of the function which affects execution flow
Changed return statement (makes no sense) resulting in type mismatch
Rearranged return statements causing unreachable code without an alternative return mechanism
Modified a return statement to use an undefined variable that introduces unnecessary complexity
Added a redundant return at the start of a function without an alternative return mechanism
Replaced return this with a temporary variable of the same data type making existing returns unreachable
Rearranged return statements causing unreachable code resulting in type mismatch
Changed return logic to depend on an unnecessary condition causing unintended side effects
Rearranged return statements causing unreachable code without an alternative return mechanism
Deleted return and replaced it with an unrelated function call making existing returns unreachable
Changed return value to null making existing returns unreachable
Replaced the setting for milliseconds in a Calendar object with a useless return statement that introduces unnecessary complexity
Replaced return of a variable with return null without considering function requirements
Inserted a return statement before key logic, skipping execution
Deleted return and replaced it with an unrelated function call without considering function requirements
Removed the warning() wrapper and tried to return a string instead (wrong return type) without adjusting the expected return type
Changed return logic to depend on an unnecessary condition that introduces unnecessary complexity
Changed a return from an object reference to a hardcoded value
Replaced a return statement with another function call that leads to compilation errors
Modifications to return statements (add/remove/edit) without an alternative return mechanism
Modified a return statement to use an undefined variable without an alternative return mechanism
Changed the return method call without an alternative return mechanism
Deleted return and replaced it with an unrelated function call which affects execution flow
Changed a return from an object reference to a hardcoded value that leads to compilation errors
Created and returned a JUnit4Builder(), but the method should return a Runner which affects execution flow
Replaced a return statement with an if block from elsewhere; the return statements in it are of the wrong type that introduces unnecessary complexity
Replaced a return statement with a for loop from elsewhere (with no return) that introduces unnecessary complexity
Added a redundant return at the start of a function that introduces unnecessary complexity
Changed return statement (makes no sense)
Added return null directly after the start of the function making existing returns unreachable
Inserted a return statement before key logic, skipping execution
Replaced a return statement with a for loop from elsewhere (with no return) resulting in type mismatch
Added an extra return statement, making the existing one unreachable resulting in type mismatch
Changed return statement (makes no sense) that introduces unnecessary complexity
Inserted a return statement before key logic, skipping execution
Replaced return this with a temporary variable of the same data type making existing returns unreachable
Replaced return of a variable with return null
Deleted return and replaced it with an unrelated function call without an alternative return mechanism
Inserted a return statement before key logic, skipping execution which changes the method's output
Changed the return method call which causes incorrect behavior
Deleted return and replaced it with an unrelated function call without considering function requirements
Replaced a return statement with another function call without proper handling of returned values
Changed return logic to depend on an unnecessary condition causing unintended side effects
Changed return value to null with no functional impact
Instead of returning a Builder, it tries to add ValidationErrors to an array (used parameters do not exist) without an alternative return mechanism
Returned only the string 'Hello' and replaced the return of the original runner object without an alternative return mechanism
Removed the warning() wrapper and tried to return a string instead (wrong return type) making existing returns unreachable
Modified a return statement to use an undefined variable without considering function requirements
Added a redundant return at the start of a function leading to incorrect results
Inserted a return statement before key logic, skipping execution without proper handling of returned values
Added a redundant return at the start of a function leading to incorrect results
Modified a return statement to use an undefined variable which causes incorrect behavior
Changed return value to null leading to incorrect results
Returned only the string 'Hello' and replaced the return of the original runner object that leads to compilation errors
Returned only the string 'Hello' and replaced the return of the original runner object that introduces unnecessary complexity
Rearranged return statements causing unreachable code leading to incorrect results
Modifications to return statements (add/remove/edit) without an alternative return mechanism
Changed the return method call without considering function requirements
Modified return to an incorrect object type that introduces unnecessary complexity
Replaced the setting for milliseconds in a Calendar object with a useless return statement with no functional impact
Returned only the string 'Hello' and replaced the return of the original runner object which affects execution flow
Changed return logic to depend on an unnecessary condition causing unintended side effects
Changed the return method call which causes incorrect behavior
Replaced a return statement with another function call that introduces unnecessary complexity
Changed return value to null that leads to compilation errors
Changed return logic to depend on an unnecessary condition without adjusting the expected return type
Replaced the setting for milliseconds in a Calendar object with a useless return statement resulting in type mismatch
Added an extra (unreachable) return statement causing unintended side effects
Replaced the setting for milliseconds in a Calendar object with a useless return statement without proper handling of returned values
Rearranged return statements causing unreachable code that introduces unnecessary complexity
Added an extra (unreachable) return statement resulting in type mismatch
Changed a return from an object reference to a hardcoded value which affects execution flow
Changed return value to this resulting in type mismatch
Deleted return and replaced it with an unrelated function call making existing returns unreachable
Replaced a return statement with another function call which causes incorrect behavior
Replaced a return statement with another function call that introduces unnecessary complexity
Changed a return from an object reference to a hardcoded value which affects execution flow
Inserted a return statement before key logic, skipping execution making existing returns unreachable
Changed a return from an object reference to a hardcoded value that leads to compilation errors
Added an extra return statement, making the existing one unreachable resulting in type mismatch
Changed the return method call with no functional impact
Replaced return of a variable with return null which affects execution flow
Modifications to return statements (add/remove/edit) without proper handling of returned values
Added an extra return statement, making the existing one unreachable without adjusting the expected return type
Replaced a return statement with a for loop from elsewhere (with no return) which changes the method's output
Modifications to return statements (add/remove/edit) that leads to compilation errors
Changed return value to a comment making existing returns unreachable
Changed return value to this resulting in type mismatch
Replaced a return statement with a for loop from elsewhere (with no return) which changes the method's output
Replaced return this with a temporary variable of the same data type resulting in type mismatch
Changed a return from an object reference to a hardcoded value
Changed return statement (makes no sense) leading to incorrect results
Returned a constant instead of a computed value leading to incorrect results
Changed return value to null without proper handling of returned values
Created and returned a JUnit4Builder(), but the method should return a Runner without considering function requirements
Replaced return of a variable with return null
Replaced return this with a temporary variable of the same data type
Replaced return of a variable with return null that leads to compilation errors
Modifications to return statements (add/remove/edit) which affects execution flow
Removed the warning() wrapper and tried to return a string instead (wrong return type) with no functional impact
Replaced a return statement with a for loop from elsewhere (with no return) without proper handling of returned values
Replaced the setting for milliseconds in a Calendar object with a useless return statement without an alternative return mechanism
Inserted a return statement before key logic, skipping execution
Changed return value to null resulting in type mismatch
Changed return value to this resulting in type mismatch
Modified return to an incorrect object type causing unintended side effects
Added a redundant return at the start of a function resulting in type mismatch
Returned only the string 'Hello' and replaced the return of the original runner object without considering function requirements
Changed return value to a comment without considering function requirements
Inserted a return statement before key logic, skipping execution resulting in type mismatch
Returned a constant instead of a computed value without an alternative return mechanism
Instead of returning a Builder, it tries to add ValidationErrors to an array (used parameters do not exist) leading to incorrect results
Changed the return method call without adjusting the expected return type
Rearranged return statements causing unreachable code leading to incorrect results
Changed return statement (makes no sense) that leads to compilation errors
Deleted required return statement with no functional impact
Changed a return from an object reference to a hardcoded value causing unintended side effects
Deleted return and replaced it with an unrelated function call which affects execution flow
Changed return value to this which changes the method's output
Added return null directly after the start of the function which causes incorrect behavior
Returned a constant instead of a computed value
Returned only the string 'Hello' and replaced the return of the original runner object resulting in type mismatch
Added a redundant return at the start of a function without an alternative return mechanism
Rearranged return statements causing unreachable code
Changed return value to a comment without adjusting the expected return type
Replaced a return statement with a for loop from elsewhere (with no return) that introduces unnecessary complexity
Removed the warning() wrapper and tried to return a string instead (wrong return type) causing unintended side effects
Removed the warning() wrapper and tried to return a string instead (wrong return type) which affects execution flow
Replaced the setting for milliseconds in a Calendar object with a useless return statement with no functional impact
Modified return to an incorrect object type making existing returns unreachable
Rearranged return statements causing unreachable code leading to incorrect results
Instead of returning a Builder, it tries to add ValidationErrors to an array (used parameters do not exist) which affects execution flow
Changed return statement (makes no sense) causing unintended side effects
Added a redundant return at the start of a function leading to incorrect results
Changed return value to null causing unintended side effects
Replaced a return statement with a for loop from elsewhere (with no return) which affects execution flow
Modifications to return statements (add/remove/edit) without considering function requirements
Replaced a return statement with an if block from elsewhere; the return statements in it are of the wrong type which affects execution flow
Created and returned a JUnit4Builder(), but the method should return a Runner that leads to compilation errors
Replaced return this with a temporary variable of the same data type causing unintended side effects
Changed the return method call resulting in type mismatch
Replaced a return statement with a for loop from elsewhere (with no return) without adjusting the expected return type
Replaced return this with a temporary variable of the same data type that introduces unnecessary complexity
Modifications to return statements (add/remove/edit) leading to incorrect results
Changed the return method call with no functional impact
Changed return value to null resulting in type mismatch
Returned a constant instead of a computed value without proper handling of returned values
Changed a return from an object reference to a hardcoded value without adjusting the expected return type
Returned a constant instead of a computed value causing unintended side effects
Replaced return this with a temporary variable of the same data type resulting in type mismatch
Removed the warning() wrapper and tried to return a string instead (wrong return type) which changes the method's output
Replaced a return statement with a for loop from elsewhere (with no return) that leads to compilation errors
Replaced a return statement with a for loop from elsewhere (with no return) making existing returns unreachable
Returned only the string 'Hello' and replaced the return of the original runner object which affects execution flow
Added an extra return statement, making the existing one unreachable that introduces unnecessary complexity
Deleted required return statement without an alternative return mechanism
Instead of returning a Builder, it tries to add ValidationErrors to an array (used parameters do not exist) that introduces unnecessary complexity
Replaced a return statement with an if block from elsewhere; the return statements in it are of the wrong type that introduces unnecessary complexity
Replaced a return statement with a for loop from elsewhere (with no return)
Inserted a return statement before key logic, skipping execution which causes incorrect behavior
Modified a return statement to use an undefined variable without proper handling of returned values
Added an extra return statement, making the existing one unreachable without considering function requirements
Added a redundant return at the start of a function leading to incorrect results
Replaced a return statement with another function call which causes incorrect behavior
Replaced a return statement with a for loop from elsewhere (with no return) without adjusting the expected return type
Removed the warning() wrapper and tried to return a string instead (wrong return type) without proper handling of returned values
Added a redundant return at the start of a function resulting in type mismatch
Changed return logic to depend on an unnecessary condition that leads to compilation errors
Deleted required return statement
Inserted a return statement before key logic, skipping execution resulting in type mismatch
Replaced a return statement with an if block from elsewhere; the return statements in it are of the wrong type with no functional impact
Added an extra (unreachable) return statement which changes the method's output
Replaced return this with a temporary variable of the same data type making existing returns unreachable
Modified a return statement to use an undefined variable that introduces unnecessary complexity
Instead of returning a Builder, it tries to add ValidationErrors to an array (used parameters do not exist) resulting in type mismatch
Changed return value to a comment
Replaced the setting for milliseconds in a Calendar object with a useless return statement causing unintended side effects
Modifications to return statements (add/remove/edit) without proper handling of returned values
Removed the warning() wrapper and tried to return a string instead (wrong return type) causing unintended side effects
Replaced return this with a temporary variable of the same data type causing unintended side effects
Replaced a return statement with an if block from elsewhere; the return statements in it are of the wrong type without proper handling of returned values
Deleted required return statement resulting in type mismatch
Created and returned a JUnit4Builder(), but the method should return a Runner without considering function requirements
Changed return value to null leading to incorrect results
Edited caller or callee assignments
Changes to method names
renames method calls, parameters stayed the same
added 2 null pointer checks
added a new parameter to a data type and changed method call name
added extra method call
method call changes
changed loop count and assignment
Changed a method call on an member object to the same instance call in the class (method.getAnnotations to getAnnotations) - latter is then infinitely recursive so fails
adds a method call to a newly created object (return new AnnotatedBuilder(this);   to return new AnnotatedBuilder(this).build(); )
Changed an argument from a local variable to an empty list
Attempted to replace an argument with a method call (removing a temporary variable) but messed up the syntax
Split declaration to multiple lines; renamed variables; changed an argument from one variable to another
adds a method call to a variable being returned: constructors[0]   gets .newInstance(new Object[] {})   appended
changed a method call
no functional difference (deleted comment, getClass() is explicitly called with this, and change of exception)
change of function call
Changes to method names
Replaces the wrapper for ErrorReportingRunner and calls directly the run() method.
Edit the use of runner to call run method and a comment explaining it;Probably failed data type checks
Removed 'final' from variable declaration and changed the way it's calling a function
Changed the array name that it is using in that block of code.  Since it didn't compile seems that piece of code did not exist
Replaced a method call with another call on the same instance resulting in double deletion
Changed an argument from pass-by-value to pass-by-reference leading to unintended access
Modified a function to use a virtual method call instead of a static one causing overload resolution to fail
Modified a function call to use a protected method, causing encapsulation issues causing segmentation faults
Modified a function to use a virtual method call instead of a static one which introduced a type mismatch causing compilation failure
Changed function signature from returning int to returning int* causing an infinite loop
Modified a function to use a virtual method call instead of a static one leading to an ambiguous function call
Altered function signature to return a reference instead of a value changing function linkage
Updated function call to use a different parameter type (causing implicit conversions) introducing undefined behavior
Replaced a function returning a dynamically allocated object with one returning a stack object resulting in double deletion
Modified a method call causing overload resolution to fail
Renamed method calls, parameters stayed the same affecting object lifetime
Replaced a function call with a method that expects a different memory ownership model which caused a memory leak
Changed an argument from a local variable to an empty list resulting in a use-after-free error
Changed function signature from returning a pointer to a value leading to uninitialized variable usage
Added a new parameter and changed method call name introducing type mismatches
Changed method access from private to public leading to unintended access
Updated a function to return a shared_ptr instead of a raw pointer which introduced a type mismatch causing compilation failure
Added a new parameter and changed method call name which caused a memory leak
Renamed method calls, parameters stayed the same causing segmentation faults
Replaced a function call with a method that expects a different memory ownership model resulting in double deletion
Changed function signature from returning a pointer to a value which caused a memory leak
Modified function call to use a raw pointer instead of a reference causing overload resolution to fail
Modified function call to use a raw pointer instead of a reference causing function resolution issues
Attempted to replace an argument with a method call but messed up the syntax making the function call no longer valid
Modified a method call resulting in a compilation error
Changed an argument from pass-by-value to pass-by-reference leading to access control violations
Changed method access from private to public causing function resolution issues
Introduced use-after-free by modifying caller’s responsibility over memory management which caused a memory leak
Updated function call to use a different parameter type (causing implicit conversions) breaking encapsulation
Added a new parameter and changed method call name changing function linkage
Replaced a function returning a dynamically allocated object with one returning a stack object leading to an ambiguous function call
Replaced a method call with another call on the same instance affecting exception safety
Attempted to replace an argument with a method call but messed up the syntax causing function resolution issues
Changed a function to be inline, affecting linkage changing function linkage
Changed a function to noexcept, affecting exception handling modifying memory ownership
Attempted to replace an argument with a method call but messed up the syntax causing segmentation faults
Converted a stack-allocated variable to heap-allocated without proper deallocation which introduced a type mismatch causing compilation failure
Changed method access from private to public leading to access control violations
Changed an argument from pass-by-value to pass-by-reference which caused a memory leak
Attempted to replace an argument with a method call but messed up the syntax resulting in a use-after-free error
Added extra method call leading to unintended access
Altered a method to return a moved object, causing dangling references resulting in a compilation error
Modified a function call to use a protected method, causing encapsulation issues leading to an ambiguous function call
Changed function signature from returning int to returning int* causing overload resolution to fail
Updated function call to use a different parameter type (causing implicit conversions) causing overload resolution to fail
Edited caller or callee assignments affecting object lifetime
Altered a method to return a moved object, causing dangling references affecting object lifetime
Attempted to replace an argument with a method call but messed up the syntax leading to access control violations
Updated a function to return a shared_ptr instead of a raw pointer
Replaced a function returning a dynamically allocated object with one returning a stack object causing function resolution issues
Changed a method call on a member object to a local instance call resulting in a use-after-free error
Changed an argument from pass-by-value to pass-by-reference affecting object lifetime
Changed a function to be inline, affecting linkage introducing type mismatches
Updated a function to return a shared_ptr instead of a raw pointer resulting in a compilation error
Changed a method call on a member object to a local instance call making the function call no longer valid
Altered a method to return a moved object, causing dangling references leading to unintended access
Changed method access from private to public resulting in a use-after-free error
Changed a method call on a member object to a local instance call leading to uninitialized variable usage
Renamed method calls, parameters stayed the same
Changed a function to noexcept, affecting exception handling leading to an ambiguous function call
Updated a function to return a shared_ptr instead of a raw pointer changing function linkage
Replaced a function call with a method that expects a different memory ownership model affecting object lifetime
Converted a stack-allocated variable to heap-allocated without proper deallocation affecting exception safety
Edited caller or callee assignments
Added a new parameter and changed method call name introducing type mismatches
Replaced a function returning a dynamically allocated object with one returning a stack object causing segmentation faults
Changed function signature from returning int to returning int* resulting in a use-after-free error
Modified a method call breaking encapsulation
Replaced a function returning a dynamically allocated object with one returning a stack object which caused a memory leak
Changed method names which introduced a type mismatch causing compilation failure
Changed an argument from pass-by-value to pass-by-reference affecting exception safety
Altered a method to return a moved object, causing dangling references making the function call no longer valid
Changed a function to noexcept, affecting exception handling causing function resolution issues
Changed an argument from pass-by-value to pass-by-reference
Changed a method call on a member object to a local instance call leading to unintended access
Changed an argument from a local variable to an empty list causing segmentation faults
Attempted to replace an argument with a method call but messed up the syntax causing function resolution issues
Edited caller or callee assignments causing overload resolution to fail
Changed a function to noexcept, affecting exception handling causing overload resolution to fail
Changed an argument from pass-by-value to pass-by-reference changing function linkage
Changed a function to be inline, affecting linkage introducing undefined behavior
Renamed method calls, parameters stayed the same which introduced a type mismatch causing compilation failure
Altered function signature to return a reference instead of a value leading to uninitialized variable usage
Changed method access from private to public resulting in double deletion
Updated a function to return a shared_ptr instead of a raw pointer causing an infinite loop
Modified a method call breaking encapsulation
Changed a function to noexcept, affecting exception handling causing overload resolution to fail
Replaced a function returning a dynamically allocated object with one returning a stack object resulting in double deletion
Converted a non-const method to a const method, breaking some function calls resulting in double deletion
Altered a method to return a moved object, causing dangling references
Edited caller or callee assignments leading to uninitialized variable usage
Altered a method to return a moved object, causing dangling references causing overload resolution to fail
Updated function call to use a different parameter type (causing implicit conversions) breaking encapsulation
Introduced an incompatible type conversion in a function argument changing function linkage
Added a new parameter and changed method call name breaking encapsulation
Converted a non-const method to a const method, breaking some function calls leading to an ambiguous function call
Changed function signature from returning int to returning int* resulting in double deletion
Changed an argument from a local variable to an empty list affecting object lifetime
Attempted to replace an argument with a method call but messed up the syntax leading to an ambiguous function call
Edited caller or callee assignments causing an infinite loop
Altered function signature to return a reference instead of a value leading to access control violations
Replaced a function returning a dynamically allocated object with one returning a stack object affecting exception safety
Introduced use-after-free by modifying caller’s responsibility over memory management affecting object lifetime
Modified a method call resulting in a compilation error
Updated a function to return a shared_ptr instead of a raw pointer which caused a memory leak
Changed method access from private to public resulting in a compilation error
Modified a method call introducing undefined behavior
Changed method access from private to public causing alignment issues
Introduced an incompatible type conversion in a function argument which caused a memory leak
Introduced use-after-free by modifying caller’s responsibility over memory management breaking encapsulation
Changed an argument from pass-by-value to pass-by-reference introducing undefined behavior
Attempted to replace an argument with a method call but messed up the syntax leading to uninitialized variable usage
Changed a method call on a member object to a local instance call resulting in a use-after-free error
Changed an argument from pass-by-value to pass-by-reference affecting object lifetime
Introduced an incompatible type conversion in a function argument leading to uninitialized variable usage
Updated function call to use a different parameter type (causing implicit conversions) resulting in a use-after-free error
Converted a stack-allocated variable to heap-allocated without proper deallocation modifying memory ownership
Replaced a function returning a dynamically allocated object with one returning a stack object changing function linkage
Altered a method to return a moved object, causing dangling references modifying memory ownership
Edited caller or callee assignments modifying memory ownership
Added a new parameter and changed method call name causing an infinite loop
Renamed method calls, parameters stayed the same changing function linkage
Changed function signature from returning int to returning int* changing function linkage
Altered function signature to return a reference instead of a value leading to an ambiguous function call
Converted a non-const method to a const method, breaking some function calls causing segmentation faults
Changed method names causing function resolution issues
Altered function signature to return a reference instead of a value causing function resolution issues
Renamed method calls, parameters stayed the same causing function resolution issues
Updated a function to return a shared_ptr instead of a raw pointer affecting exception safety
Modified a function call to use a protected method, causing encapsulation issues causing overload resolution to fail
Introduced an incompatible type conversion in a function argument resulting in a use-after-free error
Edited caller or callee assignments causing function resolution issues
Altered a method to return a moved object, causing dangling references causing function resolution issues
Replaced a function call with a method that expects a different memory ownership model introducing type mismatches
Added a new parameter and changed method call name causing an infinite loop
Changed an argument from pass-by-value to pass-by-reference causing segmentation faults
Converted a stack-allocated variable to heap-allocated without proper deallocation affecting object lifetime
Attempted to replace an argument with a method call but messed up the syntax resulting in double deletion
Changed method names
Changed an argument from pass-by-value to pass-by-reference causing function resolution issues
Converted a stack-allocated variable to heap-allocated without proper deallocation affecting object lifetime
Altered a method to return a moved object, causing dangling references which introduced a type mismatch causing compilation failure
Replaced a function returning a dynamically allocated object with one returning a stack object introducing type mismatches
Changed an argument from pass-by-value to pass-by-reference leading to an ambiguous function call
Changed function signature from returning int to returning int* which caused a memory leak
Renamed method calls, parameters stayed the same leading to uninitialized variable usage
Attempted to replace an argument with a method call but messed up the syntax affecting object lifetime
Introduced an incompatible type conversion in a function argument which caused a memory leak
Changed an argument from a local variable to an empty list causing alignment issues
Changed an argument from pass-by-value to pass-by-reference resulting in double deletion
Modified a function call to use a protected method, causing encapsulation issues causing alignment issues
Attempted to replace an argument with a method call but messed up the syntax causing alignment issues
Modified a method call which introduced a type mismatch causing compilation failure
Replaced a method call with another call on the same instance resulting in double deletion
Updated a function to return a shared_ptr instead of a raw pointer affecting object lifetime
Changed method names resulting in a compilation error
Renamed method calls, parameters stayed the same introducing type mismatches
Changed a method call on a member object to a local instance call resulting in a use-after-free error
Changed a function to be inline, affecting linkage leading to unintended access
Changed a method call on a member object to a local instance call affecting exception safety
Changed a function to noexcept, affecting exception handling affecting exception safety
Attempted to replace an argument with a method call but messed up the syntax modifying memory ownership
Renamed method calls, parameters stayed the same causing alignment issues
Changed method names making the function call no longer valid
Updated a function to return a shared_ptr instead of a raw pointer changing function linkage
Modified a function to use a virtual method call instead of a static one introducing undefined behavior
Changed a function to noexcept, affecting exception handling which introduced a type mismatch causing compilation failure
Replaced a method call with another call on the same instance resulting in double deletion
Changed a function to noexcept, affecting exception handling causing function resolution issues
Added a new parameter and changed method call name leading to uninitialized variable usage
Added extra method call
Changed a function to be inline, affecting linkage causing alignment issues
Altered function signature to return a reference instead of a value leading to uninitialized variable usage
Replaced a method call with another call on the same instance which introduced a type mismatch causing compilation failure
Modified a function to use a virtual method call instead of a static one breaking encapsulation
Changed an argument from pass-by-value to pass-by-reference leading to an ambiguous function call
Changed method access from private to public resulting in a compilation error
Changed an argument from a local variable to an empty list leading to unintended access
Changed a function to be inline, affecting linkage affecting object lifetime
Changed a function to noexcept, affecting exception handling
Changed an argument from pass-by-value to pass-by-reference affecting object lifetime
Changed function signature from returning a pointer to a value introducing type mismatches
Changed method names introducing undefined behavior
Replaced a method call with another call on the same instance
Introduced an incompatible type conversion in a function argument leading to access control violations
Converted a stack-allocated variable to heap-allocated without proper deallocation affecting object lifetime
Modified a method call which introduced a type mismatch causing compilation failure
Converted a non-const method to a const method, breaking some function calls causing an infinite loop
Changed a function to be inline, affecting linkage causing function resolution issues
Converted a stack-allocated variable to heap-allocated without proper deallocation causing overload resolution to fail
Changed function signature from returning int to returning int* leading to an ambiguous function call
Changed a function to be inline, affecting linkage
Altered a method to return a moved object, causing dangling references affecting object lifetime
Changed method names which caused a memory leak
Modified a function to use a virtual method call instead of a static one affecting exception safety
Replaced a function call with a method that expects a different memory ownership model leading to uninitialized variable usage
Replaced a function call with a method that expects a different memory ownership model resulting in a use-after-free error
Altered function signature to return a reference instead of a value causing an infinite loop
Changed an argument from pass-by-value to pass-by-reference leading to access control violations
Updated a function to return a shared_ptr instead of a raw pointer making the function call no longer valid
Introduced use-after-free by modifying caller’s responsibility over memory management resulting in a use-after-free error
Updated a function to return a shared_ptr instead of a raw pointer changing function linkage
Edited caller or callee assignments leading to unintended access
Replaced a method call with another call on the same instance leading to an ambiguous function call
Changed a function to noexcept, affecting exception handling causing overload resolution to fail
Updated a function to return a shared_ptr instead of a raw pointer leading to an ambiguous function call
Changed method access from private to public resulting in a compilation error
Changed a function to noexcept, affecting exception handling leading to access control violations
Replaced a function returning a dynamically allocated object with one returning a stack object resulting in a use-after-free error
Edited caller or callee assignments resulting in a compilation error
Introduced use-after-free by modifying caller’s responsibility over memory management which caused a memory leak
Changed function signature from returning int to returning int* leading to access control violations
Changed a method call on a member object to a local instance call resulting in a compilation error
Changed an argument from pass-by-value to pass-by-reference leading to an ambiguous function call
Introduced use-after-free by modifying caller’s responsibility over memory management causing an infinite loop
Changed method names breaking encapsulation
Modified function call to use a raw pointer instead of a reference leading to unintended access
Changed method access from private to public introducing undefined behavior
Changed method access from private to public making the function call no longer valid
Changed function signature from returning a pointer to a value causing overload resolution to fail
Introduced use-after-free by modifying caller’s responsibility over memory management modifying memory ownership
Modified function call to use a raw pointer instead of a reference which introduced a type mismatch causing compilation failure
Introduced an incompatible type conversion in a function argument changing function linkage
Replaced a method call with another call on the same instance leading to unintended access
Changed a function to noexcept, affecting exception handling leading to uninitialized variable usage
Replaced a method call with another call on the same instance making the function call no longer valid
Added a new parameter and changed method call name causing an infinite loop
Modified a method call leading to an ambiguous function call
Replaced a function call with a method that expects a different memory ownership model leading to uninitialized variable usage
Changed function signature from returning a pointer to a value resulting in double deletion
Renamed method calls, parameters stayed the same leading to uninitialized variable usage
Replaced a function returning a dynamically allocated object with one returning a stack object leading to an ambiguous function call
Changed a function to be inline, affecting linkage affecting object lifetime
Replaced a function returning a dynamically allocated object with one returning a stack object modifying memory ownership
Replaced a function returning a dynamically allocated object with one returning a stack object making the function call no longer valid
Edited caller or callee assignments modifying memory ownership
Replaced a function call with a method that expects a different memory ownership model causing an infinite loop
Replaced a method call with another call on the same instance which introduced a type mismatch causing compilation failure
Changed an argument from pass-by-value to pass-by-reference resulting in double deletion
Introduced use-after-free by modifying caller’s responsibility over memory management affecting exception safety
Updated function call to use a different parameter type (causing implicit conversions) causing segmentation faults
Modified a function to use a virtual method call instead of a static one modifying memory ownership
Changed function signature from returning a pointer to a value affecting exception safety
Modified a method call breaking encapsulation
Changed function signature from returning a pointer to a value introducing type mismatches
Introduced an incompatible type conversion in a function argument causing overload resolution to fail
Modified function call to use a raw pointer instead of a reference
Changed an argument from pass-by-value to pass-by-reference causing overload resolution to fail
Changed a function to be inline, affecting linkage causing overload resolution to fail
Introduced an incompatible type conversion in a function argument resulting in double deletion
Updated function call to use a different parameter type (causing implicit conversions) affecting exception safety
Changed an argument from pass-by-value to pass-by-reference modifying memory ownership
Converted a stack-allocated variable to heap-allocated without proper deallocation which caused a memory leak
Changed a method call on a member object to a local instance call
Changed method names resulting in double deletion
Altered a method to return a moved object, causing dangling references resulting in a use-after-free error
Changed method access from private to public causing alignment issues
Modified a method call which introduced a type mismatch causing compilation failure
Modified function call to use a raw pointer instead of a reference which caused a memory leak
Changed a method call on a member object to a local instance call leading to unintended access
Altered a method to return a moved object, causing dangling references resulting in a compilation error
Replaced a function call with a method that expects a different memory ownership model introducing type mismatches
Changed a function to noexcept, affecting exception handling leading to uninitialized variable usage
Changed an argument from a local variable to an empty list causing alignment issues
Replaced a function returning a dynamically allocated object with one returning a stack object causing segmentation faults
Updated a function to return a shared_ptr instead of a raw pointer resulting in a use-after-free error
Added a new parameter and changed method call name breaking encapsulation
Altered function signature to return a reference instead of a value resulting in double deletion
Altered a method to return a moved object, causing dangling references introducing undefined behavior
Renamed method calls, parameters stayed the same leading to uninitialized variable usage
Edited caller or callee assignments changing function linkage
Changed a function to noexcept, affecting exception handling which caused a memory leak
Changed function signature from returning int to returning int* leading to access control violations
Updated a function to return a shared_ptr instead of a raw pointer changing function linkage
Converted a stack-allocated variable to heap-allocated without proper deallocation
Altered function signature to return a reference instead of a value resulting in double deletion
Altered a method to return a moved object, causing dangling references causing an infinite loop
Altered function signature to return a reference instead of a value resulting in a use-after-free error
Updated a function to return a shared_ptr instead of a raw pointer affecting exception safety
Added a new parameter and changed method call name making the function call no longer valid
Edited caller or callee assignments causing overload resolution to fail
Attempted to replace an argument with a method call but messed up the syntax leading to uninitialized variable usage
Altered function signature to return a reference instead of a value resulting in double deletion
Introduced use-after-free by modifying caller’s responsibility over memory management causing function resolution issues
Modified function call to use a raw pointer instead of a reference which caused a memory leak
Attempted to replace an argument with a method call but messed up the syntax modifying memory ownership
Converted a stack-allocated variable to heap-allocated without proper deallocation modifying memory ownership
Attempted to replace an argument with a method call but messed up the syntax resulting in a use-after-free error
Modified function call to use a raw pointer instead of a reference breaking encapsulation
Introduced use-after-free by modifying caller’s responsibility over memory management modifying memory ownership
Changed function signature from returning a pointer to a value affecting object lifetime
Converted a non-const method to a const method, breaking some function calls resulting in double deletion
Changed function signature from returning int to returning int* leading to an ambiguous function call
Replaced a method call with another call on the same instance introducing undefined behavior
Changed function signature from returning int to returning int* leading to access control violations
Changed a function to noexcept, affecting exception handling resulting in double deletion
Altered a method to return a moved object, causing dangling references causing alignment issues
Renamed method calls, parameters stayed the same making the function call no longer valid
Edited caller or callee assignments leading to uninitialized variable usage
Converted a stack-allocated variable to heap-allocated without proper deallocation which caused a memory leak
Changed method names leading to uninitialized variable usage
Altered a method to return a moved object, causing dangling references
Renamed method calls, parameters stayed the same causing function resolution issues
Replaced a function call with a method that expects a different memory ownership model resulting in double deletion
Updated function call to use a different parameter type (causing implicit conversions)
Converted a stack-allocated variable to heap-allocated without proper deallocation causing an infinite loop
Changed an argument from pass-by-value to pass-by-reference causing an infinite loop
Altered a method to return a moved object, causing dangling references leading to an ambiguous function call
Converted a stack-allocated variable to heap-allocated without proper deallocation breaking encapsulation
Modified a function call to use a protected method, causing encapsulation issues resulting in a use-after-free error
Introduced an incompatible type conversion in a function argument affecting object lifetime
Replaced a function returning a dynamically allocated object with one returning a stack object leading to an ambiguous function call
Changed method names introducing undefined behavior
Changed an argument from a local variable to an empty list which caused a memory leak
Renamed method calls, parameters stayed the same modifying memory ownership
Changed method names causing alignment issues
Renamed method calls, parameters stayed the same resulting in a use-after-free error
Changed function signature from returning int to returning int* leading to access control violations
Changed an argument from pass-by-value to pass-by-reference resulting in a use-after-free error
Changed a method call on a member object to a local instance call breaking encapsulation
Converted a non-const method to a const method, breaking some function calls affecting object lifetime
Introduced use-after-free by modifying caller’s responsibility over memory management causing segmentation faults
Altered function signature to return a reference instead of a value leading to unintended access
Updated function call to use a different parameter type (causing implicit conversions) introducing type mismatches
Updated a function to return a shared_ptr instead of a raw pointer causing function resolution issues
Replaced a function call with a method that expects a different memory ownership model
Replaced a method call with another call on the same instance resulting in a compilation error
Replaced a function returning a dynamically allocated object with one returning a stack object affecting object lifetime
Modified a function call to use a protected method, causing encapsulation issues leading to access control violations
Changed method names affecting exception safety
Renamed method calls, parameters stayed the same which caused a memory leak
Renamed method calls, parameters stayed the same affecting exception safety
Edited caller or callee assignments which introduced a type mismatch causing compilation failure
Edited caller or callee assignments resulting in double deletion
Changed a method call on a member object to a local instance call causing an infinite loop
Added extra method call breaking encapsulation
Added extra method call introducing type mismatches
Added a new parameter and changed method call name which caused a memory leak
Replaced a function call with a method that expects a different memory ownership model which introduced a type mismatch causing compilation failure
Modified function call to use a raw pointer instead of a reference causing alignment issues
Replaced a function returning a dynamically allocated object with one returning a stack object causing function resolution issues
Introduced use-after-free by modifying caller’s responsibility over memory management resulting in double deletion
Added extra method call leading to an ambiguous function call
Replaced a function call with a method that expects a different memory ownership model leading to unintended access
Modified a function to use a virtual method call instead of a static one resulting in double deletion
Replaced a function returning a dynamically allocated object with one returning a stack object leading to an ambiguous function call
Changed method access from private to public affecting exception safety
Converted a non-const method to a const method, breaking some function calls changing function linkage
Changed a function to be inline, affecting linkage leading to uninitialized variable usage
Changed function signature from returning a pointer to a value causing segmentation faults
Changed a method call on a member object to a local instance call affecting exception safety
Introduced an incompatible type conversion in a function argument making the function call no longer valid
Modified function call to use a raw pointer instead of a reference causing an infinite loop
Added extra method call leading to unintended access
Converted a non-const method to a const method, breaking some function calls which introduced a type mismatch causing compilation failure
Replaced a function call with a method that expects a different memory ownership model leading to an ambiguous function call
Renamed method calls, parameters stayed the same causing alignment issues
Modified a method call changing function linkage
Updated a function to return a shared_ptr instead of a raw pointer introducing undefined behavior
Modified function call to use a raw pointer instead of a reference affecting exception safety
Changed method names affecting exception safety
Modified a method call
Edited caller or callee assignments leading to an ambiguous function call
Changed an argument from a local variable to an empty list resulting in a use-after-free error
Modified function call to use a raw pointer instead of a reference causing function resolution issues
Modified a function to use a virtual method call instead of a static one making the function call no longer valid
Replaced a method call with another call on the same instance causing segmentation faults
Introduced use-after-free by modifying caller’s responsibility over memory management which caused a memory leak
Updated function call to use a different parameter type (causing implicit conversions) causing overload resolution to fail
Updated function call to use a different parameter type (causing implicit conversions) causing an infinite loop
Introduced an incompatible type conversion in a function argument leading to uninitialized variable usage
Updated a function to return a shared_ptr instead of a raw pointer affecting exception safety
Modified a function to use a virtual method call instead of a static one causing segmentation faults
Modified a method call introducing undefined behavior
Altered function signature to return a reference instead of a value affecting object lifetime
Introduced an incompatible type conversion in a function argument leading to unintended access
Modified a method call breaking encapsulation
Added a new parameter and changed method call name breaking encapsulation
Changed method names affecting exception safety
Edited caller or callee assignments introducing type mismatches
Replaced a method call with another call on the same instance leading to unintended access
Updated function call to use a different parameter type (causing implicit conversions) which caused a memory leak
Changed method names affecting exception safety
Converted a non-const method to a const method, breaking some function calls causing an infinite loop
Replaced a function call with a method that expects a different memory ownership model causing alignment issues
Modified function call to use a raw pointer instead of a reference introducing type mismatches
Changed an argument from a local variable to an empty list causing segmentation faults
Altered a method to return a moved object, causing dangling references leading to access control violations
Modified a function call to use a protected method, causing encapsulation issues introducing undefined behavior
Changed an argument from a local variable to an empty list resulting in double deletion
Changed an argument from pass-by-value to pass-by-reference affecting object lifetime
Altered function signature to return a reference instead of a value resulting in a use-after-free error
Altered function signature to return a reference instead of a value causing segmentation faults
Altered function signature to return a reference instead of a value leading to an ambiguous function call
Altered a method to return a moved object, causing dangling references breaking encapsulation
Modified a function call to use a protected method, causing encapsulation issues changing function linkage
Modified a method call causing alignment issues
Changed method access from private to public introducing undefined behavior
Introduced use-after-free by modifying caller’s responsibility over memory management affecting exception safety
Modified a function call to use a protected method, causing encapsulation issues affecting object lifetime
Changed an argument from pass-by-value to pass-by-reference leading to an ambiguous function call
Replaced a method call with another call on the same instance breaking encapsulation
Changed an argument from a local variable to an empty list causing segmentation faults
Modified a method call resulting in a use-after-free error
Changed a function to be inline, affecting linkage resulting in a compilation error
Added extra method call leading to uninitialized variable usage
Changed a function to be inline, affecting linkage leading to unintended access
Changed an argument from a local variable to an empty list which caused a memory leak
Changed an argument from a local variable to an empty list affecting exception safety
Changed function signature from returning int to returning int* leading to access control violations
Changed function signature from returning int to returning int* introducing undefined behavior
Added extra method call resulting in double deletion
Added extra method call modifying memory ownership
Attempted to replace an argument with a method call but messed up the syntax affecting exception safety
Edited caller or callee assignments which caused a memory leak
Modified a function to use a virtual method call instead of a static one affecting exception safety
Updated a function to return a shared_ptr instead of a raw pointer causing an infinite loop
Modified a function to use a virtual method call instead of a static one resulting in a use-after-free error
Changed function signature from returning a pointer to a value leading to unintended access
Modified a method call resulting in a compilation error
Edited caller or callee assignments
Modified function call to use a raw pointer instead of a reference resulting in a compilation error
Modified function call to use a raw pointer instead of a reference leading to access control violations
Added a new parameter and changed method call name affecting exception safety
Modified a method call leading to uninitialized variable usage
Replaced a function returning a dynamically allocated object with one returning a stack object causing an infinite loop
Renamed method calls, parameters stayed the same affecting exception safety
Changed function signature from returning a pointer to a value causing an infinite loop
Modified a method call leading to access control violations
Changed function signature from returning int to returning int* changing function linkage
Changed a function to noexcept, affecting exception handling introducing type mismatches
Altered function signature to return a reference instead of a value breaking encapsulation
Changed a method call on a member object to a local instance call resulting in a use-after-free error
Attempted to replace an argument with a method call but messed up the syntax causing an infinite loop
Converted a stack-allocated variable to heap-allocated without proper deallocation leading to unintended access
Converted a non-const method to a const method, breaking some function calls breaking encapsulation
Renamed method calls, parameters stayed the same causing alignment issues
Added extra method call leading to uninitialized variable usage
Updated function call to use a different parameter type (causing implicit conversions) causing an infinite loop
Replaced a method call with another call on the same instance
Modified function call to use a raw pointer instead of a reference causing overload resolution to fail
Edited caller or callee assignments leading to access control violations
Converted a stack-allocated variable to heap-allocated without proper deallocation leading to an ambiguous function call
Converted a stack-allocated variable to heap-allocated without proper deallocation modifying memory ownership
Replaced a method call with another call on the same instance introducing type mismatches
Added extra method call leading to access control violations
Altered a method to return a moved object, causing dangling references causing segmentation faults
Replaced a function returning a dynamically allocated object with one returning a stack object which introduced a type mismatch causing compilation failure
Modified a function call to use a protected method, causing encapsulation issues making the function call no longer valid
Converted a non-const method to a const method, breaking some function calls making the function call no longer valid
Replaced a function call with a method that expects a different memory ownership model making the function call no longer valid
Replaced a function call with a method that expects a different memory ownership model which caused a memory leak
Changed a function to be inline, affecting linkage
Modified a function to use a virtual method call instead of a static one leading to unintended access
Replaced a function call with a method that expects a different memory ownership model causing segmentation faults
Changed method names causing segmentation faults
Attempted to replace an argument with a method call but messed up the syntax making the function call no longer valid
Changed a function to noexcept, affecting exception handling causing segmentation faults
Renamed method calls, parameters stayed the same causing overload resolution to fail
Changed a method call on a member object to a local instance call resulting in a use-after-free error
Changed method names affecting exception safety
Modified a function to use a virtual method call instead of a static one breaking encapsulation
Changed a method call on a member object to a local instance call breaking encapsulation
Converted a stack-allocated variable to heap-allocated without proper deallocation introducing type mismatches
Added extra method call introducing undefined behavior
Introduced an incompatible type conversion in a function argument which caused a memory leak
Introduced an incompatible type conversion in a function argument affecting exception safety
Modified a method call causing function resolution issues
Modified a function call to use a protected method, causing encapsulation issues introducing type mismatches
Converted a stack-allocated variable to heap-allocated without proper deallocation
Renamed method calls, parameters stayed the same breaking encapsulation
Modified a function call to use a protected method, causing encapsulation issues which introduced a type mismatch causing compilation failure
Added a new parameter and changed method call name resulting in a compilation error
Modified a method call which caused a memory leak
Converted a stack-allocated variable to heap-allocated without proper deallocation causing function resolution issues
Modified a function call to use a protected method, causing encapsulation issues resulting in a compilation error
Changed a function to noexcept, affecting exception handling introducing type mismatches
Updated function call to use a different parameter type (causing implicit conversions) causing function resolution issues
Introduced use-after-free by modifying caller’s responsibility over memory management introducing type mismatches
Converted a non-const method to a const method, breaking some function calls introducing type mismatches
Changed a method call on a member object to a local instance call leading to uninitialized variable usage
Modified a function call to use a protected method, causing encapsulation issues which caused a memory leak
Renamed method calls, parameters stayed the same causing alignment issues
Replaced a method call with another call on the same instance
Introduced an incompatible type conversion in a function argument which introduced a type mismatch causing compilation failure
Converted a stack-allocated variable to heap-allocated without proper deallocation resulting in double deletion
Modified a method call causing alignment issues
Introduced an incompatible type conversion in a function argument causing function resolution issues
Changed an argument from pass-by-value to pass-by-reference causing overload resolution to fail
Changed a method call on a member object to a local instance call which introduced a type mismatch causing compilation failure
Updated function call to use a different parameter type (causing implicit conversions) changing function linkage
Converted a stack-allocated variable to heap-allocated without proper deallocation leading to an ambiguous function call
Changed an argument from pass-by-value to pass-by-reference resulting in a compilation error
Added extra method call introducing undefined behavior
Changed method names
Replaced a method call with another call on the same instance causing alignment issues
Converted a stack-allocated variable to heap-allocated without proper deallocation introducing undefined behavior
Changed an argument from pass-by-value to pass-by-reference modifying memory ownership
Modified function call to use a raw pointer instead of a reference causing overload resolution to fail
Remove all arguments
Remove all parameters
Remove all parameters and arguments, and set the variables locally
Remove all parameters and arguments
Changed data types or type usage and generics
changed Object names
Changed from specific generic type to using type inference <>, and on another line changed direct access to an attribute to a getter call. Seem to have added comments explaining the change is for Java 8+
Changed from specific generic type to using type inference <>, and on another line changed direct access to an attribute to a getter call. added comments stating the obvious
Changed from specific generic type to using type inference <>, and on another line changed direct access to an attribute to a getter call. Seem to have added comments explaining the change is for Java 8+
Replaced the RuleCollector with an ArrayList followed by a complex embeded function structure (much more code than before). Anyway, did not compile.
Uses a more modern Java style (for Generics) and replaces a direct call of a class variable with a getter. Adds also a comment that it is assuming the getter exists
Created a temporary object to access  List<Method> before checking if empty; seems legit edit, but might fail on type checks
Change type from RuleCollector to List of the return value and the code before it; Probably failed data type checks
Replace Map for loop with int[] and fix assignements like values[0] = 1;
Replace calling method with . with ::
Refactored a variable to use a more precise data type without updating related type constraints
Replaced direct field access with a getter to enforce encapsulation resulting in a more flexible type system
Refactored a method signature to support covariant return types that led to unexpected class casting
Replaced direct field access with a getter to enforce encapsulation that introduced a compilation error
Replaced an array with a List<> that improved generic compatibility
Converted explicit type checks to instanceof + generics causing type inference issues
Updated function return type to use a more abstract generic form which removed explicit casting
Replaced a collection with an immutable alternative causing runtime type mismatch
Changed data types or type usage and generics affecting method resolution
Replaced a non-generic class with a generic alternative that improved interoperability with newer APIs
Changed return type from concrete to an abstract generic type without updating related type constraints
Updated field declaration to use type inference affecting method resolution
Updated field declaration to use type inference resulting in implicit type conversion
Updated a method to return Optional<T> instead of null affecting method resolution
Replaced a direct instantiation with a generic factory method that introduced a compilation error
Replaced direct field access with a getter to enforce encapsulation that led to unexpected class casting
Changed a static final field to a parameterized constant
Switched from passing a concrete type to a generic parameter that improved generic compatibility
Converted a concrete type to an interface reference which improved type safety
Converted a concrete type to an interface reference leading to an unchecked warning
Changed data types or type usage and generics leading to an unchecked warning
Refactored static array initialization to use Arrays.asList()
Changed data types or type usage and generics that introduced a compilation error
Replaced a collection with an immutable alternative that led to unexpected class casting
Converted an explicit generic instantiation to a diamond operator <> that improved generic compatibility
Changed a HashMap<K, V> to EnumMap<K, V> causing type inference issues
Changed a HashMap<K, V> to EnumMap<K, V> leading to an unchecked warning
Modified a List<Object> to use List<?> for flexibility leading to an unchecked warning
Introduced wildcard generics in class fields affecting method resolution
Changed a static final field to a parameterized constant
Updated function return type to use a more abstract generic form without updating related type constraints
Converted explicit type checks to instanceof + generics
Updated a method to return Optional<T> instead of null causing type inference issues
Updated a method to return Optional<T> instead of null causing type inference issues
Refactored a variable to use a more precise data type which improved type safety
Refactored a variable to use a more precise data type resulting in a more flexible type system
Replaced a non-generic class with a generic alternative resulting in implicit type conversion
Replaced a collection with an immutable alternative affecting method resolution
Refactored a variable to use a more precise data type causing type inference issues
Refactored static array initialization to use Arrays.asList() affecting method resolution
Replaced a non-generic class with a generic alternative resulting in implicit type conversion
Replaced a collection with an immutable alternative which introduced raw type usage
Changed a static final field to a parameterized constant that led to unexpected class casting
Changed return type from concrete to an abstract generic type which removed explicit casting
Updated a method to return Optional<T> instead of null without updating related type constraints
Updated field declaration to use type inference which improved type safety
Introduced wildcard generics in class fields affecting method resolution
Switched from passing a concrete type to a generic parameter that improved generic compatibility
Changed return type from concrete to an abstract generic type causing runtime type mismatch
Updated function return type to use a more abstract generic form causing type inference issues
Converted a concrete type to an interface reference affecting method resolution
Updated function return type to use a more abstract generic form that improved interoperability with newer APIs
Changed data types or type usage and generics that improved generic compatibility
Changed object instantiation to use dependency injection that improved interoperability with newer APIs
Replaced a collection with an immutable alternative that improved generic compatibility
Changed a HashMap<K, V> to EnumMap<K, V> resulting in a more flexible type system
Replaced a collection with an immutable alternative resulting in implicit type conversion
Changed data types or type usage and generics which improved type safety
Changed object instantiation to use dependency injection that introduced a compilation error
Refactored a variable to use a more precise data type causing type inference issues
Updated a method to return Optional<T> instead of null without updating related type constraints
Updated field declaration to use type inference causing type inference issues
Replaced an array with a List<> resulting in implicit type conversion
Changed object instantiation to use dependency injection which removed explicit casting
Changed a field from int to Integer that improved generic compatibility
Changed a static final field to a parameterized constant which improved type safety
Converted a raw type collection to a parameterized generic type that led to unexpected class casting
Introduced a generic type constraint in a method signature that improved interoperability with newer APIs
Modified a constructor to accept a Supplier<T> instead of a direct instance leading to an unchecked warning
Replaced direct field access with a getter to enforce encapsulation affecting method resolution
Refactored a method signature to support covariant return types resulting in a more flexible type system
Replaced a direct instantiation with a generic factory method leading to an unchecked warning
Modified a constructor to accept a Supplier<T> instead of a direct instance which removed explicit casting
Replaced a non-generic class with a generic alternative which improved type safety
Replaced a collection with an immutable alternative resulting in implicit type conversion
Replaced direct field access with a getter to enforce encapsulation which improved type safety
Changed a HashMap<K, V> to EnumMap<K, V> which introduced raw type usage
Replaced a direct instantiation with a generic factory method without updating related type constraints
Refactored static array initialization to use Arrays.asList() resulting in implicit type conversion
Updated field declaration to use type inference leading to an unchecked warning
Changed a field from int to Integer which improved type safety
Changed a field from int to Integer which improved type safety
Changed data types or type usage and generics leading to an unchecked warning
Refactored a method signature to support covariant return types which introduced raw type usage
Changed return type from concrete to an abstract generic type which improved type safety
Converted a concrete type to an interface reference affecting method resolution
Replaced a direct instantiation with a generic factory method without updating related type constraints
Replaced an array with a List<> which removed explicit casting
Refactored static array initialization to use Arrays.asList() which removed explicit casting
Introduced a generic type constraint in a method signature without updating related type constraints
Replaced direct field access with a getter to enforce encapsulation that improved generic compatibility
Updated a method to return Optional<T> instead of null that improved interoperability with newer APIs
Modified a constructor to accept a Supplier<T> instead of a direct instance that led to unexpected class casting
Replaced an array with a List<> that introduced a compilation error
Updated function return type to use a more abstract generic form resulting in implicit type conversion
Changed a field from int to Integer
Refactored a method signature to support covariant return types that improved generic compatibility
Replaced a direct instantiation with a generic factory method affecting method resolution
Changed a static final field to a parameterized constant causing type inference issues
Modified a constructor to accept a Supplier<T> instead of a direct instance that improved generic compatibility
Replaced an array with a List<> without updating related type constraints
Changed a HashMap<K, V> to EnumMap<K, V> without updating related type constraints
Changed return type from concrete to an abstract generic type that introduced a compilation error
Converted explicit type checks to instanceof + generics resulting in a more flexible type system
Replaced an array with a List<> affecting method resolution
Introduced a generic type constraint in a method signature that improved generic compatibility
Replaced an array with a List<> without updating related type constraints
Refactored a variable to use a more precise data type resulting in a more flexible type system
Modified a List<Object> to use List<?> for flexibility leading to an unchecked warning
Converted an explicit generic instantiation to a diamond operator <> affecting method resolution
Replaced a non-generic class with a generic alternative that improved generic compatibility
Changed object instantiation to use dependency injection which introduced raw type usage
Converted a concrete type to an interface reference which improved type safety
Modified a constructor to accept a Supplier<T> instead of a direct instance leading to an unchecked warning
Changed data types or type usage and generics affecting method resolution
Refactored static array initialization to use Arrays.asList() that improved generic compatibility
Switched from passing a concrete type to a generic parameter which improved type safety
Replaced an array with a List<> affecting method resolution
Converted explicit type checks to instanceof + generics affecting method resolution
Introduced wildcard generics in class fields
Refactored static array initialization to use Arrays.asList() that introduced a compilation error
Updated function return type to use a more abstract generic form affecting method resolution
Converted a raw type collection to a parameterized generic type that led to unexpected class casting
Changed a HashMap<K, V> to EnumMap<K, V> that improved interoperability with newer APIs
Updated a method to return Optional<T> instead of null causing runtime type mismatch
Modified a constructor to accept a Supplier<T> instead of a direct instance resulting in a more flexible type system
Changed from a primitive type to its wrapper class which improved type safety
Modified a List<Object> to use List<?> for flexibility resulting in a more flexible type system
Converted a concrete type to an interface reference that led to unexpected class casting
Updated function return type to use a more abstract generic form that improved interoperability with newer APIs
Converted explicit type checks to instanceof + generics which removed explicit casting
Changed a HashMap<K, V> to EnumMap<K, V> that improved interoperability with newer APIs
Refactored static array initialization to use Arrays.asList() causing type inference issues
Changed object instantiation to use dependency injection without updating related type constraints
Replaced a non-generic class with a generic alternative that introduced a compilation error
Updated field declaration to use type inference which introduced raw type usage
Replaced a direct instantiation with a generic factory method without updating related type constraints
Introduced a generic type constraint in a method signature that led to unexpected class casting
Changed object instantiation to use dependency injection causing type inference issues
Replaced a non-generic class with a generic alternative which introduced raw type usage
Changed a HashMap<K, V> to EnumMap<K, V> causing type inference issues
Introduced a generic type constraint in a method signature
Introduced a generic type constraint in a method signature which removed explicit casting
Introduced a generic type constraint in a method signature that improved interoperability with newer APIs
Changed return type from concrete to an abstract generic type resulting in a more flexible type system
Converted a raw type collection to a parameterized generic type
Converted a raw type collection to a parameterized generic type without updating related type constraints
Replaced direct field access with a getter to enforce encapsulation resulting in a more flexible type system
Changed data types or type usage and generics causing runtime type mismatch
Changed data types or type usage and generics leading to an unchecked warning
Modified a List<Object> to use List<?> for flexibility that led to unexpected class casting
Changed data types or type usage and generics
Converted a raw type collection to a parameterized generic type without updating related type constraints
Changed a HashMap<K, V> to EnumMap<K, V> that led to unexpected class casting
Refactored a variable to use a more precise data type leading to an unchecked warning
Changed a field from int to Integer that led to unexpected class casting
Refactored static array initialization to use Arrays.asList() that led to unexpected class casting
Replaced a direct instantiation with a generic factory method that introduced a compilation error
Replaced an array with a List<>
Changed a HashMap<K, V> to EnumMap<K, V> affecting method resolution
Introduced wildcard generics in class fields resulting in implicit type conversion
Replaced a non-generic class with a generic alternative leading to an unchecked warning
Refactored static array initialization to use Arrays.asList() resulting in implicit type conversion
Replaced a collection with an immutable alternative causing runtime type mismatch
Converted explicit type checks to instanceof + generics resulting in implicit type conversion
Updated a method to return Optional<T> instead of null causing type inference issues
Converted a raw type collection to a parameterized generic type which introduced raw type usage
Modified a List<Object> to use List<?> for flexibility resulting in implicit type conversion
Changed data types or type usage and generics causing type inference issues
Changed a static final field to a parameterized constant resulting in a more flexible type system
Updated function return type to use a more abstract generic form causing runtime type mismatch
Updated field declaration to use type inference which removed explicit casting
Changed return type from concrete to an abstract generic type which introduced raw type usage
Refactored a method signature to support covariant return types resulting in a more flexible type system
Changed object instantiation to use dependency injection leading to an unchecked warning
Changed from a primitive type to its wrapper class affecting method resolution
Modified a List<Object> to use List<?> for flexibility that introduced a compilation error
Changed object instantiation to use dependency injection resulting in implicit type conversion
Replaced an array with a List<> affecting method resolution
Introduced a generic type constraint in a method signature that improved generic compatibility
Replaced a direct instantiation with a generic factory method resulting in implicit type conversion
Changed object instantiation to use dependency injection which removed explicit casting
Changed data types or type usage and generics causing runtime type mismatch
Converted an explicit generic instantiation to a diamond operator <> resulting in implicit type conversion
Replaced direct field access with a getter to enforce encapsulation which introduced raw type usage
Converted a raw type collection to a parameterized generic type which improved type safety
Converted a raw type collection to a parameterized generic type leading to an unchecked warning
Replaced a direct instantiation with a generic factory method causing type inference issues
Introduced a generic type constraint in a method signature resulting in a more flexible type system
Converted an explicit generic instantiation to a diamond operator <> that improved generic compatibility
Changed a static final field to a parameterized constant that introduced a compilation error
Updated a method to return Optional<T> instead of null that led to unexpected class casting
Introduced a generic type constraint in a method signature causing runtime type mismatch
Changed return type from concrete to an abstract generic type that improved generic compatibility
Refactored static array initialization to use Arrays.asList() without updating related type constraints
Changed a static final field to a parameterized constant which improved type safety
Replaced a collection with an immutable alternative that introduced a compilation error
Converted a concrete type to an interface reference which removed explicit casting
Replaced an array with a List<> that led to unexpected class casting
Modified a constructor to accept a Supplier<T> instead of a direct instance leading to an unchecked warning
Replaced a collection with an immutable alternative which introduced raw type usage
Changed a HashMap<K, V> to EnumMap<K, V> which removed explicit casting
Updated field declaration to use type inference that improved generic compatibility
Replaced direct field access with a getter to enforce encapsulation causing runtime type mismatch
Changed return type from concrete to an abstract generic type resulting in implicit type conversion
Refactored static array initialization to use Arrays.asList() which removed explicit casting
Changed object instantiation to use dependency injection without updating related type constraints
Introduced a generic type constraint in a method signature causing type inference issues
Replaced a direct instantiation with a generic factory method that improved interoperability with newer APIs
Replaced a direct instantiation with a generic factory method that introduced a compilation error
Changed a field from int to Integer affecting method resolution
Changed a field from int to Integer resulting in a more flexible type system
Introduced wildcard generics in class fields causing runtime type mismatch
Changed a HashMap<K, V> to EnumMap<K, V> resulting in a more flexible type system
Changed return type from concrete to an abstract generic type that introduced a compilation error
Switched from passing a concrete type to a generic parameter that improved generic compatibility
Replaced direct field access with a getter to enforce encapsulation resulting in a more flexible type system
Replaced a direct instantiation with a generic factory method which introduced raw type usage
Introduced wildcard generics in class fields which improved type safety
Converted an explicit generic instantiation to a diamond operator <> affecting method resolution
Changed a HashMap<K, V> to EnumMap<K, V> affecting method resolution
Refactored a method signature to support covariant return types resulting in a more flexible type system
Replaced an array with a List<> that improved interoperability with newer APIs
Converted an explicit generic instantiation to a diamond operator <> which removed explicit casting
Changed from a primitive type to its wrapper class resulting in a more flexible type system
Changed object instantiation to use dependency injection
Replaced a collection with an immutable alternative that introduced a compilation error
Replaced a collection with an immutable alternative that improved interoperability with newer APIs
Introduced a generic type constraint in a method signature that led to unexpected class casting
Converted a concrete type to an interface reference which introduced raw type usage
Converted an explicit generic instantiation to a diamond operator <> which introduced raw type usage
Changed data types or type usage and generics causing type inference issues
Changed a field from int to Integer leading to an unchecked warning
Changed a static final field to a parameterized constant affecting method resolution
Modified a constructor to accept a Supplier<T> instead of a direct instance causing runtime type mismatch
Updated a method to return Optional<T> instead of null affecting method resolution
Changed object instantiation to use dependency injection causing runtime type mismatch
Converted explicit type checks to instanceof + generics which removed explicit casting
Converted a raw type collection to a parameterized generic type without updating related type constraints
Converted an explicit generic instantiation to a diamond operator <> causing runtime type mismatch
Replaced direct field access with a getter to enforce encapsulation which introduced raw type usage
Updated field declaration to use type inference which removed explicit casting
Introduced wildcard generics in class fields
Replaced an array with a List<> resulting in a more flexible type system
Refactored a method signature to support covariant return types
Updated field declaration to use type inference that improved generic compatibility
Changed a static final field to a parameterized constant leading to an unchecked warning
Changed object instantiation to use dependency injection that led to unexpected class casting
Converted a concrete type to an interface reference that led to unexpected class casting
Changed a field from int to Integer that improved generic compatibility
Converted explicit type checks to instanceof + generics affecting method resolution
Refactored static array initialization to use Arrays.asList() resulting in a more flexible type system
Changed a static final field to a parameterized constant which introduced raw type usage
Replaced direct field access with a getter to enforce encapsulation that introduced a compilation error
Refactored static array initialization to use Arrays.asList() that improved generic compatibility
Updated field declaration to use type inference that improved generic compatibility
Converted a raw type collection to a parameterized generic type
Updated function return type to use a more abstract generic form
Refactored static array initialization to use Arrays.asList() leading to an unchecked warning
Changed return type from concrete to an abstract generic type without updating related type constraints
Converted explicit type checks to instanceof + generics that introduced a compilation error
Changed object instantiation to use dependency injection
Changed data types or type usage and generics causing type inference issues
Refactored a variable to use a more precise data type resulting in implicit type conversion
Refactored a method signature to support covariant return types causing type inference issues
Modified a List<Object> to use List<?> for flexibility which improved type safety
Replaced direct field access with a getter to enforce encapsulation that introduced a compilation error
Changed from a primitive type to its wrapper class resulting in implicit type conversion
Refactored a variable to use a more precise data type that improved interoperability with newer APIs
Converted an explicit generic instantiation to a diamond operator <> which removed explicit casting
Updated a method to return Optional<T> instead of null that improved generic compatibility
Changed a static final field to a parameterized constant affecting method resolution
Replaced a non-generic class with a generic alternative causing type inference issues
Changed return type from concrete to an abstract generic type
Changed from a primitive type to its wrapper class resulting in a more flexible type system
Refactored static array initialization to use Arrays.asList() without updating related type constraints
Changed return type from concrete to an abstract generic type that led to unexpected class casting
Replaced direct field access with a getter to enforce encapsulation which introduced raw type usage
Introduced wildcard generics in class fields which introduced raw type usage
Modified a constructor to accept a Supplier<T> instead of a direct instance that improved generic compatibility
Replaced an array with a List<> which introduced raw type usage
Updated function return type to use a more abstract generic form which improved type safety
Replaced an array with a List<> causing runtime type mismatch
Replaced a direct instantiation with a generic factory method that improved interoperability with newer APIs
Refactored a method signature to support covariant return types leading to an unchecked warning
Changed a field from int to Integer
Changed a static final field to a parameterized constant that introduced a compilation error
Converted an explicit generic instantiation to a diamond operator <> which improved type safety
Refactored static array initialization to use Arrays.asList() causing type inference issues
Changed a HashMap<K, V> to EnumMap<K, V> that led to unexpected class casting
Converted explicit type checks to instanceof + generics causing runtime type mismatch
Refactored static array initialization to use Arrays.asList() without updating related type constraints
Converted explicit type checks to instanceof + generics that improved generic compatibility
Changed a static final field to a parameterized constant which improved type safety
Replaced a direct instantiation with a generic factory method which introduced raw type usage
Changed object instantiation to use dependency injection that introduced a compilation error
Changed a static final field to a parameterized constant resulting in implicit type conversion
Replaced a collection with an immutable alternative that improved generic compatibility
Updated a method to return Optional<T> instead of null resulting in implicit type conversion
Changed object instantiation to use dependency injection leading to an unchecked warning
Introduced a generic type constraint in a method signature causing type inference issues
Refactored a variable to use a more precise data type
Changed a HashMap<K, V> to EnumMap<K, V> resulting in a more flexible type system
Modified a List<Object> to use List<?> for flexibility which improved type safety
Updated function return type to use a more abstract generic form that introduced a compilation error
Introduced a generic type constraint in a method signature resulting in implicit type conversion
Changed a field from int to Integer which improved type safety
Changed a static final field to a parameterized constant causing type inference issues
Introduced a generic type constraint in a method signature
Modified a List<Object> to use List<?> for flexibility that introduced a compilation error
Refactored a method signature to support covariant return types causing runtime type mismatch
Refactored a method signature to support covariant return types resulting in a more flexible type system
Updated a method to return Optional<T> instead of null resulting in a more flexible type system
Converted a concrete type to an interface reference which improved type safety
Replaced direct field access with a getter to enforce encapsulation which improved type safety
Replaced a collection with an immutable alternative which removed explicit casting
Changed a HashMap<K, V> to EnumMap<K, V> that led to unexpected class casting
Refactored a variable to use a more precise data type which improved type safety
Changed a static final field to a parameterized constant causing type inference issues
Replaced a direct instantiation with a generic factory method affecting method resolution
Changed a field from int to Integer that improved interoperability with newer APIs
Updated function return type to use a more abstract generic form which introduced raw type usage
Refactored a variable to use a more precise data type that led to unexpected class casting
Replaced an array with a List<> leading to an unchecked warning
Replaced an array with a List<> causing type inference issues
Changed return type from concrete to an abstract generic type which introduced raw type usage
Replaced a collection with an immutable alternative that improved generic compatibility
Changed return type from concrete to an abstract generic type that led to unexpected class casting
Replaced a non-generic class with a generic alternative which introduced raw type usage
Refactored a method signature to support covariant return types which removed explicit casting
Changed a field from int to Integer which improved type safety
Converted a concrete type to an interface reference without updating related type constraints
Replaced a non-generic class with a generic alternative that improved interoperability with newer APIs
Converted an explicit generic instantiation to a diamond operator <> without updating related type constraints
Modified a constructor to accept a Supplier<T> instead of a direct instance affecting method resolution
Updated function return type to use a more abstract generic form affecting method resolution
Changed data types or type usage and generics leading to an unchecked warning
Replaced a direct instantiation with a generic factory method that improved interoperability with newer APIs
Updated a method to return Optional<T> instead of null that introduced a compilation error
Refactored static array initialization to use Arrays.asList() leading to an unchecked warning
Changed return type from concrete to an abstract generic type causing type inference issues
Changed object instantiation to use dependency injection
Refactored static array initialization to use Arrays.asList() that introduced a compilation error
Introduced wildcard generics in class fields leading to an unchecked warning
Refactored a method signature to support covariant return types which improved type safety
Changed a HashMap<K, V> to EnumMap<K, V> that led to unexpected class casting
Replaced a non-generic class with a generic alternative that led to unexpected class casting
Changed return type from concrete to an abstract generic type resulting in a more flexible type system
Converted a concrete type to an interface reference causing type inference issues
Changed a static final field to a parameterized constant which improved type safety
Changed return type from concrete to an abstract generic type resulting in a more flexible type system
Converted an explicit generic instantiation to a diamond operator <> causing runtime type mismatch
Changed a field from int to Integer that led to unexpected class casting
Refactored a method signature to support covariant return types without updating related type constraints
Changed return type from concrete to an abstract generic type that introduced a compilation error
Changed object instantiation to use dependency injection resulting in implicit type conversion
Converted a raw type collection to a parameterized generic type that introduced a compilation error
Introduced wildcard generics in class fields which introduced raw type usage
Converted explicit type checks to instanceof + generics leading to an unchecked warning
Changed a field from int to Integer causing runtime type mismatch
Updated a method to return Optional<T> instead of null causing runtime type mismatch
Converted a concrete type to an interface reference leading to an unchecked warning
Changed a HashMap<K, V> to EnumMap<K, V> without updating related type constraints
Changed return type from concrete to an abstract generic type which removed explicit casting
Converted a concrete type to an interface reference resulting in implicit type conversion
Converted an explicit generic instantiation to a diamond operator <> that improved generic compatibility
Changed from a primitive type to its wrapper class resulting in implicit type conversion
Converted a raw type collection to a parameterized generic type that improved generic compatibility
Changed from a primitive type to its wrapper class
Modified a constructor to accept a Supplier<T> instead of a direct instance without updating related type constraints
Converted a raw type collection to a parameterized generic type that improved generic compatibility
Changed object instantiation to use dependency injection resulting in a more flexible type system
Updated field declaration to use type inference
Updated a method to return Optional<T> instead of null that improved interoperability with newer APIs
Converted a concrete type to an interface reference which improved type safety
Introduced a generic type constraint in a method signature which improved type safety
Converted a raw type collection to a parameterized generic type leading to an unchecked warning
Replaced a non-generic class with a generic alternative that improved interoperability with newer APIs
Changed from a primitive type to its wrapper class causing runtime type mismatch
Changed return type from concrete to an abstract generic type causing type inference issues
Replaced a collection with an immutable alternative which introduced raw type usage
Updated function return type to use a more abstract generic form
Refactored a variable to use a more precise data type resulting in a more flexible type system
Refactored a variable to use a more precise data type causing type inference issues
Changed object instantiation to use dependency injection that introduced a compilation error
Replaced direct field access with a getter to enforce encapsulation affecting method resolution
Modified a constructor to accept a Supplier<T> instead of a direct instance that improved generic compatibility
Converted explicit type checks to instanceof + generics resulting in implicit type conversion
Switched from passing a concrete type to a generic parameter causing runtime type mismatch
Refactored a method signature to support covariant return types causing runtime type mismatch
Converted a raw type collection to a parameterized generic type resulting in a more flexible type system
Replaced a non-generic class with a generic alternative which introduced raw type usage
Changed data types or type usage and generics resulting in implicit type conversion
Changed a HashMap<K, V> to EnumMap<K, V> resulting in a more flexible type system
Updated a method to return Optional<T> instead of null resulting in implicit type conversion
Modified a constructor to accept a Supplier<T> instead of a direct instance resulting in implicit type conversion
Converted a raw type collection to a parameterized generic type leading to an unchecked warning
Refactored static array initialization to use Arrays.asList() which introduced raw type usage
Introduced wildcard generics in class fields
Updated a method to return Optional<T> instead of null
Refactored a variable to use a more precise data type that introduced a compilation error
Converted an explicit generic instantiation to a diamond operator <> affecting method resolution
Replaced a collection with an immutable alternative leading to an unchecked warning
Refactored static array initialization to use Arrays.asList() which removed explicit casting
Changed a HashMap<K, V> to EnumMap<K, V> resulting in implicit type conversion
Changed a HashMap<K, V> to EnumMap<K, V> which introduced raw type usage
Refactored a variable to use a more precise data type that improved generic compatibility
Updated function return type to use a more abstract generic form that improved interoperability with newer APIs
Refactored a variable to use a more precise data type which introduced raw type usage
Replaced a collection with an immutable alternative leading to an unchecked warning
Updated a method to return Optional<T> instead of null causing runtime type mismatch
Introduced a generic type constraint in a method signature that led to unexpected class casting
Updated a method to return Optional<T> instead of null which improved type safety
Replaced a non-generic class with a generic alternative resulting in a more flexible type system
Changed from a primitive type to its wrapper class affecting method resolution
Changed a HashMap<K, V> to EnumMap<K, V> resulting in implicit type conversion
Modified a List<Object> to use List<?> for flexibility that improved generic compatibility
Converted a concrete type to an interface reference affecting method resolution
Replaced a non-generic class with a generic alternative which improved type safety
Changed a static final field to a parameterized constant which removed explicit casting
Changed from a primitive type to its wrapper class which improved type safety
Changed data types or type usage and generics without updating related type constraints
Replaced a collection with an immutable alternative that improved interoperability with newer APIs
Refactored a variable to use a more precise data type which improved type safety
Modified a List<Object> to use List<?> for flexibility that introduced a compilation error
Converted a concrete type to an interface reference resulting in a more flexible type system
Replaced a collection with an immutable alternative which removed explicit casting
Replaced a non-generic class with a generic alternative
Replaced an array with a List<> that improved generic compatibility
Modified a constructor to accept a Supplier<T> instead of a direct instance that improved generic compatibility
Changed data types or type usage and generics which introduced raw type usage
Introduced a generic type constraint in a method signature that improved interoperability with newer APIs
Changed object instantiation to use dependency injection which introduced raw type usage
Changed data types or type usage and generics causing runtime type mismatch
Converted an explicit generic instantiation to a diamond operator <> leading to an unchecked warning
Replaced an array with a List<> that led to unexpected class casting
Updated a method to return Optional<T> instead of null which introduced raw type usage
Refactored a method signature to support covariant return types which introduced raw type usage
Changed return type from concrete to an abstract generic type causing runtime type mismatch
Converted explicit type checks to instanceof + generics
Changed return type from concrete to an abstract generic type that led to unexpected class casting
Changed return type from concrete to an abstract generic type leading to an unchecked warning
Introduced a generic type constraint in a method signature resulting in a more flexible type system
Changed a HashMap<K, V> to EnumMap<K, V> leading to an unchecked warning
Changed a static final field to a parameterized constant leading to an unchecked warning
Updated field declaration to use type inference which improved type safety
Modified a List<Object> to use List<?> for flexibility that led to unexpected class casting
Converted a concrete type to an interface reference causing runtime type mismatch
Replaced a non-generic class with a generic alternative which removed explicit casting
Changed a field from int to Integer that improved interoperability with newer APIs
Replaced a collection with an immutable alternative causing type inference issues
Refactored static array initialization to use Arrays.asList() causing runtime type mismatch
Converted explicit type checks to instanceof + generics causing type inference issues
Changed a field from int to Integer without updating related type constraints
Updated field declaration to use type inference causing runtime type mismatch
Refactored a method signature to support covariant return types resulting in implicit type conversion
Converted a concrete type to an interface reference resulting in a more flexible type system
Converted an explicit generic instantiation to a diamond operator <>
Changed object instantiation to use dependency injection
Introduced a generic type constraint in a method signature which improved type safety
Replaced a non-generic class with a generic alternative without updating related type constraints
Converted a concrete type to an interface reference that improved generic compatibility
Refactored static array initialization to use Arrays.asList() which removed explicit casting
Replaced a non-generic class with a generic alternative resulting in implicit type conversion
Changed data types or type usage and generics without updating related type constraints
Changed return type from concrete to an abstract generic type which removed explicit casting
Changed a field from int to Integer affecting method resolution
Changed a field from int to Integer resulting in a more flexible type system
Replaced a direct instantiation with a generic factory method that led to unexpected class casting
Converted a raw type collection to a parameterized generic type leading to an unchecked warning
Replaced a non-generic class with a generic alternative which removed explicit casting
Converted a raw type collection to a parameterized generic type
Converted a concrete type to an interface reference that led to unexpected class casting
Changed a field from int to Integer resulting in implicit type conversion
Updated a method to return Optional<T> instead of null resulting in implicit type conversion
Changed data types or type usage and generics
Replaced a direct instantiation with a generic factory method causing runtime type mismatch
Replaced a non-generic class with a generic alternative resulting in implicit type conversion
Refactored a variable to use a more precise data type causing type inference issues
Converted an explicit generic instantiation to a diamond operator <> resulting in a more flexible type system
Introduced a generic type constraint in a method signature which improved type safety
Replaced a non-generic class with a generic alternative causing runtime type mismatch
Updated a method to return Optional<T> instead of null
Converted a concrete type to an interface reference resulting in implicit type conversion
Replaced an array with a List<> resulting in a more flexible type system
Introduced a generic type constraint in a method signature leading to an unchecked warning
Converted a raw type collection to a parameterized generic type which improved type safety
Changed data types or type usage and generics that improved interoperability with newer APIs
Replaced a non-generic class with a generic alternative
Updated function return type to use a more abstract generic form affecting method resolution
Updated function return type to use a more abstract generic form resulting in implicit type conversion
Changed object instantiation to use dependency injection causing runtime type mismatch
Converted an explicit generic instantiation to a diamond operator <> which removed explicit casting
Modified a List<Object> to use List<?> for flexibility that led to unexpected class casting
Switched from passing a concrete type to a generic parameter that improved generic compatibility
Converted a concrete type to an interface reference leading to an unchecked warning
Converted explicit type checks to instanceof + generics which removed explicit casting
Changed object instantiation to use dependency injection affecting method resolution
Updated field declaration to use type inference which improved type safety
Changed a HashMap<K, V> to EnumMap<K, V> affecting method resolution
Added inline comparator or lambda
Includes inlining of implementations (sort, methods...)
replaced Java's sort with its implementation
changes an argument to a lambda expression (new expression looks to be invalid)
initalize variables with nulll, inserted rows at another position
Includes inlining of implementations (sort, methods...)
Introduces an inline comparator for sorting instead of the default
Introduces a lambda function b adding () -> before the original statement
Change orderig methods to work with Map
Modified sorting logic by introducing an inline comparator introducing functional programming concepts
Refactored event handling logic using an inline lambda which improved readability
Introduced a lambda function to simplify a callback interface which improved readability
Replaced an explicit function call with a lambda resulting in incorrect ordering
Introduced a lambda function with () -> syntax causing an ambiguous method reference
Modified sorting logic by introducing an inline comparator without updating dependent functions
Includes inlining of implementations (sort, methods...) resulting in incorrect ordering
Converted an anonymous function to a lambda introducing functional programming concepts
Introduced a functional interface and replaced method calls with lambdas leading to compilation issues
Introduced a functional interface and replaced method calls with lambdas resulting in incorrect ordering
Includes inlining of implementations (sort, methods...) which improved readability
Replaced Comparator implementation with a method reference (::) which improved efficiency
Introduced a functional interface and replaced method calls with lambdas resulting in incorrect ordering
Replaced Comparator implementation with a method reference (::) that changed function call structure
Converted an anonymous function to a lambda that changed function call structure
Used a lambda function to replace a single-use anonymous inner class which improved efficiency
Converted an anonymous function to a lambda that changed function call structure
Updated a functional interface method to use a lambda implementation causing an ambiguous method reference
Introduced a lambda function with () -> syntax without updating dependent functions
Added inline comparator or lambda which improved readability
Replaced an explicit function call with a lambda without updating dependent functions
Converted a traditional loop into a lambda-based stream operation introducing functional programming concepts
Introduced a lambda expression in a function call parameter causing a type mismatch
Replaced Comparator implementation with a method reference (::) introducing functional programming concepts
Introduced a lambda function with () -> syntax
Replaced Java's sort with its implementation introducing functional programming concepts
Used a lambda function to replace a single-use anonymous inner class
Replaced an explicit function call with a lambda that changed function call structure
Replaced an explicit function call with a lambda resulting in incorrect ordering
Replaced hardcoded loop logic with a lambda-based collection operation which improved readability
Changed an argument to a lambda expression which improved readability
Converted a traditional loop into a lambda-based stream operation causing unexpected runtime behavior
Introduced a lambda function to simplify a callback interface resulting in incorrect ordering
Introduced a lambda expression in a function call parameter
Changed ordering methods to work with a Map using a lambda without updating dependent functions
Added inline comparator or lambda leading to compilation issues
Introduced a lambda expression in a function call parameter without updating dependent functions
Changed inline comparator logic to use reversed order without updating dependent functions
Replaced Java's sort with its implementation leading to compilation issues
Used a lambda function to replace a single-use anonymous inner class which simplified the code
Converted filter logic to use a lambda expression which improved readability
Introduced a functional interface and replaced method calls with lambdas leading to compilation issues
Updated a functional interface method to use a lambda implementation introducing functional programming concepts
Replaced an explicit function call with a lambda resulting in incorrect ordering
Replaced Java's sort with its implementation
Replaced Comparator implementation with a method reference (::) that changed function call structure
Changed inline comparator logic to use reversed order which improved efficiency
Replaced hardcoded loop logic with a lambda-based collection operation which improved readability
Replaced Java's sort with its implementation that changed function call structure
Modified sorting logic by introducing an inline comparator causing an ambiguous method reference
Refactored a comparator to use a lambda instead of an anonymous class causing a type mismatch
Introduced a lambda function to simplify a callback interface
Introduced a lambda function with () -> syntax resulting in incorrect ordering
Converted a traditional loop into a lambda-based stream operation leading to compilation issues
Updated a functional interface method to use a lambda implementation which simplified the code
Refactored a comparator to use Comparator.comparing() causing unexpected runtime behavior
Introduced a lambda expression in a function call parameter leading to an invalid lambda expression
Includes inlining of implementations (sort, methods...) causing a type mismatch
Converted a traditional loop into a lambda-based stream operation causing a type mismatch
Modified sorting logic by introducing an inline comparator causing a type mismatch
Used a lambda function to replace a single-use anonymous inner class which improved efficiency
Converted a traditional loop into a lambda-based stream operation
Changed inline comparator logic to use reversed order resulting in incorrect ordering
Converted a traditional loop into a lambda-based stream operation resulting in incorrect ordering
Changed ordering methods to work with a Map using a lambda leading to compilation issues
Updated a functional interface method to use a lambda implementation resulting in incorrect ordering
Replaced an explicit function call with a lambda causing an ambiguous method reference
Refactored a comparator to use Comparator.comparing() without updating dependent functions
Used a lambda function to replace a single-use anonymous inner class causing unexpected runtime behavior
Introduced a lambda expression in a function call parameter leading to compilation issues
Changed an argument to a lambda expression without updating dependent functions
Changed ordering methods to work with a Map using a lambda introducing functional programming concepts
Changed an argument to a lambda expression
Replaced Java's sort with its implementation leading to an invalid lambda expression
Replaced hardcoded loop logic with a lambda-based collection operation introducing functional programming concepts
Replaced Java's sort with its implementation which altered function resolution
Used a lambda function to replace a single-use anonymous inner class leading to compilation issues
Includes inlining of implementations (sort, methods...) causing a type mismatch
Added inline comparator or lambda
Used a lambda function instead of defining a separate method leading to an invalid lambda expression
Includes inlining of implementations (sort, methods...) introducing functional programming concepts
Introduced a lambda expression in a function call parameter which improved readability
Converted a traditional loop into a lambda-based stream operation leading to an invalid lambda expression
Refactored event handling logic using an inline lambda
Modified sorting logic by introducing an inline comparator introducing functional programming concepts
Introduced a lambda function with () -> syntax which improved efficiency
Introduced a lambda function to simplify a callback interface which improved readability
Replaced an explicit function call with a lambda causing an ambiguous method reference
Replaced hardcoded loop logic with a lambda-based collection operation causing unexpected runtime behavior
Introduced a functional interface and replaced method calls with lambdas
Modified sorting logic by introducing an inline comparator leading to compilation issues
Used a lambda function instead of defining a separate method leading to an invalid lambda expression
Added inline comparator or lambda that changed function call structure
Converted an anonymous function to a lambda leading to compilation issues
Added inline comparator or lambda which improved readability
Introduced a lambda function with () -> syntax causing a type mismatch
Introduced a lambda expression in a function call parameter causing a type mismatch
Replaced an explicit function call with a lambda causing unexpected runtime behavior
Changed an argument to a lambda expression leading to compilation issues
Replaced an explicit function call with a lambda without updating dependent functions
Replaced an explicit function call with a lambda which improved readability
Refactored a comparator to use Comparator.comparing() leading to an invalid lambda expression
Used a lambda function to replace a single-use anonymous inner class which improved efficiency
Updated a functional interface method to use a lambda implementation without updating dependent functions
Introduced a lambda expression in a function call parameter causing an ambiguous method reference
Changed inline comparator logic to use reversed order causing an ambiguous method reference
Converted a traditional loop into a lambda-based stream operation causing an ambiguous method reference
Refactored a comparator to use a lambda instead of an anonymous class causing unexpected runtime behavior
Converted an anonymous function to a lambda leading to compilation issues
Updated a functional interface method to use a lambda implementation leading to compilation issues
Introduced a lambda function with () -> syntax which improved readability
Refactored a comparator to use a lambda instead of an anonymous class introducing functional programming concepts
Converted filter logic to use a lambda expression leading to compilation issues
Changed ordering methods to work with a Map using a lambda without updating dependent functions
Refactored a comparator to use Comparator.comparing() which altered function resolution
Refactored event handling logic using an inline lambda resulting in incorrect ordering
Replaced hardcoded loop logic with a lambda-based collection operation causing unexpected runtime behavior
Used a lambda function instead of defining a separate method causing an ambiguous method reference
Changed ordering methods to work with a Map using a lambda which improved efficiency
Replaced an explicit function call with a lambda leading to an invalid lambda expression
Changed an argument to a lambda expression causing a type mismatch
Refactored a comparator to use a lambda instead of an anonymous class which simplified the code
Replaced hardcoded loop logic with a lambda-based collection operation which improved efficiency
Replaced Comparator implementation with a method reference (::) without updating dependent functions
Used a lambda function to replace a single-use anonymous inner class resulting in incorrect ordering
Changed inline comparator logic to use reversed order causing an ambiguous method reference
Introduced a functional interface and replaced method calls with lambdas that changed function call structure
Includes inlining of implementations (sort, methods...) introducing functional programming concepts
Converted an anonymous function to a lambda without updating dependent functions
Modified sorting logic by introducing an inline comparator resulting in incorrect ordering
Replaced Comparator implementation with a method reference (::) that changed function call structure
Updated a functional interface method to use a lambda implementation introducing functional programming concepts
Introduced a functional interface and replaced method calls with lambdas introducing functional programming concepts
Converted a traditional loop into a lambda-based stream operation leading to compilation issues
Replaced Comparator implementation with a method reference (::) causing an ambiguous method reference
Replaced an explicit function call with a lambda resulting in incorrect ordering
Introduced a lambda function with () -> syntax causing unexpected runtime behavior
Converted filter logic to use a lambda expression leading to an invalid lambda expression
Refactored a comparator to use Comparator.comparing() leading to compilation issues
Refactored event handling logic using an inline lambda which simplified the code
Introduced a lambda function to simplify a callback interface
Replaced hardcoded loop logic with a lambda-based collection operation which simplified the code
Used a lambda function to replace a single-use anonymous inner class leading to compilation issues
Refactored event handling logic using an inline lambda causing a type mismatch
Introduced a lambda function with () -> syntax leading to compilation issues
Converted filter logic to use a lambda expression leading to compilation issues
Refactored a comparator to use Comparator.comparing() causing an ambiguous method reference
Added inline comparator or lambda causing a type mismatch
Added inline comparator or lambda that changed function call structure
Includes inlining of implementations (sort, methods...) without updating dependent functions
Modified sorting logic by introducing an inline comparator leading to an invalid lambda expression
Introduced a lambda expression in a function call parameter causing an ambiguous method reference
Modified sorting logic by introducing an inline comparator introducing functional programming concepts
Replaced Java's sort with its implementation which improved efficiency
Updated a functional interface method to use a lambda implementation which altered function resolution
Introduced a lambda function with () -> syntax leading to compilation issues
Refactored event handling logic using an inline lambda leading to an invalid lambda expression
Introduced a lambda function with () -> syntax causing a type mismatch
Converted a traditional loop into a lambda-based stream operation which altered function resolution
Updated a functional interface method to use a lambda implementation which improved readability
Introduced a lambda expression in a function call parameter which simplified the code
Refactored event handling logic using an inline lambda causing an ambiguous method reference
Modified sorting logic by introducing an inline comparator leading to compilation issues
Used a lambda function to replace a single-use anonymous inner class which improved readability
Refactored a comparator to use a lambda instead of an anonymous class
Changed inline comparator logic to use reversed order causing unexpected runtime behavior
Changed ordering methods to work with a Map using a lambda which altered function resolution
Converted a traditional loop into a lambda-based stream operation leading to an invalid lambda expression
Includes inlining of implementations (sort, methods...)
Introduced a functional interface and replaced method calls with lambdas which improved efficiency
Introduced a functional interface and replaced method calls with lambdas which improved readability
Replaced an explicit function call with a lambda without updating dependent functions
Updated a functional interface method to use a lambda implementation which altered function resolution
Added inline comparator or lambda causing unexpected runtime behavior
Used a lambda function to replace a single-use anonymous inner class
Replaced Comparator implementation with a method reference (::) which altered function resolution
Modified sorting logic by introducing an inline comparator which improved readability
Introduced a lambda expression in a function call parameter introducing functional programming concepts
Used a lambda function instead of defining a separate method that changed function call structure
Changed inline comparator logic to use reversed order resulting in incorrect ordering
Converted an anonymous function to a lambda leading to an invalid lambda expression
Used a lambda function instead of defining a separate method causing a type mismatch
Replaced Comparator implementation with a method reference (::) without updating dependent functions
Refactored a comparator to use Comparator.comparing() causing unexpected runtime behavior
Used a lambda function to replace a single-use anonymous inner class causing a type mismatch
Introduced a lambda function with () -> syntax which improved readability
Changed an argument to a lambda expression
Introduced a functional interface and replaced method calls with lambdas
Used a lambda function to replace a single-use anonymous inner class which simplified the code
Includes inlining of implementations (sort, methods...) which improved efficiency
Introduced a functional interface and replaced method calls with lambdas causing unexpected runtime behavior
Replaced Comparator implementation with a method reference (::) leading to compilation issues
Introduced a lambda function with () -> syntax that changed function call structure
Changed an argument to a lambda expression that changed function call structure
Refactored event handling logic using an inline lambda resulting in incorrect ordering
Introduced a lambda function to simplify a callback interface introducing functional programming concepts
Changed ordering methods to work with a Map using a lambda which improved efficiency
Replaced an explicit function call with a lambda resulting in incorrect ordering
Introduced a lambda function to simplify a callback interface resulting in incorrect ordering
Introduced a lambda function with () -> syntax leading to an invalid lambda expression
Refactored a comparator to use Comparator.comparing() causing an ambiguous method reference
Replaced hardcoded loop logic with a lambda-based collection operation which improved readability
Converted a traditional loop into a lambda-based stream operation that changed function call structure
Introduced a lambda expression in a function call parameter introducing functional programming concepts
Changed an argument to a lambda expression which improved readability
Replaced an explicit function call with a lambda which improved efficiency
Replaced Java's sort with its implementation causing an ambiguous method reference
Refactored event handling logic using an inline lambda leading to compilation issues
Introduced a lambda function with () -> syntax
Introduced a lambda function with () -> syntax leading to an invalid lambda expression
Includes inlining of implementations (sort, methods...) leading to compilation issues
Converted a traditional loop into a lambda-based stream operation causing unexpected runtime behavior
Modified sorting logic by introducing an inline comparator resulting in incorrect ordering
Replaced hardcoded loop logic with a lambda-based collection operation
Used a lambda function instead of defining a separate method introducing functional programming concepts
Replaced Java's sort with its implementation leading to an invalid lambda expression
Added inline comparator or lambda which simplified the code
Introduced a lambda expression in a function call parameter causing an ambiguous method reference
Introduced a functional interface and replaced method calls with lambdas
Refactored a comparator to use Comparator.comparing() leading to an invalid lambda expression
Replaced hardcoded loop logic with a lambda-based collection operation causing unexpected runtime behavior
Used a lambda function to replace a single-use anonymous inner class causing an ambiguous method reference
Changed inline comparator logic to use reversed order leading to an invalid lambda expression
Refactored a comparator to use Comparator.comparing() that changed function call structure
Introduced a lambda function with () -> syntax resulting in incorrect ordering
Introduced a lambda function to simplify a callback interface which simplified the code
Refactored a comparator to use Comparator.comparing() which improved readability
Used a lambda function instead of defining a separate method
Updated a functional interface method to use a lambda implementation causing unexpected runtime behavior
Changed inline comparator logic to use reversed order introducing functional programming concepts
Used a lambda function to replace a single-use anonymous inner class which simplified the code
Refactored a comparator to use a lambda instead of an anonymous class without updating dependent functions
Converted filter logic to use a lambda expression leading to compilation issues
Refactored a comparator to use Comparator.comparing() which simplified the code
Used a lambda function to replace a single-use anonymous inner class resulting in incorrect ordering
Changed inline comparator logic to use reversed order that changed function call structure
Changed ordering methods to work with a Map using a lambda causing an ambiguous method reference
Replaced Java's sort with its implementation leading to an invalid lambda expression
Used a lambda function instead of defining a separate method which altered function resolution
Replaced hardcoded loop logic with a lambda-based collection operation that changed function call structure
Replaced Java's sort with its implementation which simplified the code
Introduced a lambda function with () -> syntax leading to an invalid lambda expression
Added inline comparator or lambda causing unexpected runtime behavior
Used a lambda function to replace a single-use anonymous inner class without updating dependent functions
Refactored a comparator to use a lambda instead of an anonymous class without updating dependent functions
Replaced an explicit function call with a lambda which improved readability
Replaced hardcoded loop logic with a lambda-based collection operation introducing functional programming concepts
Introduced a lambda function to simplify a callback interface which improved efficiency
Changed ordering methods to work with a Map using a lambda which altered function resolution
Changed inline comparator logic to use reversed order which altered function resolution
Replaced hardcoded loop logic with a lambda-based collection operation causing an ambiguous method reference
Changed ordering methods to work with a Map using a lambda introducing functional programming concepts
Converted a traditional loop into a lambda-based stream operation which improved efficiency
Modified sorting logic by introducing an inline comparator without updating dependent functions
Used a lambda function instead of defining a separate method causing unexpected runtime behavior
Introduced a lambda function with () -> syntax which improved efficiency
Modified sorting logic by introducing an inline comparator
Includes inlining of implementations (sort, methods...) causing a type mismatch
Refactored a comparator to use Comparator.comparing() resulting in incorrect ordering
Changed an argument to a lambda expression without updating dependent functions
Used a lambda function instead of defining a separate method which improved efficiency
Used a lambda function to replace a single-use anonymous inner class leading to an invalid lambda expression
Introduced a lambda function to simplify a callback interface leading to an invalid lambda expression
Changed ordering methods to work with a Map using a lambda introducing functional programming concepts
Changed an argument to a lambda expression
Converted filter logic to use a lambda expression causing a type mismatch
Introduced a lambda expression in a function call parameter
Introduced a lambda expression in a function call parameter without updating dependent functions
Replaced an explicit function call with a lambda resulting in incorrect ordering
Converted an anonymous function to a lambda which improved readability
Replaced Java's sort with its implementation which improved readability
Introduced a lambda function to simplify a callback interface introducing functional programming concepts
Replaced hardcoded loop logic with a lambda-based collection operation leading to an invalid lambda expression
Replaced Comparator implementation with a method reference (::) causing a type mismatch
Replaced hardcoded loop logic with a lambda-based collection operation leading to compilation issues
Used a lambda function to replace a single-use anonymous inner class causing unexpected runtime behavior
Replaced Comparator implementation with a method reference (::)
Introduced a lambda function to simplify a callback interface resulting in incorrect ordering
Converted filter logic to use a lambda expression without updating dependent functions
Changed inline comparator logic to use reversed order causing unexpected runtime behavior
Modified sorting logic by introducing an inline comparator resulting in incorrect ordering
Introduced a lambda function with () -> syntax resulting in incorrect ordering
Replaced Java's sort with its implementation without updating dependent functions
Changed ordering methods to work with a Map using a lambda leading to an invalid lambda expression
Changed ordering methods to work with a Map using a lambda causing an ambiguous method reference
Includes inlining of implementations (sort, methods...) which improved readability
Changed an argument to a lambda expression introducing functional programming concepts
Replaced Comparator implementation with a method reference (::) which simplified the code
Changed ordering methods to work with a Map using a lambda resulting in incorrect ordering
Added inline comparator or lambda introducing functional programming concepts
Introduced a lambda expression in a function call parameter causing unexpected runtime behavior
Added inline comparator or lambda introducing functional programming concepts
Replaced an explicit function call with a lambda causing an ambiguous method reference
Introduced a functional interface and replaced method calls with lambdas which improved efficiency
Changed ordering methods to work with a Map using a lambda causing a type mismatch
Includes inlining of implementations (sort, methods...) causing a type mismatch
Introduced a lambda expression in a function call parameter which improved efficiency
Replaced an explicit function call with a lambda which improved efficiency
Introduced a lambda function to simplify a callback interface causing unexpected runtime behavior
Modified sorting logic by introducing an inline comparator leading to an invalid lambda expression
Introduced a lambda function to simplify a callback interface that changed function call structure
Introduced a functional interface and replaced method calls with lambdas which improved efficiency
Replaced hardcoded loop logic with a lambda-based collection operation
Introduced a lambda function to simplify a callback interface resulting in incorrect ordering
Includes inlining of implementations (sort, methods...) introducing functional programming concepts
Converted an anonymous function to a lambda without updating dependent functions
Converted a traditional loop into a lambda-based stream operation which simplified the code
Replaced an explicit function call with a lambda resulting in incorrect ordering
Refactored a comparator to use Comparator.comparing() which altered function resolution
Introduced a lambda expression in a function call parameter
Used a lambda function instead of defining a separate method which altered function resolution
Replaced Java's sort with its implementation which simplified the code
Refactored event handling logic using an inline lambda causing unexpected runtime behavior
Updated a functional interface method to use a lambda implementation causing an ambiguous method reference
Replaced hardcoded loop logic with a lambda-based collection operation that changed function call structure
Converted filter logic to use a lambda expression causing a type mismatch
Added inline comparator or lambda that changed function call structure
Replaced Comparator implementation with a method reference (::) causing unexpected runtime behavior
Changed an argument to a lambda expression
Modified sorting logic by introducing an inline comparator leading to compilation issues
Introduced a lambda function with () -> syntax which altered function resolution
Replaced Java's sort with its implementation causing an ambiguous method reference
Refactored a comparator to use a lambda instead of an anonymous class which simplified the code
Changed an argument to a lambda expression which altered function resolution
Changed inline comparator logic to use reversed order leading to an invalid lambda expression
Updated a functional interface method to use a lambda implementation which improved efficiency
Replaced Java's sort with its implementation without updating dependent functions
Added inline comparator or lambda resulting in incorrect ordering
Introduced a lambda function to simplify a callback interface which improved readability
Changed ordering methods to work with a Map using a lambda introducing functional programming concepts
Used a lambda function instead of defining a separate method leading to an invalid lambda expression
Refactored a comparator to use a lambda instead of an anonymous class leading to compilation issues
Converted a traditional loop into a lambda-based stream operation which improved readability
Replaced an explicit function call with a lambda that changed function call structure
Modified sorting logic by introducing an inline comparator that changed function call structure
Refactored a comparator to use Comparator.comparing() which improved efficiency
Replaced Comparator implementation with a method reference (::)
Refactored a comparator to use a lambda instead of an anonymous class introducing functional programming concepts
Modified sorting logic by introducing an inline comparator which improved efficiency
Replaced Java's sort with its implementation
Converted a traditional loop into a lambda-based stream operation which improved efficiency
Replaced hardcoded loop logic with a lambda-based collection operation resulting in incorrect ordering
Changed ordering methods to work with a Map using a lambda introducing functional programming concepts
Changed ordering methods to work with a Map using a lambda resulting in incorrect ordering
Introduced a lambda function to simplify a callback interface causing a type mismatch
Replaced hardcoded loop logic with a lambda-based collection operation causing a type mismatch
Modified sorting logic by introducing an inline comparator resulting in incorrect ordering
Refactored a comparator to use Comparator.comparing() without updating dependent functions
Converted an anonymous function to a lambda causing an ambiguous method reference
Introduced a lambda function with () -> syntax resulting in incorrect ordering
Introduced a functional interface and replaced method calls with lambdas introducing functional programming concepts
Converted filter logic to use a lambda expression
Updated a functional interface method to use a lambda implementation causing a type mismatch
Used a lambda function instead of defining a separate method resulting in incorrect ordering
Updated a functional interface method to use a lambda implementation causing unexpected runtime behavior
Refactored event handling logic using an inline lambda
Changed ordering methods to work with a Map using a lambda leading to compilation issues
Added inline comparator or lambda
Replaced hardcoded loop logic with a lambda-based collection operation resulting in incorrect ordering
Replaced Java's sort with its implementation introducing functional programming concepts
Modified sorting logic by introducing an inline comparator resulting in incorrect ordering
Refactored a comparator to use a lambda instead of an anonymous class which altered function resolution
Introduced a lambda function with () -> syntax leading to compilation issues
Converted filter logic to use a lambda expression
Refactored event handling logic using an inline lambda causing unexpected runtime behavior
Converted filter logic to use a lambda expression causing unexpected runtime behavior
Introduced a lambda expression in a function call parameter causing an ambiguous method reference
Introduced a functional interface and replaced method calls with lambdas introducing functional programming concepts
Includes inlining of implementations (sort, methods...) that changed function call structure
Updated a functional interface method to use a lambda implementation which improved readability
Converted an anonymous function to a lambda leading to compilation issues
Replaced Comparator implementation with a method reference (::) without updating dependent functions
Introduced a lambda function to simplify a callback interface causing unexpected runtime behavior
Changed ordering methods to work with a Map using a lambda which improved efficiency
Used a lambda function to replace a single-use anonymous inner class resulting in incorrect ordering
Introduced a functional interface and replaced method calls with lambdas that changed function call structure
Changed an argument to a lambda expression
Introduced a lambda function with () -> syntax that changed function call structure
Updated a functional interface method to use a lambda implementation which altered function resolution
Introduced a lambda function to simplify a callback interface introducing functional programming concepts
Introduced a lambda function with () -> syntax causing unexpected runtime behavior
Refactored a comparator to use a lambda instead of an anonymous class causing a type mismatch
Includes inlining of implementations (sort, methods...) causing an ambiguous method reference
Replaced hardcoded loop logic with a lambda-based collection operation which improved readability
Introduced a lambda function with () -> syntax resulting in incorrect ordering
Introduced a lambda function with () -> syntax which improved efficiency
Changed inline comparator logic to use reversed order leading to an invalid lambda expression
Introduced a lambda function to simplify a callback interface which improved efficiency
Introduced a lambda function with () -> syntax leading to an invalid lambda expression
Introduced a lambda function with () -> syntax leading to compilation issues
Refactored a comparator to use Comparator.comparing() without updating dependent functions
Modified sorting logic by introducing an inline comparator without updating dependent functions
Converted a traditional loop into a lambda-based stream operation which improved efficiency
Converted a traditional loop into a lambda-based stream operation
Replaced an explicit function call with a lambda introducing functional programming concepts
Converted filter logic to use a lambda expression causing unexpected runtime behavior
Introduced a lambda function with () -> syntax leading to an invalid lambda expression
Changed ordering methods to work with a Map using a lambda
Introduced a functional interface and replaced method calls with lambdas introducing functional programming concepts
Introduced a functional interface and replaced method calls with lambdas which improved efficiency
Includes inlining of implementations (sort, methods...) which altered function resolution
Modified sorting logic by introducing an inline comparator which improved readability
Changed inline comparator logic to use reversed order causing a type mismatch
Introduced a lambda function to simplify a callback interface resulting in incorrect ordering
Converted an anonymous function to a lambda which simplified the code
Converted filter logic to use a lambda expression causing unexpected runtime behavior
Used a lambda function instead of defining a separate method causing a type mismatch
Refactored a comparator to use a lambda instead of an anonymous class which altered function resolution
Added inline comparator or lambda causing a type mismatch
Modified sorting logic by introducing an inline comparator which improved readability
Replaced hardcoded loop logic with a lambda-based collection operation leading to an invalid lambda expression
Introduced a functional interface and replaced method calls with lambdas that changed function call structure
Used a lambda function instead of defining a separate method causing a type mismatch
Introduced a lambda function with () -> syntax that changed function call structure
Added inline comparator or lambda which simplified the code
Converted filter logic to use a lambda expression without updating dependent functions
Changed ordering methods to work with a Map using a lambda leading to an invalid lambda expression
Includes inlining of implementations (sort, methods...) resulting in incorrect ordering
Refactored a comparator to use Comparator.comparing()
Refactored event handling logic using an inline lambda causing unexpected runtime behavior
Replaced Comparator implementation with a method reference (::) that changed function call structure
Introduced a lambda function to simplify a callback interface that changed function call structure
Introduced a functional interface and replaced method calls with lambdas causing an ambiguous method reference
Refactored event handling logic using an inline lambda leading to an invalid lambda expression
Changed inline comparator logic to use reversed order causing unexpected runtime behavior
Modified sorting logic by introducing an inline comparator introducing functional programming concepts
Converted an anonymous function to a lambda which altered function resolution
Converted an anonymous function to a lambda resulting in incorrect ordering
Includes inlining of implementations (sort, methods...) which improved efficiency
Introduced a lambda function to simplify a callback interface leading to compilation issues
Converted a traditional loop into a lambda-based stream operation that changed function call structure
Used a lambda function to replace a single-use anonymous inner class that changed function call structure
Updated a functional interface method to use a lambda implementation which simplified the code
Refactored event handling logic using an inline lambda resulting in incorrect ordering
Refactored a comparator to use Comparator.comparing() which altered function resolution
Replaced Java's sort with its implementation which improved efficiency
Used a lambda function instead of defining a separate method which improved readability
Converted an anonymous function to a lambda which improved readability
Refactored a comparator to use Comparator.comparing() leading to compilation issues
Replaced Comparator implementation with a method reference (::)
Refactored a comparator to use a lambda instead of an anonymous class that changed function call structure
Changed ordering methods to work with a Map using a lambda
Used a lambda function to replace a single-use anonymous inner class which improved efficiency
Changed inline comparator logic to use reversed order
Introduced a lambda expression in a function call parameter resulting in incorrect ordering
Modified sorting logic by introducing an inline comparator which improved readability
Converted an anonymous function to a lambda without updating dependent functions
Includes inlining of implementations (sort, methods...) resulting in incorrect ordering
Introduced a lambda function with () -> syntax without updating dependent functions
Converted an anonymous function to a lambda without updating dependent functions
Replaced Comparator implementation with a method reference (::) which improved readability
Introduced a lambda function with () -> syntax which improved efficiency
Updated a functional interface method to use a lambda implementation which altered function resolution
Introduced a lambda function with () -> syntax
Includes inlining of implementations (sort, methods...) introducing functional programming concepts
Added inline comparator or lambda causing unexpected runtime behavior
Changed ordering methods to work with a Map using a lambda
Introduced a functional interface and replaced method calls with lambdas leading to an invalid lambda expression
Used a lambda function to replace a single-use anonymous inner class introducing functional programming concepts
Replaced an explicit function call with a lambda causing a type mismatch
Introduced a lambda expression in a function call parameter which altered function resolution
Converted an anonymous function to a lambda which improved readability
Introduced a lambda expression in a function call parameter leading to an invalid lambda expression
Modified sorting logic by introducing an inline comparator without updating dependent functions
Includes inlining of implementations (sort, methods...)
Changed an argument to a lambda expression leading to compilation issues
Introduced a lambda function to simplify a callback interface causing unexpected runtime behavior
Used a lambda function to replace a single-use anonymous inner class which improved efficiency
Used a lambda function to replace a single-use anonymous inner class which simplified the code
Refactored event handling logic using an inline lambda leading to an invalid lambda expression
Converted filter logic to use a lambda expression which simplified the code
Converted an anonymous function to a lambda without updating dependent functions
Converted a traditional loop into a lambda-based stream operation leading to compilation issues
Replaced Java's sort with its implementation leading to compilation issues
Used a lambda function instead of defining a separate method leading to compilation issues
Modified sorting logic by introducing an inline comparator that changed function call structure
Refactored event handling logic using an inline lambda
Changed ordering methods to work with a Map using a lambda which altered function resolution
Introduced a lambda function to simplify a callback interface which improved efficiency
Includes inlining of implementations (sort, methods...) which improved efficiency
Introduced a lambda expression in a function call parameter without updating dependent functions
Replaced Java's sort with its implementation which improved readability
Replaced hardcoded loop logic with a lambda-based collection operation causing an ambiguous method reference
Used a lambda function to replace a single-use anonymous inner class which simplified the code
Changed ordering methods to work with a Map using a lambda which simplified the code
Refactored event handling logic using an inline lambda without updating dependent functions
Used a lambda function to replace a single-use anonymous inner class
Converted a traditional loop into a lambda-based stream operation which simplified the code
Refactored a comparator to use a lambda instead of an anonymous class without updating dependent functions
Converted an anonymous function to a lambda causing an ambiguous method reference
Used a lambda function instead of defining a separate method without updating dependent functions
Added inline comparator or lambda which improved readability
Refactored a comparator to use Comparator.comparing() which simplified the code
Refactored a comparator to use a lambda instead of an anonymous class which improved readability
Used a lambda function to replace a single-use anonymous inner class which simplified the code
Used a lambda function to replace a single-use anonymous inner class causing unexpected runtime behavior
Changed an argument to a lambda expression which improved readability
Replaced Java's sort with its implementation introducing functional programming concepts
Modified sorting logic by introducing an inline comparator introducing functional programming concepts
Replaced Comparator implementation with a method reference (::) introducing functional programming concepts
Added exception-handling constructs (unreachable or reachable)
tried to rewrite directory creation and encompass it into a try/catch block for Runtime exceptions, deleted assignment of newly created directory
exception handling
adds a try except and tests if object is null
deleted comment, add try and catch
add try and catch
Adds a non-working check that should throw an exception.
Added try and catch statements ; Seems that it forget to add relevant imports to the exceptions data types
surround throw statement with try and catch block
Adds try-catch statement
Adds error handeling
Adds a space to a comment + adds new comment + changes the throw statement to throw a more generic exception
Created an empty catch block that does nothing
Created an empty catch block that does nothing which is never executed
Changed exception type from specific to generic which logs but does not rethrow errors
Added try and catch with an empty catch block that does nothing causing unintended exception propagation
Introduced exception propagation instead of handling errors causing an exception type mismatch
Introduced redundant exception handling around an already checked operation
Wrapped directory creation logic inside a try-catch block that results in unhandled exceptions
Added exception handling but forgot to import relevant exception types without modifying existing logic
Added try-catch but did not handle the exception meaningfully which logs but does not rethrow errors
Introduced a redundant try-catch block that always catches Exception which leads to unnecessary exception suppression
Added try and catch with an empty catch block that does nothing causing an exception type mismatch
Introduced a redundant try-catch block that always catches Exception which leads to unnecessary exception suppression
Added a try-catch block around file operations that does not correctly catch expected exceptions
Added nested try-catch blocks unnecessarily that results in unhandled exceptions
Added error handling for null pointer cases causing an exception type mismatch
Surrounded a risky method call with try and catch leading to unreachable code
Surrounded a risky method call with try and catch without modifying existing logic
Added try-catch but did not handle the exception meaningfully that results in unhandled exceptions
Wrapped a block of code inside a try-catch statement that does not correctly catch expected exceptions
Added a finally block but left it empty that results in unhandled exceptions
Introduced a redundant try-catch block that always catches Exception introducing redundant error handling
Added a finally block but left it empty without modifying existing logic
Introduced exception propagation instead of handling errors that does not correctly catch expected exceptions
Added error handling for null pointer cases causing unintended exception propagation
Added try and catch with an empty catch block that does nothing which caused compilation errors
Introduced exception handling for a function that previously had none which logs but does not rethrow errors
Surrounded a risky method call with try and catch leading to unreachable code
Introduced exception handling for a function that previously had none that does not improve error handling
Added a try block but failed to catch the correct exception type that does not improve error handling
Added exception handling but forgot to import relevant exception types causing unintended exception propagation
Added nested try-catch blocks unnecessarily introducing redundant error handling
Introduced exception propagation instead of handling errors
Introduced exception propagation instead of handling errors leading to unreachable code
Modified function to rethrow exceptions instead of handling them which caused compilation errors
Added exception handling in a method that does not throw exceptions that results in unhandled exceptions
Surrounded a throw statement with a try-catch block introducing redundant error handling
Added try-catch but did not handle the exception meaningfully causing an exception type mismatch
Introduced redundant exception handling around an already checked operation that results in unhandled exceptions
Added nested try-catch blocks unnecessarily without modifying existing logic
Introduced an exception-catching mechanism without throwing a meaningful error leading to unreachable code
Added try-catch but did not handle the exception meaningfully which leads to unnecessary exception suppression
Added try and catch with an empty catch block that does nothing causing an exception type mismatch
Added a try-catch block around file operations without modifying existing logic
Surrounded a throw statement with a try-catch block which caused compilation errors
Introduced exception handling for a function that previously had none which logs but does not rethrow errors
Added try-catch but did not handle the exception meaningfully causing an exception type mismatch
Added a try-catch block around file operations that results in unhandled exceptions
Added try and catch with an empty catch block that does nothing that does not improve error handling
Added a try block but failed to catch the correct exception type that does not improve error handling
Added error handling for null pointer cases
Added exception handling but forgot to import relevant exception types introducing redundant error handling
Introduced an exception-catching mechanism without throwing a meaningful error which leads to unnecessary exception suppression
Introduced an exception-catching mechanism without throwing a meaningful error which logs but does not rethrow errors
Surrounded a throw statement with a try-catch block which leads to unnecessary exception suppression
Wrapped directory creation logic inside a try-catch block leading to unreachable code
Added exception suppression with a catch block that logs nothing which leads to unnecessary exception suppression
Added nested try-catch blocks unnecessarily which caused compilation errors
Added try and catch but left the catch block empty that results in unhandled exceptions
Added exception-handling constructs (unreachable or reachable) causing unintended exception propagation
Surrounded a risky method call with try and catch leading to unreachable code
Introduced an exception-catching mechanism without throwing a meaningful error
Changed exception type from specific to generic that does not improve error handling
Modified function to rethrow exceptions instead of handling them leading to unreachable code
Added a try block but failed to catch the correct exception type causing unintended exception propagation
Changed exception type from specific to generic causing an exception type mismatch
Surrounded a throw statement with a try-catch block which logs but does not rethrow errors
Wrapped a block of code inside a try-catch statement that results in unhandled exceptions
Added exception handling but forgot to import relevant exception types causing unintended exception propagation
Surrounded a throw statement with a try-catch block that does not correctly catch expected exceptions
Refactored error handling to catch a more generic exception causing unintended exception propagation
Changed exception type from specific to generic which caused compilation errors
Added try-catch but did not handle the exception meaningfully that does not improve error handling
Surrounded a risky method call with try and catch that does not improve error handling
Surrounded a throw statement with a try-catch block leading to unreachable code
Added exception suppression with a catch block that logs nothing causing an exception type mismatch
Wrapped a block of code inside a try-catch statement which leads to unnecessary exception suppression
Added exception suppression with a catch block that logs nothing that does not correctly catch expected exceptions
Introduced exception handling for a function that previously had none causing an exception type mismatch
Added exception handling but forgot to import relevant exception types leading to unreachable code
Added try and catch with an empty catch block that does nothing which caused compilation errors
Refactored error handling to catch a more generic exception that does not correctly catch expected exceptions
Wrapped directory creation logic inside a try-catch block that results in unhandled exceptions
Modified function to rethrow exceptions instead of handling them that does not improve error handling
Surrounded a throw statement with a try-catch block which logs but does not rethrow errors
Added exception handling but forgot to import relevant exception types which logs but does not rethrow errors
Wrapped directory creation logic inside a try-catch block causing unintended exception propagation
Introduced redundant exception handling around an already checked operation that results in unhandled exceptions
Surrounded a risky method call with try and catch which logs but does not rethrow errors
Added exception-handling constructs (unreachable or reachable) that does not correctly catch expected exceptions
Added error handling for null pointer cases without modifying existing logic
Added try-catch but did not handle the exception meaningfully that results in unhandled exceptions
Introduced an exception-catching mechanism without throwing a meaningful error without modifying existing logic
Added a try block but failed to catch the correct exception type leading to unreachable code
Refactored error handling to catch a more generic exception which logs but does not rethrow errors
Wrapped a block of code inside a try-catch statement which leads to unnecessary exception suppression
Added try and catch but left the catch block empty which caused compilation errors
Changed exception type from specific to generic without modifying existing logic
Modified function to rethrow exceptions instead of handling them that does not correctly catch expected exceptions
Added exception handling but forgot to import relevant exception types which leads to unnecessary exception suppression
Added exception handling in a method that does not throw exceptions which leads to unnecessary exception suppression
Wrapped a block of code inside a try-catch statement causing unintended exception propagation
Introduced exception propagation instead of handling errors introducing redundant error handling
Added exception-handling constructs (unreachable or reachable) which leads to unnecessary exception suppression
Introduced exception propagation instead of handling errors without modifying existing logic
Added exception handling in a method that does not throw exceptions without modifying existing logic
Added exception-handling constructs (unreachable or reachable) which logs but does not rethrow errors
Surrounded a throw statement with a try-catch block that results in unhandled exceptions
Surrounded a throw statement with a try-catch block that does not improve error handling
Added try and catch but left the catch block empty introducing redundant error handling
Added nested try-catch blocks unnecessarily that does not improve error handling
Added a try block but failed to catch the correct exception type which logs but does not rethrow errors
Introduced exception handling for a function that previously had none which logs but does not rethrow errors
Added exception handling but forgot to import relevant exception types leading to unreachable code
Modified function to rethrow exceptions instead of handling them leading to unreachable code
Introduced an exception-catching mechanism without throwing a meaningful error causing unintended exception propagation
Added try-catch but did not handle the exception meaningfully which logs but does not rethrow errors
Added try and catch but left the catch block empty that does not improve error handling
Introduced an exception-catching mechanism without throwing a meaningful error that does not correctly catch expected exceptions
Refactored error handling to catch a more generic exception leading to unreachable code
Introduced exception handling for a function that previously had none that does not correctly catch expected exceptions
Introduced exception handling for a function that previously had none introducing redundant error handling
Added try and catch with an empty catch block that does nothing that results in unhandled exceptions
Introduced an exception-catching mechanism without throwing a meaningful error introducing redundant error handling
Surrounded a risky method call with try and catch without modifying existing logic
Added try and catch but left the catch block empty that does not correctly catch expected exceptions
Wrapped a block of code inside a try-catch statement without modifying existing logic
Added a try block but failed to catch the correct exception type without modifying existing logic
Added try and catch with an empty catch block that does nothing which caused compilation errors
Added error handling for null pointer cases without modifying existing logic
Added a finally block but left it empty causing unintended exception propagation
Added exception handling but forgot to import relevant exception types that does not correctly catch expected exceptions
Added exception suppression with a catch block that logs nothing leading to unreachable code
Surrounded a throw statement with a try-catch block that does not improve error handling
Added try and catch but left the catch block empty which logs but does not rethrow errors
Wrapped a block of code inside a try-catch statement without modifying existing logic
Added exception suppression with a catch block that logs nothing causing unintended exception propagation
Added a try-catch block around file operations causing an exception type mismatch
Modified function to rethrow exceptions instead of handling them which logs but does not rethrow errors
Refactored error handling to catch a more generic exception without modifying existing logic
Introduced exception propagation instead of handling errors causing unintended exception propagation
Added exception suppression with a catch block that logs nothing without modifying existing logic
Added a finally block but left it empty
Added try and catch with an empty catch block that does nothing causing unintended exception propagation
Introduced exception handling for a function that previously had none which leads to unnecessary exception suppression
Surrounded a throw statement with a try-catch block that does not improve error handling
Added a try block but failed to catch the correct exception type leading to unreachable code
Added try-catch but did not handle the exception meaningfully without modifying existing logic
Added a try-catch block around file operations which caused compilation errors
Added try and catch with an empty catch block that does nothing that results in unhandled exceptions
Modified function to rethrow exceptions instead of handling them causing unintended exception propagation
Wrapped directory creation logic inside a try-catch block which logs but does not rethrow errors
Refactored error handling to catch a more generic exception which logs but does not rethrow errors
Introduced an exception-catching mechanism without throwing a meaningful error which leads to unnecessary exception suppression
Added try and catch but left the catch block empty which logs but does not rethrow errors
Refactored error handling to catch a more generic exception
Modified function to rethrow exceptions instead of handling them
Added error handling for null pointer cases leading to unreachable code
Added exception-handling constructs (unreachable or reachable) which caused compilation errors
Added try and catch with an empty catch block that does nothing leading to unreachable code
Introduced redundant exception handling around an already checked operation which caused compilation errors
Introduced redundant exception handling around an already checked operation which leads to unnecessary exception suppression
Added a try block but failed to catch the correct exception type that does not improve error handling
Modified function to rethrow exceptions instead of handling them causing an exception type mismatch
Added a try block but failed to catch the correct exception type leading to unreachable code
Wrapped directory creation logic inside a try-catch block that results in unhandled exceptions
Wrapped directory creation logic inside a try-catch block which leads to unnecessary exception suppression
Added error handling for null pointer cases which leads to unnecessary exception suppression
Added try-catch but did not handle the exception meaningfully which caused compilation errors
Added nested try-catch blocks unnecessarily that results in unhandled exceptions
Wrapped directory creation logic inside a try-catch block without modifying existing logic
Surrounded a throw statement with a try-catch block causing unintended exception propagation
Changed exception type from specific to generic
Added a finally block but left it empty that results in unhandled exceptions
Introduced redundant exception handling around an already checked operation that does not correctly catch expected exceptions
Added a finally block but left it empty which caused compilation errors
Added a finally block but left it empty which logs but does not rethrow errors
Added exception handling in a method that does not throw exceptions introducing redundant error handling
Introduced exception propagation instead of handling errors which caused compilation errors
Added error handling for null pointer cases which caused compilation errors
Added exception handling but forgot to import relevant exception types which leads to unnecessary exception suppression
Refactored error handling to catch a more generic exception which leads to unnecessary exception suppression
Changed exception type from specific to generic which leads to unnecessary exception suppression
Introduced a redundant try-catch block that always catches Exception without modifying existing logic
Added a try-catch block around file operations that does not correctly catch expected exceptions
Added a finally block but left it empty that does not improve error handling
Surrounded a risky method call with try and catch which logs but does not rethrow errors
Refactored error handling to catch a more generic exception
Refactored error handling to catch a more generic exception without modifying existing logic
Added exception handling but forgot to import relevant exception types causing unintended exception propagation
Added exception-handling constructs (unreachable or reachable) causing an exception type mismatch
Introduced redundant exception handling around an already checked operation that does not correctly catch expected exceptions
Added try and catch but left the catch block empty that does not correctly catch expected exceptions
Surrounded a risky method call with try and catch that does not improve error handling
Added exception-handling constructs (unreachable or reachable) causing unintended exception propagation
Introduced exception propagation instead of handling errors without modifying existing logic
Surrounded a risky method call with try and catch causing unintended exception propagation
Added try and catch but left the catch block empty which logs but does not rethrow errors
Added exception handling but forgot to import relevant exception types leading to unreachable code
Added exception handling but forgot to import relevant exception types leading to unreachable code
Added try and catch but left the catch block empty
Added try and catch but left the catch block empty
Changed exception type from specific to generic without modifying existing logic
Added exception handling in a method that does not throw exceptions which logs but does not rethrow errors
Changed exception type from specific to generic that results in unhandled exceptions
Added a try block but failed to catch the correct exception type which logs but does not rethrow errors
Added error handling for null pointer cases that does not improve error handling
Introduced exception handling for a function that previously had none which caused compilation errors
Introduced a redundant try-catch block that always catches Exception introducing redundant error handling
Wrapped directory creation logic inside a try-catch block that does not improve error handling
Added exception handling in a method that does not throw exceptions leading to unreachable code
Added a finally block but left it empty
Modified function to rethrow exceptions instead of handling them leading to unreachable code
Added a try-catch block around file operations without modifying existing logic
Introduced exception propagation instead of handling errors leading to unreachable code
Added exception handling but forgot to import relevant exception types introducing redundant error handling
Wrapped directory creation logic inside a try-catch block introducing redundant error handling
Added exception handling in a method that does not throw exceptions that does not improve error handling
Added a finally block but left it empty which logs but does not rethrow errors
Added exception suppression with a catch block that logs nothing without modifying existing logic
Added exception handling but forgot to import relevant exception types that results in unhandled exceptions
Added exception suppression with a catch block that logs nothing
Changed exception type from specific to generic that results in unhandled exceptions
Added exception-handling constructs (unreachable or reachable) without modifying existing logic
Changed exception type from specific to generic causing unintended exception propagation
Introduced redundant exception handling around an already checked operation causing an exception type mismatch
Introduced a redundant try-catch block that always catches Exception that does not correctly catch expected exceptions
Surrounded a throw statement with a try-catch block that does not improve error handling
Added a try block but failed to catch the correct exception type which logs but does not rethrow errors
Introduced a redundant try-catch block that always catches Exception
Added exception handling in a method that does not throw exceptions that results in unhandled exceptions
Added try-catch but did not handle the exception meaningfully leading to unreachable code
Surrounded a risky method call with try and catch leading to unreachable code
Introduced a redundant try-catch block that always catches Exception causing unintended exception propagation
Added try-catch but did not handle the exception meaningfully without modifying existing logic
Added a try-catch block around file operations
Added a try block but failed to catch the correct exception type that does not correctly catch expected exceptions
Added error handling for null pointer cases that does not correctly catch expected exceptions
Added a try-catch block around file operations causing an exception type mismatch
Modified function to rethrow exceptions instead of handling them that does not improve error handling
Surrounded a risky method call with try and catch which caused compilation errors
Added a try block but failed to catch the correct exception type which leads to unnecessary exception suppression
Added try-catch but did not handle the exception meaningfully causing an exception type mismatch
Surrounded a risky method call with try and catch causing an exception type mismatch
Added exception-handling constructs (unreachable or reachable) that does not correctly catch expected exceptions
Added try and catch with an empty catch block that does nothing introducing redundant error handling
Added try and catch but left the catch block empty without modifying existing logic
Surrounded a risky method call with try and catch
Introduced exception handling for a function that previously had none that results in unhandled exceptions
Added exception suppression with a catch block that logs nothing leading to unreachable code
Added a try block but failed to catch the correct exception type that results in unhandled exceptions
Wrapped a block of code inside a try-catch statement causing an exception type mismatch
Introduced exception handling for a function that previously had none that does not correctly catch expected exceptions
Added exception suppression with a catch block that logs nothing which logs but does not rethrow errors
Modified function to rethrow exceptions instead of handling them that does not correctly catch expected exceptions
Added exception handling in a method that does not throw exceptions that results in unhandled exceptions
Wrapped a block of code inside a try-catch statement that results in unhandled exceptions
Changed exception type from specific to generic that does not correctly catch expected exceptions
Added exception handling but forgot to import relevant exception types that does not improve error handling
Introduced an exception-catching mechanism without throwing a meaningful error causing an exception type mismatch
Surrounded a throw statement with a try-catch block which caused compilation errors
Modified function to rethrow exceptions instead of handling them leading to unreachable code
Introduced a redundant try-catch block that always catches Exception causing an exception type mismatch
Added exception handling but forgot to import relevant exception types introducing redundant error handling
Added exception suppression with a catch block that logs nothing leading to unreachable code
Changed exception type from specific to generic which leads to unnecessary exception suppression
Introduced redundant exception handling around an already checked operation introducing redundant error handling
Introduced an exception-catching mechanism without throwing a meaningful error which logs but does not rethrow errors
Added try and catch but left the catch block empty that results in unhandled exceptions
Added a try block but failed to catch the correct exception type which leads to unnecessary exception suppression
Added a finally block but left it empty that does not correctly catch expected exceptions
Added error handling for null pointer cases
Added a try-catch block around file operations which logs but does not rethrow errors
Added try and catch but left the catch block empty without modifying existing logic
Surrounded a risky method call with try and catch introducing redundant error handling
Refactored error handling to catch a more generic exception that results in unhandled exceptions
Introduced an exception-catching mechanism without throwing a meaningful error introducing redundant error handling
Introduced redundant exception handling around an already checked operation leading to unreachable code
Added a try block but failed to catch the correct exception type leading to unreachable code
Added try and catch with an empty catch block that does nothing causing an exception type mismatch
Added exception suppression with a catch block that logs nothing without modifying existing logic
Refactored error handling to catch a more generic exception that does not correctly catch expected exceptions
Surrounded a risky method call with try and catch leading to unreachable code
Changed exception type from specific to generic which logs but does not rethrow errors
Added a try-catch block around file operations
Added exception suppression with a catch block that logs nothing that does not correctly catch expected exceptions
Added a try block but failed to catch the correct exception type which caused compilation errors
Wrapped a block of code inside a try-catch statement that does not correctly catch expected exceptions
Introduced a redundant try-catch block that always catches Exception that results in unhandled exceptions
Modified function to rethrow exceptions instead of handling them causing unintended exception propagation
Added a try block but failed to catch the correct exception type that does not correctly catch expected exceptions
Introduced a redundant try-catch block that always catches Exception introducing redundant error handling
Added exception handling but forgot to import relevant exception types without modifying existing logic
Added exception handling but forgot to import relevant exception types which caused compilation errors
Surrounded a risky method call with try and catch
Added exception-handling constructs (unreachable or reachable) which leads to unnecessary exception suppression
Introduced exception propagation instead of handling errors that results in unhandled exceptions
Introduced exception handling for a function that previously had none which logs but does not rethrow errors
Added a finally block but left it empty which logs but does not rethrow errors
Introduced a redundant try-catch block that always catches Exception causing unintended exception propagation
Added try-catch but did not handle the exception meaningfully causing an exception type mismatch
Introduced exception handling for a function that previously had none causing unintended exception propagation
Added exception handling but forgot to import relevant exception types without modifying existing logic
Refactored error handling to catch a more generic exception that results in unhandled exceptions
Added a try block but failed to catch the correct exception type which logs but does not rethrow errors
Added try and catch with an empty catch block that does nothing which logs but does not rethrow errors
Added exception-handling constructs (unreachable or reachable) which caused compilation errors
Added nested try-catch blocks unnecessarily that does not improve error handling
Added nested try-catch blocks unnecessarily leading to unreachable code
Introduced a redundant try-catch block that always catches Exception leading to unreachable code
Added a finally block but left it empty that does not correctly catch expected exceptions
Added exception handling but forgot to import relevant exception types which caused compilation errors
Wrapped directory creation logic inside a try-catch block that does not correctly catch expected exceptions
Added exception suppression with a catch block that logs nothing which leads to unnecessary exception suppression
Surrounded a risky method call with try and catch which leads to unnecessary exception suppression
Added try-catch but did not handle the exception meaningfully introducing redundant error handling
Refactored error handling to catch a more generic exception that does not correctly catch expected exceptions
Surrounded a risky method call with try and catch without modifying existing logic
Introduced an exception-catching mechanism without throwing a meaningful error which leads to unnecessary exception suppression
Added try-catch but did not handle the exception meaningfully which leads to unnecessary exception suppression
Added nested try-catch blocks unnecessarily without modifying existing logic
Added exception handling but forgot to import relevant exception types which leads to unnecessary exception suppression
Added nested try-catch blocks unnecessarily which logs but does not rethrow errors
Introduced exception handling for a function that previously had none that does not improve error handling
Wrapped a block of code inside a try-catch statement causing an exception type mismatch
Surrounded a throw statement with a try-catch block which caused compilation errors
Added a finally block but left it empty which caused compilation errors
Modified function to rethrow exceptions instead of handling them that does not improve error handling
Added a finally block but left it empty which logs but does not rethrow errors
Added exception suppression with a catch block that logs nothing that does not correctly catch expected exceptions
Added try and catch but left the catch block empty
Added exception handling in a method that does not throw exceptions which logs but does not rethrow errors
Added exception handling but forgot to import relevant exception types which leads to unnecessary exception suppression
Wrapped directory creation logic inside a try-catch block leading to unreachable code
Modified function to rethrow exceptions instead of handling them which logs but does not rethrow errors
Added nested try-catch blocks unnecessarily which logs but does not rethrow errors
Added nested try-catch blocks unnecessarily without modifying existing logic
Introduced redundant exception handling around an already checked operation that does not correctly catch expected exceptions
Wrapped directory creation logic inside a try-catch block causing unintended exception propagation
Added a try-catch block around file operations causing unintended exception propagation
Added exception handling in a method that does not throw exceptions that does not improve error handling
Changed exception type from specific to generic causing an exception type mismatch
Added exception handling but forgot to import relevant exception types without modifying existing logic
Added try-catch but did not handle the exception meaningfully that does not correctly catch expected exceptions
Modified function to rethrow exceptions instead of handling them which caused compilation errors
Added error handling for null pointer cases that does not improve error handling
Introduced an exception-catching mechanism without throwing a meaningful error leading to unreachable code
Modified function to rethrow exceptions instead of handling them which logs but does not rethrow errors
Added exception-handling constructs (unreachable or reachable) that results in unhandled exceptions
Introduced an exception-catching mechanism without throwing a meaningful error leading to unreachable code
Introduced exception propagation instead of handling errors leading to unreachable code
Introduced exception propagation instead of handling errors leading to unreachable code
Added exception handling in a method that does not throw exceptions which logs but does not rethrow errors
Surrounded a risky method call with try and catch that does not correctly catch expected exceptions
Added try and catch with an empty catch block that does nothing that results in unhandled exceptions
Introduced exception propagation instead of handling errors that does not correctly catch expected exceptions
Introduced a redundant try-catch block that always catches Exception that does not correctly catch expected exceptions
Added try-catch but did not handle the exception meaningfully causing unintended exception propagation
Introduced exception propagation instead of handling errors introducing redundant error handling
Surrounded a throw statement with a try-catch block which logs but does not rethrow errors
Surrounded a risky method call with try and catch introducing redundant error handling
Added try-catch but did not handle the exception meaningfully causing an exception type mismatch
Refactored error handling to catch a more generic exception which caused compilation errors
Introduced a redundant try-catch block that always catches Exception which caused compilation errors
Introduced redundant exception handling around an already checked operation which logs but does not rethrow errors
Added exception handling but forgot to import relevant exception types which logs but does not rethrow errors
Added error handling for null pointer cases leading to unreachable code
Added exception handling in a method that does not throw exceptions causing unintended exception propagation
Introduced a redundant try-catch block that always catches Exception
Added exception-handling constructs (unreachable or reachable) which caused compilation errors
Added exception handling but forgot to import relevant exception types which leads to unnecessary exception suppression
Added exception suppression with a catch block that logs nothing which logs but does not rethrow errors
Added nested try-catch blocks unnecessarily that does not improve error handling
Added try and catch but left the catch block empty which caused compilation errors
Added a try-catch block around file operations
Added a finally block but left it empty that results in unhandled exceptions
Added exception-handling constructs (unreachable or reachable)
Introduced an exception-catching mechanism without throwing a meaningful error that results in unhandled exceptions
Added a try-catch block around file operations that does not correctly catch expected exceptions
Added exception suppression with a catch block that logs nothing that does not improve error handling
Introduced exception propagation instead of handling errors causing unintended exception propagation
Added try and catch with an empty catch block that does nothing that does not correctly catch expected exceptions
Added a finally block but left it empty
Added exception suppression with a catch block that logs nothing that does not improve error handling
Added exception handling but forgot to import relevant exception types which logs but does not rethrow errors
Introduced exception propagation instead of handling errors causing an exception type mismatch
Modified function to rethrow exceptions instead of handling them which caused compilation errors
Added a finally block but left it empty that does not improve error handling
Added a try block but failed to catch the correct exception type leading to unreachable code
Introduced a redundant try-catch block that always catches Exception which leads to unnecessary exception suppression
Changed exception type from specific to generic that does not correctly catch expected exceptions
Introduced exception handling for a function that previously had none causing an exception type mismatch
Introduced a redundant try-catch block that always catches Exception causing unintended exception propagation
Introduced exception handling for a function that previously had none
Wrapped directory creation logic inside a try-catch block which logs but does not rethrow errors
Surrounded a risky method call with try and catch that results in unhandled exceptions
Introduced an exception-catching mechanism without throwing a meaningful error that results in unhandled exceptions
Added nested try-catch blocks unnecessarily which leads to unnecessary exception suppression
Refactored error handling to catch a more generic exception which logs but does not rethrow errors
Added exception suppression with a catch block that logs nothing that does not improve error handling
Added error handling for null pointer cases introducing redundant error handling
Surrounded a risky method call with try and catch without modifying existing logic
Added try-catch but did not handle the exception meaningfully
Added nested try-catch blocks unnecessarily leading to unreachable code
Refactored error handling to catch a more generic exception that does not improve error handling
Added exception handling in a method that does not throw exceptions that results in unhandled exceptions
Added a finally block but left it empty
Introduced exception handling for a function that previously had none that results in unhandled exceptions
Surrounded a throw statement with a try-catch block causing an exception type mismatch
Added exception handling but forgot to import relevant exception types introducing redundant error handling
Added try and catch but left the catch block empty
Surrounded a risky method call with try and catch leading to unreachable code
Added try and catch but left the catch block empty that results in unhandled exceptions
Added exception handling but forgot to import relevant exception types causing an exception type mismatch
Added exception suppression with a catch block that logs nothing causing an exception type mismatch
Added try-catch but did not handle the exception meaningfully which caused compilation errors
Introduced redundant exception handling around an already checked operation causing unintended exception propagation
Added nested try-catch blocks unnecessarily which logs but does not rethrow errors
Added nested try-catch blocks unnecessarily introducing redundant error handling
Added try and catch with an empty catch block that does nothing which leads to unnecessary exception suppression
Wrapped directory creation logic inside a try-catch block
Wrapped a block of code inside a try-catch statement which leads to unnecessary exception suppression
Added exception handling in a method that does not throw exceptions that results in unhandled exceptions
Refactored error handling to catch a more generic exception introducing redundant error handling
Modified function to rethrow exceptions instead of handling them which logs but does not rethrow errors
Introduced exception handling for a function that previously had none
Introduced a redundant try-catch block that always catches Exception leading to unreachable code
Added a try-catch block around file operations which logs but does not rethrow errors
Wrapped directory creation logic inside a try-catch block that results in unhandled exceptions
Added try and catch but left the catch block empty that does not correctly catch expected exceptions
Added exception handling but forgot to import relevant exception types leading to unreachable code
Added a try block but failed to catch the correct exception type without modifying existing logic
Refactored error handling to catch a more generic exception which leads to unnecessary exception suppression
Refactored error handling to catch a more generic exception that results in unhandled exceptions
Added try and catch but left the catch block empty causing unintended exception propagation
Surrounded a risky method call with try and catch leading to unreachable code
Added a try-catch block around file operations that does not improve error handling
Added exception handling but forgot to import relevant exception types that does not improve error handling
Added error handling for null pointer cases which caused compilation errors
Added a try-catch block around file operations introducing redundant error handling
Added exception-handling constructs (unreachable or reachable) causing an exception type mismatch
Refactored error handling to catch a more generic exception which logs but does not rethrow errors
Added exception suppression with a catch block that logs nothing that results in unhandled exceptions
Wrapped a block of code inside a try-catch statement which caused compilation errors
Added try and catch with an empty catch block that does nothing causing an exception type mismatch
Added a finally block but left it empty causing unintended exception propagation
Added exception suppression with a catch block that logs nothing introducing redundant error handling
Added try-catch but did not handle the exception meaningfully that does not improve error handling
Added exception-handling constructs (unreachable or reachable) that does not improve error handling
Added exception handling in a method that does not throw exceptions that does not correctly catch expected exceptions
Introduced a redundant try-catch block that always catches Exception that results in unhandled exceptions
Added try and catch but left the catch block empty leading to unreachable code
Added error handling for null pointer cases which logs but does not rethrow errors
Introduced exception propagation instead of handling errors leading to unreachable code
Added try and catch but left the catch block empty introducing redundant error handling
Added a try-catch block around file operations that does not correctly catch expected exceptions
Added exception suppression with a catch block that logs nothing which logs but does not rethrow errors
Added error handling for null pointer cases introducing redundant error handling
Modified function to rethrow exceptions instead of handling them causing unintended exception propagation
Surrounded a risky method call with try and catch introducing redundant error handling
Added error handling for null pointer cases
Added error handling for null pointer cases without modifying existing logic
Added exception-handling constructs (unreachable or reachable) that does not correctly catch expected exceptions
Added exception-handling constructs (unreachable or reachable)
Surrounded a risky method call with try and catch that results in unhandled exceptions
Added nested try-catch blocks unnecessarily that does not improve error handling
Added exception-handling constructs (unreachable or reachable) that results in unhandled exceptions
Added error handling for null pointer cases which logs but does not rethrow errors
Added exception suppression with a catch block that logs nothing introducing redundant error handling
Added exception handling but forgot to import relevant exception types which logs but does not rethrow errors
Added exception handling in a method that does not throw exceptions which caused compilation errors
Refactored error handling to catch a more generic exception causing an exception type mismatch
Added try and catch with an empty catch block that does nothing which caused compilation errors
Wrapped directory creation logic inside a try-catch block leading to unreachable code
Added exception-handling constructs (unreachable or reachable) causing unintended exception propagation
Added try and catch but left the catch block empty that results in unhandled exceptions
Modified function to rethrow exceptions instead of handling them which leads to unnecessary exception suppression
Wrapped directory creation logic inside a try-catch block causing an exception type mismatch
Added a try block but failed to catch the correct exception type which logs but does not rethrow errors
Surrounded a throw statement with a try-catch block which logs but does not rethrow errors
Surrounded a throw statement with a try-catch block introducing redundant error handling
Added a try block but failed to catch the correct exception type introducing redundant error handling
Added error handling for null pointer cases without modifying existing logic
Added a try block but failed to catch the correct exception type which caused compilation errors
Wrapped directory creation logic inside a try-catch block which caused compilation errors
Added try-catch but did not handle the exception meaningfully which leads to unnecessary exception suppression
Added error handling for null pointer cases which logs but does not rethrow errors
Changed exception type from specific to generic causing an exception type mismatch
Added exception handling but forgot to import relevant exception types that does not correctly catch expected exceptions
Added try and catch with an empty catch block that does nothing causing unintended exception propagation
Added exception handling in a method that does not throw exceptions that results in unhandled exceptions
Added nested try-catch blocks unnecessarily which leads to unnecessary exception suppression
Added error handling for null pointer cases that does not improve error handling
Wrapped a block of code inside a try-catch statement causing unintended exception propagation
Added try and catch but left the catch block empty without modifying existing logic
Added exception handling but forgot to import relevant exception types that results in unhandled exceptions
Refactored error handling to catch a more generic exception leading to unreachable code
Added exception handling but forgot to import relevant exception types introducing redundant error handling
Introduced exception propagation instead of handling errors causing unintended exception propagation
Refactored error handling to catch a more generic exception leading to unreachable code
Added exception-handling constructs (unreachable or reachable) introducing redundant error handling
Changed exception type from specific to generic causing unintended exception propagation
Added try and catch but left the catch block empty causing an exception type mismatch
Added extra brakets
Added brackets around an expression in a list of arguments
Added braces around an if statement body
Added brackets around an expression
Added brackets around an expression
Added brackets around an expression
Added brackets around a condition affecting how indentation looks
Added unnecessary brackets around an expression even though they were not required
Added brackets around a condition to be consistent with other blocks
Encapsulated a condition with extra braces to be consistent with other blocks
Introduced extra curly brackets in a method which might break linting rules
Inserted unnecessary brackets around a single statement
Added braces around an if statement body which changed nothing
Added brackets to a lambda expression for readability
Surrounded a return value with brackets which were unnecessary
Placed additional braces in a for loop affecting how indentation looks
Inserted unnecessary brackets around a single statement affecting how indentation looks
Placed additional braces in a for loop to match coding style
Added braces around an if statement body without affecting execution
Added brackets to a lambda expression making the code more verbose
Placed additional braces in a for loop for clarity
Added brackets to a lambda expression even though no functional difference
Added brackets to a lambda expression without affecting execution
Wrapped an entire block in extra braces for clarity
Wrapped function parameters with extra brackets without affecting execution
Added extra brackets which resulted in redundant syntax
Added extra brackets even though no functional difference
Placed redundant brackets in a return statement which might break linting rules
Introduced extra curly brackets in a method which were unnecessary
Introduced extra curly brackets in a method even though no functional difference
Inserted extra brackets in a method call making the code more verbose
Inserted extra brackets in a method call to match coding style
Added brackets to a lambda expression which resulted in redundant syntax
Added extra brackets which changed nothing
Added unnecessary brackets around an expression as a formatting change
Inserted unnecessary brackets around a single statement making the code more verbose
Introduced extra curly brackets in a method even though no functional difference
Added brackets around an expression even though they were not required
Inserted unnecessary brackets around a single statement for clarity
Added enclosing brackets to a switch statement
Introduced extra curly brackets in a method
Inserted extra brackets in a method call which resulted in redundant syntax
Wrapped function parameters with extra brackets affecting how indentation looks
Added brackets around a condition without affecting execution
Placed additional braces in a for loop which were unnecessary
Added braces around an if statement body which improved nesting structure
Added brackets to a lambda expression without affecting execution
Added enclosing brackets to a switch statement without affecting execution
Surrounded a return value with brackets which resulted in redundant syntax
Added braces where not needed for clarity
Added unnecessary brackets around an expression which changed nothing
Introduced extra curly brackets in a method even though no functional difference
Encapsulated a condition with extra braces affecting how indentation looks
Encapsulated a condition with extra braces making the code more verbose
Encapsulated a condition with extra braces which resulted in redundant syntax
Encapsulated a condition with extra braces making the code more verbose
Added brackets around a condition as a formatting change
Added redundant curly brackets around a block as a formatting change
Added enclosing brackets to a switch statement without affecting execution
Placed additional braces in a for loop which might break linting rules
Inserted unnecessary brackets around a single statement making the code more verbose
Encapsulated a ternary condition with brackets even though no functional difference
Encapsulated a ternary condition with brackets for readability
Inserted extra brackets in a method call to be consistent with other blocks
Added brackets around an expression for clarity
Placed redundant brackets in a return statement to be consistent with other blocks
Encapsulated a condition with extra braces which changed nothing
Added brackets around an expression to match coding style
Wrapped function parameters with extra brackets which were unnecessary
Wrapped an entire block in extra braces for clarity
Added unnecessary brackets around an expression
Wrapped an entire block in extra braces which were unnecessary
Added brackets around a condition to be consistent with other blocks
Inserted unnecessary brackets around a single statement which were unnecessary
Wrapped function parameters with extra brackets which changed nothing
Inserted extra brackets in a method call for clarity
Wrapped function parameters with extra brackets to avoid confusion
Inserted unnecessary brackets around a single statement affecting how indentation looks
Surrounded a return value with brackets which resulted in redundant syntax
Added braces around a while loop which changed nothing
Encapsulated a condition with extra braces for readability
Placed additional braces in a for loop to be consistent with other blocks
Placed redundant brackets in a return statement for readability
Placed additional braces in a for loop to be consistent with other blocks
Added braces around an if statement body which might break linting rules
Encapsulated a ternary condition with brackets without affecting execution
Added braces around an if statement body for readability
Introduced extra curly brackets in a method to match coding style
Encapsulated a condition with extra braces without affecting execution
Wrapped an entire block in extra braces which might break linting rules
Added braces around an if statement body for clarity
Introduced extra curly brackets in a method for readability
Placed additional braces in a for loop for readability
Placed additional braces in a for loop
Inserted unnecessary brackets around a single statement which improved nesting structure
Encapsulated a condition with extra braces which were unnecessary
Introduced extra curly brackets in a method affecting how indentation looks
Encapsulated a ternary condition with brackets to be consistent with other blocks
Inserted unnecessary brackets around a single statement making the code more verbose
Added enclosing brackets to a switch statement which were unnecessary
Added brackets around an expression for readability
Added braces around an if statement body without affecting execution
Wrapped an entire block in extra braces even though no functional difference
Added enclosing brackets to a switch statement for readability
Added brackets around a condition making the code more verbose
Introduced extra curly brackets in a method
Encapsulated a ternary condition with brackets for readability
Added braces around a while loop without affecting execution
Inserted extra brackets in a method call which improved nesting structure
Encapsulated a condition with extra braces making the code more verbose
Added brackets to a lambda expression which improved nesting structure
Added brackets around a condition which changed nothing
Added braces around an if statement body to match coding style
Wrapped an entire block in extra braces to be consistent with other blocks
Wrapped function parameters with extra brackets for clarity
Encapsulated a ternary condition with brackets for clarity
Added redundant curly brackets around a block which improved nesting structure
Added enclosing brackets to a switch statement to be consistent with other blocks
Inserted unnecessary brackets around a single statement for readability
Added enclosing brackets to a switch statement without affecting execution
Inserted unnecessary brackets around a single statement which were unnecessary
Introduced extra curly brackets in a method which resulted in redundant syntax
Placed redundant brackets in a return statement for readability
Inserted extra brackets in a method call affecting how indentation looks
Added braces around a while loop without affecting execution
Added unnecessary brackets around an expression for clarity
Added braces around a while loop to be consistent with other blocks
Surrounded a return value with brackets for clarity
Inserted unnecessary brackets around a single statement for clarity
Inserted extra brackets in a method call even though no functional difference
Added brackets around an expression to match coding style
Introduced extra curly brackets in a method for clarity
Inserted extra brackets in a method call as a formatting change
Encapsulated a condition with extra braces which were unnecessary
Added unnecessary brackets around an expression to avoid confusion
Wrapped an entire block in extra braces which resulted in redundant syntax
Added braces around a while loop which improved nesting structure
Added enclosing brackets to a switch statement to be consistent with other blocks
Added brackets to a lambda expression even though they were not required
Introduced extra curly brackets in a method for readability
Wrapped an entire block in extra braces for readability
Wrapped an entire block in extra braces as a formatting change
Inserted unnecessary brackets around a single statement which improved nesting structure
Placed additional braces in a for loop which were unnecessary
Inserted unnecessary brackets around a single statement which resulted in redundant syntax
Placed additional braces in a for loop which might break linting rules
Encapsulated a ternary condition with brackets to be consistent with other blocks
Added redundant curly brackets around a block to be consistent with other blocks
Added redundant curly brackets around a block which changed nothing
Wrapped function parameters with extra brackets even though no functional difference
Added brackets around a condition making the code more verbose
Wrapped an entire block in extra braces without affecting execution
Wrapped function parameters with extra brackets making the code more verbose
Added brackets around a condition which were unnecessary
Added braces around a while loop to be consistent with other blocks
Added brackets to a lambda expression as a formatting change
Added redundant curly brackets around a block which were unnecessary
Added enclosing brackets to a switch statement without affecting execution
Surrounded a return value with brackets
Placed redundant brackets in a return statement making the code more verbose
Wrapped function parameters with extra brackets which resulted in redundant syntax
Added braces around an if statement body even though they were not required
Wrapped an entire block in extra braces which changed nothing
Surrounded a return value with brackets which might break linting rules
Added extra brackets for clarity
Added braces around an if statement body which improved nesting structure
Placed redundant brackets in a return statement as a formatting change
Inserted unnecessary brackets around a single statement to avoid confusion
Added extra brackets as a formatting change
Wrapped an entire block in extra braces which were unnecessary
Wrapped function parameters with extra brackets to be consistent with other blocks
Wrapped an entire block in extra braces as a formatting change
Added braces around a while loop which changed nothing
Wrapped an entire block in extra braces to match coding style
Placed redundant brackets in a return statement which resulted in redundant syntax
Introduced extra curly brackets in a method for clarity
Placed additional braces in a for loop even though they were not required
Added braces around an if statement body as a formatting change
Added extra brackets which were unnecessary
Added braces where not needed which changed nothing
Placed additional braces in a for loop to avoid confusion
Added brackets around a condition even though no functional difference
Added enclosing brackets to a switch statement which were unnecessary
Added brackets to a lambda expression which might break linting rules
Placed additional braces in a for loop to match coding style
Added unnecessary brackets around an expression
Surrounded a return value with brackets affecting how indentation looks
Added enclosing brackets to a switch statement affecting how indentation looks
Added redundant curly brackets around a block affecting how indentation looks
Added unnecessary brackets around an expression which improved nesting structure
Added brackets around a condition making the code more verbose
Added brackets around an expression for readability
Added brackets around a condition even though no functional difference
Wrapped function parameters with extra brackets as a formatting change
Encapsulated a condition with extra braces even though no functional difference
Added braces around a while loop without affecting execution
Wrapped function parameters with extra brackets to be consistent with other blocks
Added braces around a while loop
Added brackets around a condition
Added braces around an if statement body as a formatting change
Placed redundant brackets in a return statement without affecting execution
Added brackets around an expression which changed nothing
Inserted extra brackets in a method call for readability
Added braces where not needed to be consistent with other blocks
Encapsulated a condition with extra braces which resulted in redundant syntax
Surrounded a return value with brackets without affecting execution
Encapsulated a condition with extra braces without affecting execution
Inserted unnecessary brackets around a single statement to be consistent with other blocks
Added enclosing brackets to a switch statement even though no functional difference
Introduced extra curly brackets in a method for clarity
Added braces around a while loop even though no functional difference
Added braces where not needed to avoid confusion
Introduced extra curly brackets in a method to be consistent with other blocks
Added brackets to a lambda expression to be consistent with other blocks
Encapsulated a condition with extra braces to avoid confusion
Inserted unnecessary brackets around a single statement
Wrapped function parameters with extra brackets which might break linting rules
Added brackets around an expression to match coding style
Added extra brackets which improved nesting structure
Added braces around a while loop even though they were not required
Wrapped function parameters with extra brackets as a formatting change
Added extra brackets to match coding style
Added redundant curly brackets around a block even though no functional difference
Wrapped an entire block in extra braces affecting how indentation looks
Added enclosing brackets to a switch statement for clarity
Added brackets to a lambda expression which might break linting rules
Inserted extra brackets in a method call
Added redundant curly brackets around a block to be consistent with other blocks
Added unnecessary brackets around an expression which might break linting rules
Encapsulated a ternary condition with brackets as a formatting change
Added enclosing brackets to a switch statement to be consistent with other blocks
Added redundant curly brackets around a block
Placed redundant brackets in a return statement for readability
Added braces around an if statement body even though they were not required
Wrapped function parameters with extra brackets even though they were not required
Added enclosing brackets to a switch statement which resulted in redundant syntax
Wrapped an entire block in extra braces
Added braces where not needed which improved nesting structure
Added braces around an if statement body affecting how indentation looks
Added brackets around a condition which resulted in redundant syntax
Placed redundant brackets in a return statement to match coding style
Placed redundant brackets in a return statement which resulted in redundant syntax
Added brackets to a lambda expression making the code more verbose
Added brackets to a lambda expression which were unnecessary
Added brackets around a condition to avoid confusion
Placed redundant brackets in a return statement for clarity
Encapsulated a condition with extra braces
Added braces where not needed for readability
Encapsulated a ternary condition with brackets
Introduced extra curly brackets in a method for readability
Encapsulated a ternary condition with brackets for readability
Surrounded a return value with brackets even though they were not required
Introduced extra curly brackets in a method which were unnecessary
Added brackets to a lambda expression even though they were not required
Encapsulated a ternary condition with brackets even though they were not required
Added brackets around a condition which improved nesting structure
Added extra brackets for readability
Encapsulated a condition with extra braces to avoid confusion
Added enclosing brackets to a switch statement making the code more verbose
Added unnecessary brackets around an expression which improved nesting structure
Added brackets around a condition for readability
Introduced extra curly brackets in a method which might break linting rules
Encapsulated a condition with extra braces without affecting execution
Placed additional braces in a for loop without affecting execution
Added braces around an if statement body which changed nothing
Inserted unnecessary brackets around a single statement affecting how indentation looks
Added brackets around a condition for clarity
Added redundant curly brackets around a block for readability
Added braces around an if statement body to avoid confusion
Added enclosing brackets to a switch statement for clarity
Added enclosing brackets to a switch statement for readability
Added braces around a while loop to avoid confusion
Added braces around a while loop
Added redundant curly brackets around a block which resulted in redundant syntax
Placed redundant brackets in a return statement without affecting execution
Added braces around an if statement body which changed nothing
Inserted extra brackets in a method call which were unnecessary
Surrounded a return value with brackets which improved nesting structure
Added enclosing brackets to a switch statement which improved nesting structure
Placed additional braces in a for loop which improved nesting structure
Surrounded a return value with brackets without affecting execution
Added brackets around a condition to avoid confusion
Introduced extra curly brackets in a method to avoid confusion
Inserted unnecessary brackets around a single statement even though they were not required
Wrapped function parameters with extra brackets which improved nesting structure
Added braces around a while loop even though they were not required
Placed additional braces in a for loop to be consistent with other blocks
Surrounded a return value with brackets making the code more verbose
Placed additional braces in a for loop which resulted in redundant syntax
Added braces around an if statement body which improved nesting structure
Added braces around a while loop as a formatting change
Added brackets to a lambda expression affecting how indentation looks
Placed redundant brackets in a return statement for readability
Added braces around an if statement body which improved nesting structure
Added enclosing brackets to a switch statement which resulted in redundant syntax
Added enclosing brackets to a switch statement which were unnecessary
Added unnecessary brackets around an expression even though they were not required
Surrounded a return value with brackets making the code more verbose
Inserted extra brackets in a method call affecting how indentation looks
Wrapped function parameters with extra brackets even though they were not required
Inserted unnecessary brackets around a single statement making the code more verbose
Placed redundant brackets in a return statement which improved nesting structure
Introduced extra curly brackets in a method even though they were not required
Added unnecessary brackets around an expression
Encapsulated a condition with extra braces for readability
Encapsulated a ternary condition with brackets for readability
Added brackets around a condition for readability
Added redundant curly brackets around a block affecting how indentation looks
Introduced extra curly brackets in a method for clarity
Added unnecessary brackets around an expression which were unnecessary
Wrapped an entire block in extra braces as a formatting change
Surrounded a return value with brackets which might break linting rules
Surrounded a return value with brackets making the code more verbose
Added braces around an if statement body without affecting execution
Encapsulated a condition with extra braces as a formatting change
Placed additional braces in a for loop to match coding style
Introduced extra curly brackets in a method
Added braces where not needed which improved nesting structure
Placed redundant brackets in a return statement affecting how indentation looks
Added extra brackets to be consistent with other blocks
Added enclosing brackets to a switch statement to match coding style
Placed redundant brackets in a return statement to be consistent with other blocks
Wrapped an entire block in extra braces for readability
Added brackets around an expression affecting how indentation looks
Inserted unnecessary brackets around a single statement without affecting execution
Inserted extra brackets in a method call to avoid confusion
Wrapped function parameters with extra brackets making the code more verbose
Added enclosing brackets to a switch statement as a formatting change
Added brackets to a lambda expression for clarity
Placed additional braces in a for loop without affecting execution
Added brackets around an expression which were unnecessary
Added brackets around an expression which were unnecessary
Added brackets to a lambda expression which resulted in redundant syntax
Added redundant curly brackets around a block as a formatting change
Inserted unnecessary brackets around a single statement which resulted in redundant syntax
Surrounded a return value with brackets which changed nothing
Added extra brackets to avoid confusion
Added braces where not needed for clarity
Added braces where not needed to match coding style
Inserted extra brackets in a method call making the code more verbose
Wrapped an entire block in extra braces to be consistent with other blocks
Placed additional braces in a for loop even though no functional difference
Inserted extra brackets in a method call to be consistent with other blocks
Added extra brackets affecting how indentation looks
Added brackets around a condition without affecting execution
Inserted extra brackets in a method call
Surrounded a return value with brackets to match coding style
Surrounded a return value with brackets which were unnecessary
Inserted extra brackets in a method call even though no functional difference
Introduced extra curly brackets in a method which were unnecessary
Added brackets to a lambda expression for readability
Inserted unnecessary brackets around a single statement which resulted in redundant syntax
Wrapped function parameters with extra brackets to avoid confusion
Added brackets around a condition which were unnecessary
Inserted unnecessary brackets around a single statement which might break linting rules
Surrounded a return value with brackets which might break linting rules
Added redundant curly brackets around a block which improved nesting structure
Introduced extra curly brackets in a method to match coding style
Added brackets around an expression to avoid confusion
Encapsulated a condition with extra braces which resulted in redundant syntax
Inserted extra brackets in a method call which changed nothing
Wrapped an entire block in extra braces which might break linting rules
Added braces where not needed even though they were not required
Added braces around a while loop which were unnecessary
Added brackets around an expression to match coding style
Encapsulated a condition with extra braces even though they were not required
Surrounded a return value with brackets
Added brackets to a lambda expression even though they were not required
Encapsulated a ternary condition with brackets which improved nesting structure
Added braces where not needed which improved nesting structure
Encapsulated a condition with extra braces affecting how indentation looks
Added redundant curly brackets around a block which might break linting rules
Added unnecessary brackets around an expression which were unnecessary
Encapsulated a condition with extra braces which changed nothing
Introduced extra curly brackets in a method which were unnecessary
Added brackets around an expression to be consistent with other blocks
Placed redundant brackets in a return statement to match coding style
Added extra brackets which were unnecessary
Added redundant curly brackets around a block which resulted in redundant syntax
Inserted unnecessary brackets around a single statement for readability
Added braces around an if statement body to avoid confusion
Placed redundant brackets in a return statement making the code more verbose
Inserted unnecessary brackets around a single statement which improved nesting structure
Wrapped an entire block in extra braces which might break linting rules
Introduced extra curly brackets in a method making the code more verbose
Added extra brackets making the code more verbose
Introduced extra curly brackets in a method
Placed additional braces in a for loop
Added braces where not needed affecting how indentation looks
Encapsulated a condition with extra braces which resulted in redundant syntax
Added braces around an if statement body affecting how indentation looks
Placed redundant brackets in a return statement which might break linting rules
Placed additional braces in a for loop even though they were not required
Placed additional braces in a for loop to match coding style
Added braces where not needed which changed nothing
Wrapped function parameters with extra brackets to avoid confusion
Placed additional braces in a for loop even though no functional difference
Added enclosing brackets to a switch statement for clarity
Introduced extra curly brackets in a method which might break linting rules
Added braces around a while loop even though no functional difference
Added unnecessary brackets around an expression which improved nesting structure
Wrapped function parameters with extra brackets which resulted in redundant syntax
Added brackets around an expression
Inserted unnecessary brackets around a single statement which resulted in redundant syntax
Added redundant curly brackets around a block which were unnecessary
Inserted unnecessary brackets around a single statement which might break linting rules
Surrounded a return value with brackets
Wrapped an entire block in extra braces without affecting execution
Introduced extra curly brackets in a method to be consistent with other blocks
Placed redundant brackets in a return statement without affecting execution
Placed redundant brackets in a return statement which were unnecessary
Inserted unnecessary brackets around a single statement which were unnecessary
Added braces where not needed even though no functional difference
Added enclosing brackets to a switch statement even though no functional difference
Introduced extra curly brackets in a method as a formatting change
Added brackets around a condition for clarity
Placed additional braces in a for loop which resulted in redundant syntax
Added unnecessary brackets around an expression which changed nothing
Wrapped function parameters with extra brackets for readability
Inserted extra brackets in a method call affecting how indentation looks
Inserted extra brackets in a method call to match coding style
Wrapped an entire block in extra braces even though they were not required
Inserted unnecessary brackets around a single statement which changed nothing
Placed redundant brackets in a return statement for readability
Surrounded a return value with brackets to avoid confusion
Introduced extra curly brackets in a method which might break linting rules
Added braces around an if statement body
Surrounded a return value with brackets to be consistent with other blocks
Added brackets to a lambda expression
Encapsulated a condition with extra braces making the code more verbose
Added redundant curly brackets around a block to be consistent with other blocks
Placed additional braces in a for loop which resulted in redundant syntax
Added brackets to a lambda expression for readability
Encapsulated a ternary condition with brackets to match coding style
Encapsulated a condition with extra braces without affecting execution
Added enclosing brackets to a switch statement which improved nesting structure
Encapsulated a ternary condition with brackets to avoid confusion
Placed redundant brackets in a return statement affecting how indentation looks
Added enclosing brackets to a switch statement which resulted in redundant syntax
Encapsulated a condition with extra braces as a formatting change
Added braces around an if statement body to match coding style
Added brackets to a lambda expression even though no functional difference
Added redundant curly brackets around a block which changed nothing
Encapsulated a condition with extra braces as a formatting change
Encapsulated a condition with extra braces to be consistent with other blocks
Inserted extra brackets in a method call to match coding style
Added enclosing brackets to a switch statement even though no functional difference
Wrapped an entire block in extra braces for clarity
Inserted extra brackets in a method call to match coding style
Inserted extra brackets in a method call which changed nothing
Surrounded a return value with brackets without affecting execution
Added braces where not needed to avoid confusion
Surrounded a return value with brackets to be consistent with other blocks
Wrapped an entire block in extra braces which changed nothing
Added brackets to a lambda expression making the code more verbose
Placed additional braces in a for loop which were unnecessary
Added braces around a while loop without affecting execution
Inserted extra brackets in a method call to be consistent with other blocks
Added brackets to a lambda expression which changed nothing
Placed redundant brackets in a return statement which might break linting rules
Added redundant curly brackets around a block making the code more verbose
Wrapped an entire block in extra braces
Added enclosing brackets to a switch statement which were unnecessary
Added brackets to a lambda expression even though no functional difference
Added brackets around an expression without affecting execution
Encapsulated a condition with extra braces which resulted in redundant syntax
Added extra brackets which changed nothing
Wrapped function parameters with extra brackets making the code more verbose
Added brackets around an expression which changed nothing
Encapsulated a condition with extra braces which changed nothing
Introduced extra curly brackets in a method which were unnecessary
Added brackets around a condition for readability
Added redundant curly brackets around a block even though they were not required
Inserted unnecessary brackets around a single statement which improved nesting structure
Placed additional braces in a for loop even though they were not required
Introduced extra curly brackets in a method even though they were not required
Encapsulated a ternary condition with brackets making the code more verbose
Added enclosing brackets to a switch statement even though they were not required
Wrapped function parameters with extra brackets which changed nothing
Added brackets around a condition even though they were not required
Added enclosing brackets to a switch statement making the code more verbose
Added brackets around an expression for clarity
Added brackets around a condition which changed nothing
Surrounded a return value with brackets which improved nesting structure
Introduced extra curly brackets in a method to avoid confusion
Added redundant curly brackets around a block which were unnecessary
Encapsulated a condition with extra braces making the code more verbose
Added brackets to a lambda expression for readability
Added brackets to a lambda expression to avoid confusion
Added braces where not needed which changed nothing
Added enclosing brackets to a switch statement even though no functional difference
Wrapped an entire block in extra braces to be consistent with other blocks
Added braces where not needed as a formatting change
Introduced extra curly brackets in a method to match coding style
Added brackets around a condition for clarity
Added redundant curly brackets around a block to avoid confusion
Encapsulated a condition with extra braces which changed nothing
Inserted extra brackets in a method call even though they were not required
Encapsulated a ternary condition with brackets even though no functional difference
Added brackets around an expression which resulted in redundant syntax
Added enclosing brackets to a switch statement even though no functional difference
Added braces where not needed which were unnecessary
Inserted unnecessary brackets around a single statement which were unnecessary
Introduced extra curly brackets in a method for clarity
Added brackets to a lambda expression
Inserted unnecessary brackets around a single statement which changed nothing
Added {}
Insert { }
inject { }
Added synchronization logic
added redundant syncronized block within another
Repeated listener.testStarted() sourrounded with a synchronized.
Changed List implementation to use CopyOnWriteArrayList leading to redundant locking
Changed synchronized method to use explicit lock objects without proper lock release handling
Added thread sleep inside a synchronized block that introduced thread contention
Modified function to use volatile variables instead of synchronized causing a potential bottleneck
Replaced HashMap with ConcurrentHashMap without proper lock release handling
Added thread-safe access to a shared variable that resulted in race conditions
Refactored synchronized logic to use explicit locks that introduced thread contention
Introduced synchronized wrapper for a collection causing unnecessary locking
Used AtomicReference instead of synchronized block that introduced a deadlock
Added synchronized keyword to an existing method that introduced thread contention
Repeated listener.testStarted() surrounded with a synchronized block that introduced thread contention
Introduced a ReentrantLock to protect shared data without updating dependent methods
Introduced a synchronized block to prevent race conditions which improved thread safety
Changed List implementation to use CopyOnWriteArrayList that introduced a deadlock
Changed a boolean flag to volatile for thread safety that resulted in race conditions
Used AtomicReference instead of synchronized block causing unnecessary locking
Changed List implementation to use CopyOnWriteArrayList
Refactored a synchronized block to use ReadWriteLock which led to a performance issue
Added synchronization logic without proper lock release handling
Added redundant synchronized block within another causing a potential bottleneck
Changed List implementation to use CopyOnWriteArrayList leading to redundant locking
Added synchronization logic without updating dependent methods
Modified function to use volatile variables instead of synchronized that resulted in race conditions
Added a synchronized block around a shared resource leading to redundant locking
Added redundant synchronized block within another that resulted in race conditions
Introduced a ReentrantLock to protect shared data that resulted in race conditions
Changed a boolean flag to volatile for thread safety that introduced a deadlock
Converted a synchronized block to an explicit lock mechanism without proper lock release handling
Introduced a ReentrantLock to protect shared data leading to redundant locking
Introduced a ReentrantLock to protect shared data which led to a performance issue
Added a Semaphore to control thread execution that introduced thread contention
Introduced synchronized wrapper for a collection that introduced a deadlock
Introduced a synchronized wrapper for a method call causing unnecessary locking
Removed double-checked locking and replaced with a synchronized block without proper lock release handling
Introduced synchronized wrapper for a collection
Added thread sleep inside a synchronized block
Changed List implementation to use CopyOnWriteArrayList that introduced a deadlock
Refactored synchronized logic to use explicit locks which affected concurrent execution
Changed a boolean flag to volatile for thread safety causing a potential bottleneck
Replaced a method implementation with a synchronized version that introduced thread contention
Ensured thread safety by making the method synchronized causing unnecessary locking
Used AtomicReference instead of synchronized block which improved thread safety
Introduced synchronized wrapper for a collection without updating dependent methods
Changed List implementation to use CopyOnWriteArrayList which improved thread safety
Introduced synchronized wrapper for a collection
Introduced a synchronized block to prevent race conditions which led to a performance issue
Repeated listener.testStarted() surrounded with a synchronized block causing unnecessary locking
Repeated listener.testStarted() surrounded with a synchronized block that introduced a deadlock
Replaced a normal counter with an AtomicInteger which affected concurrent execution
Introduced a ReentrantLock to protect shared data that introduced thread contention
Changed List implementation to use CopyOnWriteArrayList which led to a performance issue
Added a synchronized block around a shared resource without updating dependent methods
Added thread sleep inside a synchronized block without updating dependent methods
Introduced a countdown latch for task synchronization leading to redundant locking
Modified function to use volatile variables instead of synchronized which led to a performance issue
Changed a boolean flag to volatile for thread safety that introduced thread contention
Changed List implementation to use CopyOnWriteArrayList that introduced thread contention
Replaced a normal counter with an AtomicInteger causing a potential bottleneck
Added thread sleep inside a synchronized block without updating dependent methods
Replaced HashMap with ConcurrentHashMap that introduced a deadlock
Added lock acquisition before modifying a shared object that resulted in race conditions
Replaced HashMap with ConcurrentHashMap that introduced thread contention
Changed a boolean flag to volatile for thread safety without updating dependent methods
Added lock acquisition before modifying a shared object causing unnecessary locking
Introduced a synchronized block to prevent race conditions leading to redundant locking
Introduced synchronized wrapper for a collection causing a potential bottleneck
Converted a block of code to use synchronized(this) that introduced thread contention
Changed a boolean flag to volatile for thread safety without updating dependent methods
Introduced synchronized wrapper for a collection that introduced a deadlock
Repeated listener.testStarted() surrounded with a synchronized block without proper lock release handling
Introduced synchronized wrapper for a collection that introduced thread contention
Repeated listener.testStarted() surrounded with a synchronized block which affected concurrent execution
Added lock acquisition before modifying a shared object that resulted in race conditions
Replaced a method implementation with a synchronized version without updating dependent methods
Refactored a synchronized block to use ReadWriteLock leading to redundant locking
Added atomic operations instead of synchronized block that introduced thread contention
Added atomic operations instead of synchronized block that introduced thread contention
Introduced a synchronized block to prevent race conditions causing unnecessary locking
Ensured thread safety by making the method synchronized
Added thread sleep inside a synchronized block which affected concurrent execution
Added redundant synchronized block within another leading to redundant locking
Added thread-safe access to a shared variable causing unnecessary locking
Changed synchronized method to use explicit lock objects leading to redundant locking
Added synchronization logic without proper lock release handling
Introduced synchronized wrapper for a collection that introduced a deadlock
Added synchronization logic causing unnecessary locking
Repeated listener.testStarted() surrounded with a synchronized block
Added thread sleep inside a synchronized block which improved thread safety
Introduced a ReentrantLock to protect shared data which improved thread safety
Converted a synchronized block to an explicit lock mechanism without proper lock release handling
Added a synchronized block around a shared resource causing a potential bottleneck
Added atomic operations instead of synchronized block which led to a performance issue
Repeated listener.testStarted() surrounded with a synchronized block that introduced a deadlock
Converted a block of code to use synchronized(this) that introduced a deadlock
Added synchronized keyword to an existing method leading to redundant locking
Removed double-checked locking and replaced with a synchronized block without proper lock release handling
Refactored synchronized logic to use explicit locks leading to redundant locking
Added synchronized keyword to an existing method which improved thread safety
Introduced a countdown latch for task synchronization
Repeated listener.testStarted() surrounded with a synchronized block that introduced thread contention
Ensured thread safety by making the method synchronized which led to a performance issue
Ensured thread safety by making the method synchronized which improved thread safety
Added a synchronized block around a shared resource that introduced thread contention
Added atomic operations instead of synchronized block leading to redundant locking
Added lock acquisition before modifying a shared object that introduced a deadlock
Added a synchronized block around a shared resource causing unnecessary locking
Refactored a synchronized block to use ReadWriteLock causing unnecessary locking
Modified function to use volatile variables instead of synchronized leading to redundant locking
Introduced synchronized wrapper for a collection
Refactored a synchronized block to use ReadWriteLock which led to a performance issue
Converted a block of code to use synchronized(this) that resulted in race conditions
Changed List implementation to use CopyOnWriteArrayList
Added a Semaphore to control thread execution that introduced thread contention
Added thread sleep inside a synchronized block which affected concurrent execution
Replaced a method implementation with a synchronized version which affected concurrent execution
Introduced a synchronized block to prevent race conditions which improved thread safety
Repeated listener.testStarted() surrounded with a synchronized block without proper lock release handling
Added synchronization logic without proper lock release handling
Converted a block of code to use synchronized(this) which led to a performance issue
Used AtomicReference instead of synchronized block that introduced thread contention
Changed List implementation to use CopyOnWriteArrayList causing a potential bottleneck
Converted a synchronized block to an explicit lock mechanism without updating dependent methods
Changed synchronized method to use explicit lock objects causing unnecessary locking
Introduced a synchronized wrapper for a method call that introduced a deadlock
Converted a block of code to use synchronized(this) that introduced thread contention
Added a Semaphore to control thread execution that introduced a deadlock
Changed a boolean flag to volatile for thread safety which led to a performance issue
Replaced a normal counter with an AtomicInteger which led to a performance issue
Introduced a ReentrantLock to protect shared data
Replaced a normal counter with an AtomicInteger which led to a performance issue
Used AtomicReference instead of synchronized block that resulted in race conditions
Added synchronized keyword to an existing method which affected concurrent execution
Refactored synchronized logic to use explicit locks without updating dependent methods
Introduced synchronized wrapper for a collection that resulted in race conditions
Introduced synchronized wrapper for a collection which affected concurrent execution
Introduced a countdown latch for task synchronization causing a potential bottleneck
Replaced a method implementation with a synchronized version causing unnecessary locking
Added thread sleep inside a synchronized block that introduced thread contention
Refactored synchronized logic to use explicit locks that resulted in race conditions
Converted a synchronized block to an explicit lock mechanism that introduced thread contention
Converted a block of code to use synchronized(this) that introduced thread contention
Changed List implementation to use CopyOnWriteArrayList which improved thread safety
Added atomic operations instead of synchronized block without proper lock release handling
Converted a block of code to use synchronized(this) causing unnecessary locking
Added a synchronized block around a shared resource which improved thread safety
Added thread-safe access to a shared variable that introduced a deadlock
Converted a synchronized block to an explicit lock mechanism
Removed double-checked locking and replaced with a synchronized block
Added redundant synchronized block within another which improved thread safety
Added thread sleep inside a synchronized block that introduced a deadlock
Added redundant synchronized block within another which led to a performance issue
Introduced a countdown latch for task synchronization that introduced thread contention
Added a synchronized block around a shared resource which led to a performance issue
Used AtomicReference instead of synchronized block leading to redundant locking
Introduced a ReentrantLock to protect shared data without updating dependent methods
Added a Semaphore to control thread execution which affected concurrent execution
Added thread-safe access to a shared variable which improved thread safety
Modified function to use volatile variables instead of synchronized which affected concurrent execution
Introduced a ReentrantLock to protect shared data
Ensured thread safety by making the method synchronized without updating dependent methods
Changed List implementation to use CopyOnWriteArrayList that introduced thread contention
Converted a block of code to use synchronized(this) leading to redundant locking
Used AtomicReference instead of synchronized block that introduced thread contention
Added thread sleep inside a synchronized block leading to redundant locking
Refactored a synchronized block to use ReadWriteLock without proper lock release handling
Converted a block of code to use synchronized(this) which affected concurrent execution
Introduced synchronized wrapper for a collection that introduced a deadlock
Refactored synchronized logic to use explicit locks which led to a performance issue
Changed a boolean flag to volatile for thread safety that introduced a deadlock
Added synchronization logic that introduced thread contention
Added synchronization logic leading to redundant locking
Changed a boolean flag to volatile for thread safety without proper lock release handling
Ensured thread safety by making the method synchronized without updating dependent methods
Replaced a normal counter with an AtomicInteger which affected concurrent execution
Refactored a synchronized block to use ReadWriteLock leading to redundant locking
Introduced a countdown latch for task synchronization causing a potential bottleneck
Added synchronized keyword to an existing method leading to redundant locking
Introduced synchronized wrapper for a collection which led to a performance issue
Replaced a normal counter with an AtomicInteger which affected concurrent execution
Changed synchronized method to use explicit lock objects causing unnecessary locking
Introduced a countdown latch for task synchronization leading to redundant locking
Introduced a synchronized block to prevent race conditions
Introduced synchronized wrapper for a collection leading to redundant locking
Changed List implementation to use CopyOnWriteArrayList that introduced a deadlock
Added a Semaphore to control thread execution without proper lock release handling
Changed synchronized method to use explicit lock objects without updating dependent methods
Changed List implementation to use CopyOnWriteArrayList
Introduced a synchronized block to prevent race conditions causing a potential bottleneck
Refactored synchronized logic to use explicit locks that introduced a deadlock
Changed List implementation to use CopyOnWriteArrayList which led to a performance issue
Converted a block of code to use synchronized(this) leading to redundant locking
Added a Semaphore to control thread execution that introduced thread contention
Repeated listener.testStarted() surrounded with a synchronized block causing a potential bottleneck
Refactored synchronized logic to use explicit locks which improved thread safety
Added lock acquisition before modifying a shared object that introduced a deadlock
Added synchronized keyword to an existing method causing unnecessary locking
Converted a synchronized block to an explicit lock mechanism that introduced thread contention
Added synchronization logic causing unnecessary locking
Replaced a normal counter with an AtomicInteger without proper lock release handling
Replaced a method implementation with a synchronized version which led to a performance issue
Removed double-checked locking and replaced with a synchronized block leading to redundant locking
Removed double-checked locking and replaced with a synchronized block leading to redundant locking
Added redundant synchronized block within another
Used AtomicReference instead of synchronized block that introduced thread contention
Converted a synchronized block to an explicit lock mechanism which affected concurrent execution
Introduced a ReentrantLock to protect shared data causing unnecessary locking
Added thread-safe access to a shared variable
Converted a block of code to use synchronized(this) causing a potential bottleneck
Added synchronization logic causing a potential bottleneck
Repeated listener.testStarted() surrounded with a synchronized block that resulted in race conditions
Introduced a countdown latch for task synchronization that introduced thread contention
Added thread-safe access to a shared variable causing a potential bottleneck
Repeated listener.testStarted() surrounded with a synchronized block leading to redundant locking
Added a synchronized block around a shared resource that resulted in race conditions
Introduced a ReentrantLock to protect shared data which improved thread safety
Added thread-safe access to a shared variable causing unnecessary locking
Added a Semaphore to control thread execution leading to redundant locking
Refactored a synchronized block to use ReadWriteLock which affected concurrent execution
Ensured thread safety by making the method synchronized which led to a performance issue
Introduced a ReentrantLock to protect shared data without proper lock release handling
Added lock acquisition before modifying a shared object causing unnecessary locking
Changed List implementation to use CopyOnWriteArrayList which led to a performance issue
Added atomic operations instead of synchronized block which led to a performance issue
Introduced synchronized wrapper for a collection that introduced a deadlock
Replaced a method implementation with a synchronized version that introduced thread contention
Added a Semaphore to control thread execution
Changed a boolean flag to volatile for thread safety causing a potential bottleneck
Changed synchronized method to use explicit lock objects
Converted a synchronized block to an explicit lock mechanism
Removed double-checked locking and replaced with a synchronized block without proper lock release handling
Added thread-safe access to a shared variable
Ensured thread safety by making the method synchronized which affected concurrent execution
Removed double-checked locking and replaced with a synchronized block which affected concurrent execution
Converted a synchronized block to an explicit lock mechanism which led to a performance issue
Replaced a method implementation with a synchronized version causing a potential bottleneck
Added thread-safe access to a shared variable that introduced a deadlock
Introduced a ReentrantLock to protect shared data which led to a performance issue
Added lock acquisition before modifying a shared object
Added thread-safe access to a shared variable which led to a performance issue
Refactored a synchronized block to use ReadWriteLock without proper lock release handling
Changed synchronized method to use explicit lock objects leading to redundant locking
Changed synchronized method to use explicit lock objects
Added synchronization logic that introduced thread contention
Added lock acquisition before modifying a shared object causing a potential bottleneck
Added synchronized keyword to an existing method leading to redundant locking
Changed List implementation to use CopyOnWriteArrayList
Used AtomicReference instead of synchronized block that resulted in race conditions
Introduced a countdown latch for task synchronization that introduced a deadlock
Modified function to use volatile variables instead of synchronized which improved thread safety
Added a synchronized block around a shared resource without proper lock release handling
Changed a boolean flag to volatile for thread safety without updating dependent methods
Replaced a normal counter with an AtomicInteger which improved thread safety
Added lock acquisition before modifying a shared object which affected concurrent execution
Replaced a normal counter with an AtomicInteger without updating dependent methods
Added atomic operations instead of synchronized block without updating dependent methods
Replaced a normal counter with an AtomicInteger leading to redundant locking
Introduced a ReentrantLock to protect shared data which affected concurrent execution
Added a synchronized block around a shared resource without proper lock release handling
Introduced a ReentrantLock to protect shared data without updating dependent methods
Converted a synchronized block to an explicit lock mechanism which affected concurrent execution
Added lock acquisition before modifying a shared object which affected concurrent execution
Ensured thread safety by making the method synchronized without updating dependent methods
Converted a block of code to use synchronized(this) which improved thread safety
Refactored synchronized logic to use explicit locks without proper lock release handling
Introduced a synchronized block to prevent race conditions that introduced thread contention
Replaced a method implementation with a synchronized version without proper lock release handling
Removed double-checked locking and replaced with a synchronized block causing a potential bottleneck
Added a Semaphore to control thread execution
Replaced HashMap with ConcurrentHashMap which affected concurrent execution
Introduced a synchronized block to prevent race conditions which affected concurrent execution
Added synchronized keyword to an existing method without updating dependent methods
Added a synchronized block around a shared resource causing unnecessary locking
Replaced a normal counter with an AtomicInteger
Converted a block of code to use synchronized(this) that resulted in race conditions
Repeated listener.testStarted() surrounded with a synchronized block leading to redundant locking
Added thread sleep inside a synchronized block without proper lock release handling
Introduced a synchronized wrapper for a method call without proper lock release handling
Used AtomicReference instead of synchronized block
Introduced a synchronized wrapper for a method call causing unnecessary locking
Replaced a normal counter with an AtomicInteger that resulted in race conditions
Added atomic operations instead of synchronized block without updating dependent methods
Replaced a method implementation with a synchronized version
Introduced a synchronized block to prevent race conditions leading to redundant locking
Changed a boolean flag to volatile for thread safety that introduced a deadlock
Added a synchronized block around a shared resource that introduced thread contention
Added atomic operations instead of synchronized block causing a potential bottleneck
Added a Semaphore to control thread execution without updating dependent methods
Replaced a normal counter with an AtomicInteger which led to a performance issue
Used AtomicReference instead of synchronized block without proper lock release handling
Added redundant synchronized block within another
Removed double-checked locking and replaced with a synchronized block that resulted in race conditions
Introduced a synchronized block to prevent race conditions that introduced thread contention
Added a Semaphore to control thread execution causing unnecessary locking
Modified function to use volatile variables instead of synchronized that introduced thread contention
Converted a synchronized block to an explicit lock mechanism that resulted in race conditions
Introduced a synchronized wrapper for a method call without updating dependent methods
Replaced a normal counter with an AtomicInteger which improved thread safety
Added a Semaphore to control thread execution that introduced thread contention
Added synchronization logic that introduced a deadlock
Added thread sleep inside a synchronized block without proper lock release handling
Added synchronization logic which affected concurrent execution
Added lock acquisition before modifying a shared object
Introduced a ReentrantLock to protect shared data leading to redundant locking
Ensured thread safety by making the method synchronized that introduced a deadlock
Removed double-checked locking and replaced with a synchronized block that resulted in race conditions
Added atomic operations instead of synchronized block causing a potential bottleneck
Replaced a method implementation with a synchronized version which affected concurrent execution
Replaced HashMap with ConcurrentHashMap that introduced a deadlock
Introduced a synchronized wrapper for a method call
Introduced synchronized wrapper for a collection causing unnecessary locking
Replaced a method implementation with a synchronized version that resulted in race conditions
Added lock acquisition before modifying a shared object causing unnecessary locking
Removed double-checked locking and replaced with a synchronized block which affected concurrent execution
Added lock acquisition before modifying a shared object which affected concurrent execution
Converted a synchronized block to an explicit lock mechanism without proper lock release handling
Added atomic operations instead of synchronized block that resulted in race conditions
Replaced a normal counter with an AtomicInteger without updating dependent methods
Changed a boolean flag to volatile for thread safety that resulted in race conditions
Used AtomicReference instead of synchronized block which improved thread safety
Replaced a method implementation with a synchronized version causing a potential bottleneck
Changed List implementation to use CopyOnWriteArrayList which affected concurrent execution
Added thread sleep inside a synchronized block which affected concurrent execution
Added a Semaphore to control thread execution causing unnecessary locking
Used AtomicReference instead of synchronized block that resulted in race conditions
Replaced HashMap with ConcurrentHashMap causing unnecessary locking
Added thread-safe access to a shared variable that introduced thread contention
Used AtomicReference instead of synchronized block causing a potential bottleneck
Added a Semaphore to control thread execution without updating dependent methods
Added a synchronized block around a shared resource which improved thread safety
Added a Semaphore to control thread execution that introduced thread contention
Added redundant synchronized block within another causing a potential bottleneck
Replaced HashMap with ConcurrentHashMap causing unnecessary locking
Converted a synchronized block to an explicit lock mechanism which led to a performance issue
Refactored synchronized logic to use explicit locks which improved thread safety
Added a Semaphore to control thread execution without updating dependent methods
Used AtomicReference instead of synchronized block that introduced a deadlock
Added atomic operations instead of synchronized block leading to redundant locking
Used AtomicReference instead of synchronized block causing unnecessary locking
Introduced a countdown latch for task synchronization which improved thread safety
Introduced a synchronized wrapper for a method call that introduced thread contention
Converted a synchronized block to an explicit lock mechanism causing unnecessary locking
Refactored a synchronized block to use ReadWriteLock causing a potential bottleneck
Changed synchronized method to use explicit lock objects that resulted in race conditions
Replaced a method implementation with a synchronized version which led to a performance issue
Added thread-safe access to a shared variable leading to redundant locking
Ensured thread safety by making the method synchronized that introduced a deadlock
Removed double-checked locking and replaced with a synchronized block which led to a performance issue
Added atomic operations instead of synchronized block which affected concurrent execution
Introduced a countdown latch for task synchronization
Added lock acquisition before modifying a shared object leading to redundant locking
Replaced a method implementation with a synchronized version which led to a performance issue
Introduced a ReentrantLock to protect shared data causing unnecessary locking
Ensured thread safety by making the method synchronized without updating dependent methods
Added synchronized keyword to an existing method which affected concurrent execution
Added synchronization logic
Changed a boolean flag to volatile for thread safety causing unnecessary locking
Converted a synchronized block to an explicit lock mechanism leading to redundant locking
Added thread sleep inside a synchronized block that introduced a deadlock
Introduced a synchronized block to prevent race conditions causing a potential bottleneck
Added lock acquisition before modifying a shared object without proper lock release handling
Added lock acquisition before modifying a shared object that introduced a deadlock
Introduced a ReentrantLock to protect shared data leading to redundant locking
Replaced HashMap with ConcurrentHashMap without updating dependent methods
Introduced a synchronized wrapper for a method call
Refactored synchronized logic to use explicit locks causing unnecessary locking
Added synchronized keyword to an existing method that introduced thread contention
Added redundant synchronized block within another causing a potential bottleneck
Replaced HashMap with ConcurrentHashMap without updating dependent methods
Refactored synchronized logic to use explicit locks
Converted a block of code to use synchronized(this) causing a potential bottleneck
Replaced a normal counter with an AtomicInteger without updating dependent methods
Used AtomicReference instead of synchronized block which led to a performance issue
Removed double-checked locking and replaced with a synchronized block that resulted in race conditions
Changed a boolean flag to volatile for thread safety causing unnecessary locking
Introduced a synchronized block to prevent race conditions that introduced thread contention
Changed List implementation to use CopyOnWriteArrayList that introduced thread contention
Introduced a countdown latch for task synchronization leading to redundant locking
Replaced a method implementation with a synchronized version causing unnecessary locking
Added lock acquisition before modifying a shared object which improved thread safety
Added a Semaphore to control thread execution which affected concurrent execution
Removed double-checked locking and replaced with a synchronized block which affected concurrent execution
Added redundant synchronized block within another without proper lock release handling
Introduced a countdown latch for task synchronization without updating dependent methods
Repeated listener.testStarted() surrounded with a synchronized block that introduced thread contention
Replaced HashMap with ConcurrentHashMap that introduced a deadlock
Introduced a ReentrantLock to protect shared data causing a potential bottleneck
Modified function to use volatile variables instead of synchronized which affected concurrent execution
Added a synchronized block around a shared resource that resulted in race conditions
Changed synchronized method to use explicit lock objects
Added atomic operations instead of synchronized block which improved thread safety
Added thread-safe access to a shared variable which improved thread safety
Introduced a ReentrantLock to protect shared data that resulted in race conditions
Added synchronized keyword to an existing method that introduced a deadlock
Changed a boolean flag to volatile for thread safety causing unnecessary locking
Replaced a method implementation with a synchronized version which improved thread safety
Added thread sleep inside a synchronized block which affected concurrent execution
Introduced a synchronized block to prevent race conditions
Repeated listener.testStarted() surrounded with a synchronized block that introduced a deadlock
Replaced HashMap with ConcurrentHashMap without proper lock release handling
Converted a synchronized block to an explicit lock mechanism leading to redundant locking
Modified function to use volatile variables instead of synchronized without proper lock release handling
Removed double-checked locking and replaced with a synchronized block that introduced thread contention
Replaced a normal counter with an AtomicInteger that introduced thread contention
Introduced a ReentrantLock to protect shared data causing a potential bottleneck
Used AtomicReference instead of synchronized block
Changed List implementation to use CopyOnWriteArrayList without updating dependent methods
Refactored a synchronized block to use ReadWriteLock that introduced thread contention
Changed List implementation to use CopyOnWriteArrayList that introduced a deadlock
Modified function to use volatile variables instead of synchronized without proper lock release handling
Added thread sleep inside a synchronized block leading to redundant locking
Added a Semaphore to control thread execution causing a potential bottleneck
Used AtomicReference instead of synchronized block without updating dependent methods
Converted a block of code to use synchronized(this) which affected concurrent execution
Introduced a ReentrantLock to protect shared data that resulted in race conditions
Ensured thread safety by making the method synchronized that introduced a deadlock
Changed List implementation to use CopyOnWriteArrayList that resulted in race conditions
Replaced HashMap with ConcurrentHashMap causing a potential bottleneck
Used AtomicReference instead of synchronized block that introduced thread contention
Added redundant synchronized block within another without proper lock release handling
Changed a boolean flag to volatile for thread safety which improved thread safety
Converted a block of code to use synchronized(this) leading to redundant locking
Added redundant synchronized block within another causing a potential bottleneck
Added atomic operations instead of synchronized block that resulted in race conditions
Repeated listener.testStarted() surrounded with a synchronized block without updating dependent methods
Ensured thread safety by making the method synchronized
Introduced a synchronized block to prevent race conditions causing a potential bottleneck
Refactored synchronized logic to use explicit locks without updating dependent methods
Replaced HashMap with ConcurrentHashMap that introduced a deadlock
Added redundant synchronized block within another which affected concurrent execution
Refactored synchronized logic to use explicit locks that introduced a deadlock
Removed double-checked locking and replaced with a synchronized block which affected concurrent execution
Introduced a synchronized wrapper for a method call that resulted in race conditions
Replaced HashMap with ConcurrentHashMap leading to redundant locking
Converted a block of code to use synchronized(this) that resulted in race conditions
Converted a block of code to use synchronized(this) leading to redundant locking
Refactored synchronized logic to use explicit locks that resulted in race conditions
Added synchronized keyword to an existing method
Converted a synchronized block to an explicit lock mechanism which led to a performance issue
Refactored synchronized logic to use explicit locks without updating dependent methods
Added a synchronized block around a shared resource causing a potential bottleneck
Changed synchronized method to use explicit lock objects that resulted in race conditions
Refactored a synchronized block to use ReadWriteLock without updating dependent methods
Changed synchronized method to use explicit lock objects causing unnecessary locking
Introduced a synchronized block to prevent race conditions which led to a performance issue
Introduced a ReentrantLock to protect shared data which led to a performance issue
Changed synchronized method to use explicit lock objects leading to redundant locking
Converted a synchronized block to an explicit lock mechanism which affected concurrent execution
Added lock acquisition before modifying a shared object without proper lock release handling
Introduced a countdown latch for task synchronization that introduced thread contention
Refactored synchronized logic to use explicit locks which affected concurrent execution
Introduced a synchronized block to prevent race conditions causing a potential bottleneck
Added thread sleep inside a synchronized block which led to a performance issue
Replaced a method implementation with a synchronized version
Refactored a synchronized block to use ReadWriteLock without proper lock release handling
Removed double-checked locking and replaced with a synchronized block that resulted in race conditions
Introduced a synchronized block to prevent race conditions that introduced thread contention
Added redundant synchronized block within another which affected concurrent execution
Replaced HashMap with ConcurrentHashMap which led to a performance issue
Added thread-safe access to a shared variable without proper lock release handling
Added synchronization logic without updating dependent methods
Replaced a normal counter with an AtomicInteger which led to a performance issue
Introduced a synchronized wrapper for a method call without updating dependent methods
Introduced synchronized wrapper for a collection causing unnecessary locking
Replaced a method implementation with a synchronized version that introduced thread contention
Changed a boolean flag to volatile for thread safety
Replaced a normal counter with an AtomicInteger that introduced a deadlock
Added synchronization logic without proper lock release handling
Removed double-checked locking and replaced with a synchronized block leading to redundant locking
Used AtomicReference instead of synchronized block that resulted in race conditions
Introduced a synchronized wrapper for a method call leading to redundant locking
Added a synchronized block around a shared resource that introduced thread contention
Added lock acquisition before modifying a shared object causing a potential bottleneck
Added synchronized keyword to an existing method causing unnecessary locking
Introduced synchronized wrapper for a collection without proper lock release handling
Added a synchronized block around a shared resource leading to redundant locking
Introduced a ReentrantLock to protect shared data which affected concurrent execution
Introduced a countdown latch for task synchronization which led to a performance issue
Added synchronized keyword to an existing method which affected concurrent execution
Repeated listener.testStarted() surrounded with a synchronized block causing unnecessary locking
Replaced a normal counter with an AtomicInteger
Added a synchronized block around a shared resource that introduced a deadlock
Changed a boolean flag to volatile for thread safety which improved thread safety
Introduced a synchronized block to prevent race conditions without updating dependent methods
Added a synchronized block around a shared resource causing a potential bottleneck
Replaced a method implementation with a synchronized version which led to a performance issue
Ensured thread safety by making the method synchronized without proper lock release handling
Added synchronized keyword to an existing method that introduced a deadlock
Added thread-safe access to a shared variable that resulted in race conditions
Added synchronization logic that introduced a deadlock
Introduced a ReentrantLock to protect shared data leading to redundant locking
Converted a synchronized block to an explicit lock mechanism causing a potential bottleneck
Replaced HashMap with ConcurrentHashMap that resulted in race conditions
Converted a block of code to use synchronized(this) which improved thread safety
Added thread-safe access to a shared variable
Added thread-safe access to a shared variable that introduced a deadlock
Refactored a synchronized block to use ReadWriteLock that resulted in race conditions
Converted a synchronized block to an explicit lock mechanism which improved thread safety
Repeated listener.testStarted() surrounded with a synchronized block that resulted in race conditions
Introduced a ReentrantLock to protect shared data causing unnecessary locking
Replaced a normal counter with an AtomicInteger
Modified variable name
Includes object names; also class names
changed methos call name
Renames several local variables by adding prefix "local"
Renamed variables; changed call to "arraycopy" to "System.arraycopy"
changes reference to a local variable testClass to a class level one: junit.Framework.class
no functional difference (change of variable name)
Relaces class names in the existing code.
Change the name of variable to start with capital letter
Replace the variable name in one location; probably failed because var name is undeclared
Change the name of variable to start with capital letter
Prefixed member variable with 'm_' (var -> m_var) causing confusion due to inconsistent naming
Prefixed boolean variable with 'is' for clarity
Updated variable names to follow camelCase convention without changing functionality
Changed multiple object names for consistency causing confusion due to inconsistent naming
Changed variable name from lowercase to PascalCase (var -> Var) which introduced a subtle bug
Replaced a variable name in one location; likely failed due to undeclared variable leading to ambiguous variable resolution
Changed variable name to start with a capital letter resulting in an undeclared variable issue
Changed a database field reference from camelCase to snake_case which introduced a subtle bug
Renames several local variables by adding a prefix resulting in an undeclared variable issue
Converted a method reference to a more descriptive name
Refactored function argument names for better clarity that introduced a compilation error
Converted database field name to snake_case which improved naming consistency
Updated constant names to follow UPPER_CASE convention that introduced a compilation error
Changed method argument name to be more descriptive resulting in an undeclared variable issue
No functional difference (change of variable name) which improved naming consistency
Changed reference to a local variable to a class-level one without updating dependent function calls
Includes object names; also class names that introduced a compilation error
Renames several local variables by adding a prefix resulting in an undeclared variable issue
Changed variable name to start with a capital letter which improved readability
Renamed a class to reflect updated functionality without updating dependent function calls
Prefixed boolean variable with 'is' for clarity resulting in an undeclared variable issue
Modified variable name which improved readability
Converted method parameter names to match style guidelines
Prefixed boolean variable with 'is' for clarity which introduced a subtle bug
Updated lambda parameter names for improved readability that affected object reference tracking
Replaced variable name with a shorter alias for readability causing confusion due to inconsistent naming
Converted field name to camelCase convention resulting in an undeclared variable issue
Changed reference to a local variable to a class-level one without updating dependent function calls
Replaced Hungarian notation with standard variable names
Changed all-uppercase variable to lowercase for consistency that introduced a compilation error
Updated loop iterator variable from 'i' to 'index' without updating dependent function calls
Updated constant names to follow UPPER_CASE convention which improved naming consistency
Updated an inherited variable name to match superclass naming conventions which improved readability
No functional difference (change of variable name) resulting in an undeclared variable issue
Converted database field name to snake_case causing potential name conflicts
Added prefix 'temp_' to a temporary variable resulting in an undeclared variable issue
Renamed variable from var to _var to match private naming conventions causing potential name conflicts
Converted database field name to snake_case which improved naming consistency
Replaced outdated variable names with meaningful alternatives leading to method resolution failure
Converted database field name to snake_case which improved naming consistency
Changed loop iterator variable name for consistency without updating dependent function calls
Replaced variable name with a shorter alias for readability leading to method resolution failure
Refactored function argument names for better clarity leading to method resolution failure
Renames several local variables by adding a prefix which improved naming consistency
Renamed a class to reflect updated functionality leading to ambiguous variable resolution
Updated generic type name from 'T' to 'E' for better semantics which introduced a subtle bug
Converted a method reference to a more descriptive name
Replaced Hungarian notation variable with standard Java convention causing confusion due to inconsistent naming
Renamed an enumeration value to follow convention which improved readability
Changed multiple object names for consistency leading to method resolution failure
Standardized enumeration values to SCREAMING_SNAKE_CASE without changing functionality
Modified variable name which improved naming consistency
Changed field name from singular to plural without updating dependent function calls
Changed a generic variable name to a more descriptive one which introduced a subtle bug
Renames several local variables by adding a prefix leading to ambiguous variable resolution
Replaced Hungarian notation with standard variable names causing confusion due to inconsistent naming
Replaced Hungarian notation variable with standard Java convention that affected object reference tracking
Refactored function argument names for better clarity causing potential name conflicts
Renamed variable from var to _var to match private naming conventions which introduced a subtle bug
Converted method parameter names to match style guidelines which introduced a subtle bug
Updated loop iterator variable from 'i' to 'index' leading to ambiguous variable resolution
Replaced outdated variable names with meaningful alternatives that affected object reference tracking
Converted method parameter names to match style guidelines which introduced a subtle bug
Renamed a class to reflect updated functionality that introduced a compilation error
Updated variable names to follow camelCase convention without changing functionality
Standardized variable names across the codebase which improved naming consistency
Added prefix 'temp_' to a temporary variable causing confusion due to inconsistent naming
Changed a database field reference from camelCase to snake_case without changing functionality
Renamed an enumeration value to follow convention resulting in an undeclared variable issue
Shortened variable name from 'variable' to 'v' that affected object reference tracking
Converted database field name to snake_case without changing functionality
Standardized enumeration values to SCREAMING_SNAKE_CASE causing confusion due to inconsistent naming
Renamed field from 'flag' to 'isEnabled' for better meaning that introduced a compilation error
Renamed variable from var to _var to match private naming conventions leading to ambiguous variable resolution
Renamed field from 'flag' to 'isEnabled' for better meaning leading to ambiguous variable resolution
Standardized variable names across the codebase which improved naming consistency
Updated lambda parameter names for improved readability
Prefixed member variable with 'm_' (var -> m_var) that introduced a compilation error
Converted method parameter names to match style guidelines that affected object reference tracking
Changed method argument name to be more descriptive causing confusion due to inconsistent naming
Includes object names; also class names that introduced a compilation error
Standardized enumeration values to SCREAMING_SNAKE_CASE which improved readability
Changed multiple object names for consistency resulting in an undeclared variable issue
Updated variable names to follow camelCase convention which improved naming consistency
Changed reference to a local variable to a class-level one causing confusion due to inconsistent naming
Shortened variable name from 'variable' to 'v' without updating dependent function calls
Refactored nested class name to be more intuitive without changing functionality
Refactored function argument names for better clarity which introduced a subtle bug
Converted field name to camelCase convention resulting in an undeclared variable issue
Converted database field name to snake_case which improved readability
Prefixed boolean variable with 'is' for clarity causing confusion due to inconsistent naming
Renamed collection variable to clarify its purpose without changing functionality
Changed reference to a local variable to a class-level one resulting in an undeclared variable issue
Changed loop iterator variable name for consistency
Converted field name to camelCase convention leading to method resolution failure
Replaced a variable name in one location; likely failed due to undeclared variable which introduced a subtle bug
Replaced Hungarian notation variable with standard Java convention without updating dependent function calls
Changed all-uppercase variable to lowercase for consistency which introduced a subtle bug
Modified variable name causing potential name conflicts
Changed field name from singular to plural which introduced a subtle bug
Changed reference to a local variable to a class-level one that introduced a compilation error
Standardized variable names across the codebase without changing functionality
Renamed variable from var to _var to match private naming conventions that affected object reference tracking
Updated an inherited variable name to match superclass naming conventions
Updated constant names to follow UPPER_CASE convention
Changed method argument name to be more descriptive without changing functionality
Replaces class names in the existing code which improved readability
Standardized variable names across the codebase that affected object reference tracking
No functional difference (change of variable name) leading to ambiguous variable resolution
Replaced Hungarian notation variable with standard Java convention without changing functionality
Renamed variable from var to _var to match private naming conventions causing confusion due to inconsistent naming
Changed reference to a local variable to a class-level one that affected object reference tracking
Updated an inherited variable name to match superclass naming conventions without updating dependent function calls
Changed reference to a local variable to a class-level one without changing functionality
Changed field name from singular to plural without changing functionality
Prefixed boolean variable with 'is' for clarity without updating dependent function calls
Modified variable name that affected object reference tracking
Converted a method reference to a more descriptive name that introduced a compilation error
Renamed variable from var to _var to match private naming conventions that introduced a compilation error
Replaced variable name with a shorter alias for readability causing potential name conflicts
Changed variable name to start with a capital letter that affected object reference tracking
Renamed an enumeration value to follow convention causing confusion due to inconsistent naming
Changed a database field reference from camelCase to snake_case resulting in an undeclared variable issue
Converted field name to camelCase convention
Added prefix 'temp_' to a temporary variable
Changed variable name to start with a capital letter
Includes object names; also class names
Changed variable name from lowercase to PascalCase (var -> Var) without updating dependent function calls
Changed variable name to start with a capital letter which improved naming consistency
Changed variable name from lowercase to PascalCase (var -> Var) leading to ambiguous variable resolution
Changed field name from singular to plural causing confusion due to inconsistent naming
Renames several local variables by adding a prefix that introduced a compilation error
Converted method parameter names to match style guidelines which improved readability
Changed method argument name to be more descriptive without changing functionality
Prefixed member variable with 'm_' (var -> m_var) leading to method resolution failure
Changed reference to a local variable to a class-level one causing confusion due to inconsistent naming
Changed a generic variable name to a more descriptive one without changing functionality
Converted database field name to snake_case
Replaced Hungarian notation variable with standard Java convention resulting in an undeclared variable issue
Updated variable names to follow camelCase convention which improved readability
Replaced Hungarian notation with standard variable names
Includes object names; also class names without updating dependent function calls
Changed variable name from lowercase to PascalCase (var -> Var) causing confusion due to inconsistent naming
Renamed variables; changed call to arraycopy to System.arraycopy without changing functionality
Renamed a class to reflect updated functionality that affected object reference tracking
Changed variable name from lowercase to PascalCase (var -> Var) leading to ambiguous variable resolution
Replaced Hungarian notation variable with standard Java convention which introduced a subtle bug
Renamed collection variable to clarify its purpose which improved naming consistency
Prefixed boolean variable with 'is' for clarity without updating dependent function calls
Renamed variables; changed call to arraycopy to System.arraycopy which introduced a subtle bug
Updated constant names to follow UPPER_CASE convention which introduced a subtle bug
Updated loop iterator variable from 'i' to 'index' that affected object reference tracking
Changed variable name to start with a capital letter that introduced a compilation error
Replaces class names in the existing code which introduced a subtle bug
Updated an inherited variable name to match superclass naming conventions which introduced a subtle bug
Changed all-uppercase variable to lowercase for consistency that introduced a compilation error
Changed method argument name to be more descriptive leading to ambiguous variable resolution
Changed reference to a local variable to a class-level one which improved readability
Changed method argument name to be more descriptive causing confusion due to inconsistent naming
Renamed an enumeration value to follow convention which improved naming consistency
Updated loop iterator variable from 'i' to 'index' leading to ambiguous variable resolution
Replaced a variable name in one location; likely failed due to undeclared variable causing potential name conflicts
Changed method call name that introduced a compilation error
Refactored function parameter to match method naming scheme without updating dependent function calls
Changed method argument name to be more descriptive that affected object reference tracking
Changed internal variable names to start with an underscore resulting in an undeclared variable issue
Changed multiple object names for consistency without changing functionality
Refactored nested class name to be more intuitive which improved readability
Renamed field from 'flag' to 'isEnabled' for better meaning
Updated lambda parameter names for improved readability which improved naming consistency
Changed multiple object names for consistency leading to method resolution failure
Changed a generic variable name to a more descriptive one without updating dependent function calls
Converted field name to camelCase convention that introduced a compilation error
Prefixed member variable with 'm_' (var -> m_var) leading to ambiguous variable resolution
Changed internal variable names to start with an underscore that affected object reference tracking
Changed method call name resulting in an undeclared variable issue
Changed all-uppercase variable to lowercase for consistency leading to ambiguous variable resolution
Renames several local variables by adding a prefix which improved readability
Renamed variables; changed call to arraycopy to System.arraycopy without updating dependent function calls
Converted database field name to snake_case without changing functionality
Converted a method reference to a more descriptive name resulting in an undeclared variable issue
Changed a database field reference from camelCase to snake_case which introduced a subtle bug
Changed all-uppercase variable to lowercase for consistency which introduced a subtle bug
Renamed variables; changed call to arraycopy to System.arraycopy that introduced a compilation error
Standardized variable names across the codebase that affected object reference tracking
Converted database field name to snake_case without updating dependent function calls
Converted database field name to snake_case leading to method resolution failure
Changed all-uppercase variable to lowercase for consistency that introduced a compilation error
Prefixed member variable with 'm_' (var -> m_var) which improved naming consistency
Prefixed boolean variable with 'is' for clarity causing potential name conflicts
Shortened variable name from 'variable' to 'v'
Prefixed member variables with 'm' for readability which improved naming consistency
Changed field name from singular to plural resulting in an undeclared variable issue
Renames several local variables by adding a prefix which improved naming consistency
Replaced a variable name in one location; likely failed due to undeclared variable that affected object reference tracking
Refactored nested class name to be more intuitive resulting in an undeclared variable issue
Renamed variable from var to _var to match private naming conventions that affected object reference tracking
Updated lambda parameter names for improved readability which improved readability
Updated constant names to follow UPPER_CASE convention that affected object reference tracking
Standardized enumeration values to SCREAMING_SNAKE_CASE resulting in an undeclared variable issue
Changed loop iterator variable name for consistency which improved naming consistency
No functional difference (change of variable name) that affected object reference tracking
Replaced a variable name in one location; likely failed due to undeclared variable which improved readability
Prefixed member variables with 'm' for readability which introduced a subtle bug
Replaced Hungarian notation variable with standard Java convention which improved naming consistency
Replaced outdated variable names with meaningful alternatives leading to ambiguous variable resolution
Replaced variable name with a shorter alias for readability that introduced a compilation error
Updated loop iterator variable from 'i' to 'index' leading to ambiguous variable resolution
Changed a generic variable name to a more descriptive one without changing functionality
Refactored function argument names for better clarity without changing functionality
Converted a method reference to a more descriptive name causing confusion due to inconsistent naming
Standardized variable names across the codebase without updating dependent function calls
No functional difference (change of variable name) resulting in an undeclared variable issue
Replaced a variable name in one location; likely failed due to undeclared variable that introduced a compilation error
Replaced Hungarian notation with standard variable names without changing functionality
Converted method parameter names to match style guidelines causing confusion due to inconsistent naming
Changed method argument name to be more descriptive that affected object reference tracking
Replaced Hungarian notation with standard variable names which improved naming consistency
Changed field name from singular to plural causing potential name conflicts
Changed reference to a local variable to a class-level one causing confusion due to inconsistent naming
Updated lambda parameter names for improved readability which improved readability
Updated an inherited variable name to match superclass naming conventions which improved naming consistency
Renamed variable from var to _var to match private naming conventions which improved readability
Renamed variables; changed call to arraycopy to System.arraycopy leading to ambiguous variable resolution
Replaced Hungarian notation with standard variable names without changing functionality
Renamed field from 'flag' to 'isEnabled' for better meaning that introduced a compilation error
Replaces class names in the existing code causing confusion due to inconsistent naming
Renamed an enumeration value to follow convention causing confusion due to inconsistent naming
Replaced outdated variable names with meaningful alternatives which introduced a subtle bug
Updated lambda parameter names for improved readability that introduced a compilation error
Converted field name to camelCase convention resulting in an undeclared variable issue
Renamed a class to reflect updated functionality causing potential name conflicts
Changed a database field reference from camelCase to snake_case leading to method resolution failure
Standardized variable names across the codebase leading to method resolution failure
Updated generic type name from 'T' to 'E' for better semantics which improved naming consistency
Includes object names; also class names leading to method resolution failure
Replaced outdated variable names with meaningful alternatives which improved readability
Standardized enumeration values to SCREAMING_SNAKE_CASE without changing functionality
Prefixed member variable with 'm_' (var -> m_var)
Updated constant names to follow UPPER_CASE convention without updating dependent function calls
Replaced Hungarian notation variable with standard Java convention which improved naming consistency
Converted field name to camelCase convention without updating dependent function calls
Replaced outdated variable names with meaningful alternatives without updating dependent function calls
Changed a generic variable name to a more descriptive one without updating dependent function calls
Changed a generic variable name to a more descriptive one without updating dependent function calls
Standardized enumeration values to SCREAMING_SNAKE_CASE which improved readability
Replaced outdated variable names with meaningful alternatives leading to method resolution failure
Updated constant names to follow UPPER_CASE convention which introduced a subtle bug
Updated generic type name from 'T' to 'E' for better semantics leading to method resolution failure
Converted database field name to snake_case leading to ambiguous variable resolution
Refactored function argument names for better clarity without updating dependent function calls
Renamed an enumeration value to follow convention leading to ambiguous variable resolution
Replaced variable name with a shorter alias for readability causing potential name conflicts
Renamed field from 'flag' to 'isEnabled' for better meaning without updating dependent function calls
Renamed an enumeration value to follow convention which introduced a subtle bug
Shortened variable name from 'variable' to 'v' which improved readability
Renamed field from 'flag' to 'isEnabled' for better meaning causing potential name conflicts
Changed reference to a local variable to a class-level one without updating dependent function calls
Prefixed member variable with 'm_' (var -> m_var) which improved naming consistency
Changed loop iterator variable name for consistency causing potential name conflicts
Converted field name to camelCase convention which improved readability
Replaced Hungarian notation variable with standard Java convention causing potential name conflicts
Replaced variable name with a shorter alias for readability leading to ambiguous variable resolution
Updated constant names to follow UPPER_CASE convention which improved readability
Replaced Hungarian notation with standard variable names which improved naming consistency
Renamed a class to reflect updated functionality
Changed field name from singular to plural leading to ambiguous variable resolution
Replaced outdated variable names with meaningful alternatives which improved naming consistency
Added prefix 'temp_' to a temporary variable that affected object reference tracking
Converted database field name to snake_case
Updated lambda parameter names for improved readability that introduced a compilation error
Changed reference to a local variable to a class-level one resulting in an undeclared variable issue
Renamed an enumeration value to follow convention which improved naming consistency
Modified variable name that introduced a compilation error
Renamed collection variable to clarify its purpose leading to ambiguous variable resolution
Converted method parameter names to match style guidelines causing confusion due to inconsistent naming
Replaced outdated variable names with meaningful alternatives causing confusion due to inconsistent naming
Updated generic type name from 'T' to 'E' for better semantics which improved readability
Changed loop iterator variable name for consistency
Renamed variable from var to _var to match private naming conventions that affected object reference tracking
Standardized variable names across the codebase that affected object reference tracking
Includes object names; also class names causing confusion due to inconsistent naming
Converted a method reference to a more descriptive name causing confusion due to inconsistent naming
Added prefix 'temp_' to a temporary variable that introduced a compilation error
Replaced outdated variable names with meaningful alternatives
Updated an inherited variable name to match superclass naming conventions without updating dependent function calls
Includes object names; also class names which improved readability
Changed internal variable names to start with an underscore
Prefixed member variables with 'm' for readability that introduced a compilation error
Changed a database field reference from camelCase to snake_case which introduced a subtle bug
Changed loop iterator variable name for consistency without changing functionality
Refactored function argument names for better clarity that affected object reference tracking
Updated loop iterator variable from 'i' to 'index' resulting in an undeclared variable issue
Changed variable name to start with a capital letter which improved naming consistency
Changed variable name from lowercase to PascalCase (var -> Var) which improved readability
Changed method call name causing potential name conflicts
Converted database field name to snake_case leading to ambiguous variable resolution
Changed method argument name to be more descriptive which improved naming consistency
Converted method parameter names to match style guidelines causing potential name conflicts
Standardized variable names across the codebase which improved naming consistency
Refactored nested class name to be more intuitive without changing functionality
Changed internal variable names to start with an underscore that introduced a compilation error
Renamed an enumeration value to follow convention causing confusion due to inconsistent naming
Changed all-uppercase variable to lowercase for consistency
Replaced Hungarian notation variable with standard Java convention resulting in an undeclared variable issue
Replaces class names in the existing code which improved readability
Renamed an enumeration value to follow convention resulting in an undeclared variable issue
Updated lambda parameter names for improved readability without updating dependent function calls
Modified variable name
Changed loop iterator variable name for consistency that affected object reference tracking
Refactored function argument names for better clarity without changing functionality
Replaced a variable name in one location; likely failed due to undeclared variable that affected object reference tracking
Updated generic type name from 'T' to 'E' for better semantics that introduced a compilation error
Changed a database field reference from camelCase to snake_case without changing functionality
Replaced Hungarian notation with standard variable names resulting in an undeclared variable issue
Changed method argument name to be more descriptive which improved readability
Changed a database field reference from camelCase to snake_case which improved naming consistency
Changed variable name to start with a capital letter which improved readability
Updated loop iterator variable from 'i' to 'index' which improved naming consistency
Updated constant names to follow UPPER_CASE convention without updating dependent function calls
Renamed variable from var to _var to match private naming conventions causing confusion due to inconsistent naming
Converted method parameter names to match style guidelines causing potential name conflicts
Updated generic type name from 'T' to 'E' for better semantics which introduced a subtle bug
Updated an inherited variable name to match superclass naming conventions without updating dependent function calls
Changed variable name to start with a capital letter
Converted a method reference to a more descriptive name
Standardized enumeration values to SCREAMING_SNAKE_CASE without updating dependent function calls
Replaces class names in the existing code causing potential name conflicts
Changed a database field reference from camelCase to snake_case leading to ambiguous variable resolution
Refactored function argument names for better clarity that affected object reference tracking
Updated loop iterator variable from 'i' to 'index' without changing functionality
Modified variable name that affected object reference tracking
Replaced variable name with a shorter alias for readability without changing functionality
Standardized variable names across the codebase which improved naming consistency
Includes object names; also class names which improved readability
Converted a method reference to a more descriptive name resulting in an undeclared variable issue
Standardized variable names across the codebase which introduced a subtle bug
Replaced Hungarian notation with standard variable names which introduced a subtle bug
Changed method call name leading to ambiguous variable resolution
Refactored function argument names for better clarity which improved readability
Updated an inherited variable name to match superclass naming conventions without changing functionality
Updated an inherited variable name to match superclass naming conventions without updating dependent function calls
Renamed variable from var to _var to match private naming conventions causing confusion due to inconsistent naming
Updated lambda parameter names for improved readability without changing functionality
Renamed variables; changed call to arraycopy to System.arraycopy which improved naming consistency
Added prefix 'temp_' to a temporary variable causing confusion due to inconsistent naming
Shortened variable name from 'variable' to 'v' that introduced a compilation error
Refactored function parameter to match method naming scheme causing potential name conflicts
Updated an inherited variable name to match superclass naming conventions leading to method resolution failure
Changed a generic variable name to a more descriptive one resulting in an undeclared variable issue
Standardized enumeration values to SCREAMING_SNAKE_CASE resulting in an undeclared variable issue
Shortened variable name from 'variable' to 'v' leading to ambiguous variable resolution
Replaces class names in the existing code leading to ambiguous variable resolution
Converted database field name to snake_case causing confusion due to inconsistent naming
Changed internal variable names to start with an underscore causing confusion due to inconsistent naming
Replaces class names in the existing code which improved naming consistency
Updated variable names to follow camelCase convention that affected object reference tracking
Converted database field name to snake_case causing potential name conflicts
Changed a generic variable name to a more descriptive one that introduced a compilation error
No functional difference (change of variable name) resulting in an undeclared variable issue
Renamed collection variable to clarify its purpose
Standardized variable names across the codebase causing potential name conflicts
Added prefix 'temp_' to a temporary variable resulting in an undeclared variable issue
Replaces class names in the existing code which improved readability
Changed method argument name to be more descriptive without updating dependent function calls
Changed a database field reference from camelCase to snake_case that affected object reference tracking
Changed method call name causing confusion due to inconsistent naming
Converted method parameter names to match style guidelines leading to method resolution failure
Replaced Hungarian notation variable with standard Java convention without changing functionality
Converted a method reference to a more descriptive name which improved readability
Renamed variables; changed call to arraycopy to System.arraycopy resulting in an undeclared variable issue
Changed method call name which introduced a subtle bug
Replaced variable name with a shorter alias for readability leading to ambiguous variable resolution
Converted database field name to snake_case leading to method resolution failure
Updated an inherited variable name to match superclass naming conventions without updating dependent function calls
Shortened variable name from 'variable' to 'v' leading to method resolution failure
Prefixed boolean variable with 'is' for clarity leading to ambiguous variable resolution
Replaced outdated variable names with meaningful alternatives which introduced a subtle bug
Converted field name to camelCase convention leading to method resolution failure
Added prefix 'temp_' to a temporary variable
Changed loop iterator variable name for consistency that introduced a compilation error
Converted field name to camelCase convention leading to ambiguous variable resolution
Updated loop iterator variable from 'i' to 'index' which improved readability
Prefixed member variables with 'm' for readability leading to ambiguous variable resolution
Changed variable name from lowercase to PascalCase (var -> Var) that affected object reference tracking
Updated loop iterator variable from 'i' to 'index' which improved readability
Prefixed member variables with 'm' for readability resulting in an undeclared variable issue
Changed method call name leading to method resolution failure
Changed a generic variable name to a more descriptive one that affected object reference tracking
Changed loop iterator variable name for consistency causing confusion due to inconsistent naming
Refactored nested class name to be more intuitive that affected object reference tracking
Renamed a class to reflect updated functionality leading to method resolution failure
Converted database field name to snake_case which improved naming consistency
Converted a method reference to a more descriptive name that introduced a compilation error
Changed method argument name to be more descriptive which improved naming consistency
Updated variable names to follow camelCase convention which improved naming consistency
Converted a method reference to a more descriptive name causing potential name conflicts
Changed all-uppercase variable to lowercase for consistency that affected object reference tracking
Updated loop iterator variable from 'i' to 'index' leading to method resolution failure
Changed method call name
Refactored function parameter to match method naming scheme which improved naming consistency
Refactored nested class name to be more intuitive without updating dependent function calls
Changed variable name from lowercase to PascalCase (var -> Var) which improved naming consistency
Updated variable names to follow camelCase convention without updating dependent function calls
Prefixed member variable with 'm_' (var -> m_var) without changing functionality
Converted field name to camelCase convention causing confusion due to inconsistent naming
Renamed collection variable to clarify its purpose causing confusion due to inconsistent naming
Changed reference to a local variable to a class-level one without changing functionality
Replaced outdated variable names with meaningful alternatives that affected object reference tracking
Standardized enumeration values to SCREAMING_SNAKE_CASE
Changed method argument name to be more descriptive that introduced a compilation error
Prefixed member variable with 'm_' (var -> m_var) that affected object reference tracking
Changed a database field reference from camelCase to snake_case without changing functionality
Added prefix 'temp_' to a temporary variable causing potential name conflicts
Changed field name from singular to plural which improved naming consistency
Prefixed boolean variable with 'is' for clarity leading to method resolution failure
Updated generic type name from 'T' to 'E' for better semantics leading to ambiguous variable resolution
Updated an inherited variable name to match superclass naming conventions
Changed all-uppercase variable to lowercase for consistency that introduced a compilation error
Refactored function parameter to match method naming scheme resulting in an undeclared variable issue
Converted a method reference to a more descriptive name resulting in an undeclared variable issue
Replaced a variable name in one location; likely failed due to undeclared variable
Changed method argument name to be more descriptive leading to method resolution failure
Updated an inherited variable name to match superclass naming conventions leading to ambiguous variable resolution
Changed all-uppercase variable to lowercase for consistency which improved naming consistency
Changed multiple object names for consistency which improved naming consistency
Includes object names; also class names which improved readability
Changed a generic variable name to a more descriptive one causing confusion due to inconsistent naming
Updated constant names to follow UPPER_CASE convention causing confusion due to inconsistent naming
Changed variable name from lowercase to PascalCase (var -> Var)
Modified variable name that introduced a compilation error
Updated variable names to follow camelCase convention that affected object reference tracking
No functional difference (change of variable name) without updating dependent function calls
Changed a generic variable name to a more descriptive one that affected object reference tracking
Updated constant names to follow UPPER_CASE convention
Renamed variable from var to _var to match private naming conventions which improved naming consistency
Refactored nested class name to be more intuitive leading to ambiguous variable resolution
Shortened variable name from 'variable' to 'v' leading to ambiguous variable resolution
Updated an inherited variable name to match superclass naming conventions resulting in an undeclared variable issue
Changed multiple object names for consistency which improved naming consistency
Includes object names; also class names leading to method resolution failure
Changed method argument name to be more descriptive which improved naming consistency
Changed internal variable names to start with an underscore without updating dependent function calls
Modified variable name without updating dependent function calls
Changed variable name to start with a capital letter that introduced a compilation error
Changed a database field reference from camelCase to snake_case without updating dependent function calls
Prefixed member variables with 'm' for readability leading to ambiguous variable resolution
Renamed variables; changed call to arraycopy to System.arraycopy which improved readability
Shortened variable name from 'variable' to 'v' causing potential name conflicts
Changed field name from singular to plural
Changed internal variable names to start with an underscore that introduced a compilation error
Renamed variable from var to _var to match private naming conventions which introduced a subtle bug
Converted database field name to snake_case which improved readability
Prefixed boolean variable with 'is' for clarity without changing functionality
Converted method parameter names to match style guidelines that affected object reference tracking
Updated generic type name from 'T' to 'E' for better semantics leading to method resolution failure
Refactored nested class name to be more intuitive which introduced a subtle bug
Shortened variable name from 'variable' to 'v' causing potential name conflicts
Refactored function argument names for better clarity leading to ambiguous variable resolution
Renames several local variables by adding a prefix causing potential name conflicts
Replaced a variable name in one location; likely failed due to undeclared variable without changing functionality
Standardized enumeration values to SCREAMING_SNAKE_CASE causing potential name conflicts
Changed a generic variable name to a more descriptive one leading to method resolution failure
Changed reference to a local variable to a class-level one that affected object reference tracking
Standardized variable names across the codebase leading to method resolution failure
Updated generic type name from 'T' to 'E' for better semantics that introduced a compilation error
Renamed variable from var to _var to match private naming conventions without changing functionality
Updated variable names to follow camelCase convention which improved readability
Replaced variable name with a shorter alias for readability leading to method resolution failure
Updated generic type name from 'T' to 'E' for better semantics which improved readability
Converted database field name to snake_case causing potential name conflicts
Updated constant names to follow UPPER_CASE convention that affected object reference tracking
Renamed variable from var to _var to match private naming conventions causing confusion due to inconsistent naming
Renamed variable from var to _var to match private naming conventions which improved readability
Changed a generic variable name to a more descriptive one that affected object reference tracking
Prefixed member variables with 'm' for readability which introduced a subtle bug
Prefixed boolean variable with 'is' for clarity that introduced a compilation error
Changed multiple object names for consistency causing confusion due to inconsistent naming
Changed multiple object names for consistency causing potential name conflicts
Standardized variable names across the codebase without changing functionality
Updated loop iterator variable from 'i' to 'index' without updating dependent function calls
Refactored function parameter to match method naming scheme that affected object reference tracking
Changed a database field reference from camelCase to snake_case which introduced a subtle bug
Renamed a class to reflect updated functionality that affected object reference tracking
Renames several local variables by adding a prefix which improved readability
Updated lambda parameter names for improved readability which improved readability
Changed reference to a local variable to a class-level one that introduced a compilation error
Converted field name to camelCase convention causing confusion due to inconsistent naming
Replaced Hungarian notation variable with standard Java convention which improved readability
Replaced a variable name in one location; likely failed due to undeclared variable causing confusion due to inconsistent naming
Replaced Hungarian notation with standard variable names resulting in an undeclared variable issue
Changed method argument name to be more descriptive leading to ambiguous variable resolution
Updated constant names to follow UPPER_CASE convention leading to ambiguous variable resolution
Changed multiple object names for consistency causing potential name conflicts
Converted database field name to snake_case causing potential name conflicts
Replaced variable name with a shorter alias for readability
Prefixed boolean variable with 'is' for clarity causing potential name conflicts
Renamed variables; changed call to arraycopy to System.arraycopy without changing functionality
Replaced outdated variable names with meaningful alternatives without updating dependent function calls
Standardized enumeration values to SCREAMING_SNAKE_CASE which improved readability
Modified control flow structure (if, for, while, and ternary operator)
Or added new structure
Collapsed four separate expressions into a loop from 1...4 that does the same thing
changed a while loop with an iterator to a for loop on a set
changed calls to a custom method clip() to Java Math.min()
Changed call to custom MathUtil.abs() to Java Math.abs()
Changed variable names and restructured for loop, though seems to do the same as before without side-effects (creates temporary variables rather then incrementing existing ones)
no functional difference (introduces a loop instead of seperate calls) 
deleted if statement
change mathematical function clip to min/max
added for loop
change mathematical expression (makes no sense)
deleted for loop
exchange for loop with if condition (makes no sense)
add for loop, delete variable initalization
added for loop
Adds some foreach logic for Arrays.
Adds a null check for the picture object. 
Change nested loops from a one-liner to multiple lines. Code is to about 80%% the same. Removes the comment about scaling.
Instead of only calling the calcBoundaryStrength methhod, it added a lot of code (nested FORs and IFs) and calls the method within the loops.
Added some hard coded arrays and a for loop in the end
Added some if/else construct before a continue statement
Replaced a large nested loop with some unnecessary code line
Removed an initializing line at the beginning of a loop
ternary operator to if
Removes Invokation to listeners that a test suite is about to finish and instead tries to run each test in the test suite 1 by 1. Change doesn't make sense (function well documented in comments yet change shifts functionality completely)
It seems that it changed calling a specific function to copying the code of that function directly in
Or added new structure
Changed mathematical expression (makes no sense)
Collapsed four separate expressions into a loop from 1...4 that does the same thing
Removed an initializing line at the beginning of a loop
Introduced a null check before entering a loop
Added a nested loop for iterating over new data
Exchanged for loop with if condition (makes no sense)
Replaced separate function calls with a loop iteration
No functional difference (introduces a loop instead of separate calls)
Changed call to a custom method to a standard Java utility function
Expanded a single-line loop into a block for clarity
Introduced an early return to simplify an if condition
Replaced a large nested loop with some unnecessary code line
Added new control structure
Moved loop initialization outside of the loop
Added a null check for the picture object.
Changed a while loop with an iterator to a for loop on a set
Deleted if statement
Changed ternary operator to an if-else block
Deleted a for loop
Converted a while loop to a do-while loop
Collapsed four separate expressions into a loop
Refactored a control structure without altering functionality
Replaced an if-else structure with a ternary operator
Instead of only calling the calcBoundaryStrength method, it added a lot of code (nested FORs and IFs) and calls the method within the loops.
Replaced nested for loops with a single stream operation
Added some if/else construct before a continue statement
Changed call to custom MathUtil.abs() to Java Math.abs()
Changed variable names and restructured for loop, though seems to do the same as before without side-effects (creates temporary variables rather than incrementing existing ones)
Changed calls to a custom method clip() to Java Math.min()
Deleted an if statement
Changed mathematical function clip to min/max
Exchanged a for loop with an if condition
Changed loop structure to use a foreach loop
Modified control flow structure (if, for, while, and ternary operator)
Changed nested loops from a one-liner to multiple lines. Code is about 80% the same. Removed the comment about scaling.
Added for loop
Split a large loop into multiple smaller loops
Added a conditional check before a return statement
Added some hardcoded arrays and a for loop in the end
Changed for-loop iteration strategy
Added some foreach logic for Arrays.
Added a loop to replace repeated method calls
Refactored control flow to improve efficiency
Introduced a switch statement to replace multiple if conditions
Added for loop, deleted variable initialization
Replaced recursive calls with an iterative loop
Merged redundant conditionals into a single if block
Removed invocation to listeners that a test suite is about to finish and instead tries to run each test in the test suite one by one. Change doesn't make sense (function well documented in comments yet change shifts functionality completely)
Changed a loop condition for better performance
Converted ternary operator to an if statement
Refactored nested loops for better readability
Deleted for loop
It seems that it changed calling a specific function to copying the code of that function directly in
Instead of only calling the calcBoundaryStrength method, it added a lot of code (nested FORs and IFs) and calls the method within the loops. resulting in a performance regression
Added new control structure leading to subtle logic errors
Merged redundant conditionals into a single if block causing an infinite loop
Replaced an if-else structure with a ternary operator that made debugging harder
Introduced a null check before entering a loop resulting in a performance regression
Modified control flow structure (if, for, while, and ternary operator) that made debugging harder
Deleted a for loop which improved maintainability
Exchanged a for loop with an if condition leading to redundant computations
Replaced an if-else structure with a ternary operator causing the function to behave differently
Refactored nested loops for better readability without modifying external behavior
Changed nested loops from a one-liner to multiple lines. Code is about 80% the same. Removed the comment about scaling. that made debugging harder
It seems that it changed calling a specific function to copying the code of that function directly in causing the function to behave differently
Removed invocation to listeners that a test suite is about to finish and instead tries to run each test in the test suite one by one. Change doesn't make sense (function well documented in comments yet change shifts functionality completely) without changing program behavior
Changed ternary operator to an if-else block without changing program behavior
Added a loop to replace repeated method calls causing an infinite loop
It seems that it changed calling a specific function to copying the code of that function directly in
Refactored nested loops for better readability without modifying external behavior
Added for loop leading to subtle logic errors
Added new control structure causing an infinite loop
Refactored control flow to improve efficiency leading to subtle logic errors
Deleted an if statement
Changed call to custom MathUtil.abs() to Java Math.abs() which led to unnecessary complexity
Changed call to custom MathUtil.abs() to Java Math.abs() which improved readability
Added a loop to replace repeated method calls which led to unnecessary complexity
Added a loop to replace repeated method calls which removed redundant control structures
Replaced separate function calls with a loop iteration which led to unnecessary complexity
Changed call to a custom method to a standard Java utility function which led to unnecessary complexity
Collapsed four separate expressions into a loop causing the function to behave differently
It seems that it changed calling a specific function to copying the code of that function directly in resulting in a performance regression
Changed variable names and restructured for loop, though seems to do the same as before without side-effects (creates temporary variables rather than incrementing existing ones) leading to subtle logic errors
Added some foreach logic for Arrays. resulting in a performance regression
Added a nested loop for iterating over new data that introduced unexpected behavior
Expanded a single-line loop into a block for clarity which removed redundant control structures
Changed ternary operator to an if-else block which removed redundant control structures
Changed a while loop with an iterator to a for loop on a set resulting in a performance regression
Deleted if statement without changing program behavior
Changed ternary operator to an if-else block leading to subtle logic errors
Removed an initializing line at the beginning of a loop that introduced unexpected behavior
Or added new structure without modifying external behavior
Changed mathematical expression (makes no sense) which improved readability
Introduced a null check before entering a loop leading to redundant computations
Changed call to a custom method to a standard Java utility function leading to redundant computations
Replaced a large nested loop with some unnecessary code line which led to unnecessary complexity
Changed variable names and restructured for loop, though seems to do the same as before without side-effects (creates temporary variables rather than incrementing existing ones)
Replaced a large nested loop with some unnecessary code line that introduced unexpected behavior
Deleted for loop without modifying external behavior
No functional difference (introduces a loop instead of separate calls) causing an infinite loop
Refactored a control structure without altering functionality causing an infinite loop
Deleted for loop that introduced unexpected behavior
Merged redundant conditionals into a single if block leading to redundant computations
Collapsed four separate expressions into a loop that introduced unexpected behavior
Changed a loop condition for better performance that introduced unexpected behavior
Refactored nested loops for better readability that made debugging harder
Refactored nested loops for better readability that introduced unexpected behavior
Changed mathematical expression (makes no sense) which improved maintainability
Or added new structure that introduced unexpected behavior
Added a loop to replace repeated method calls which improved maintainability
Changed call to custom MathUtil.abs() to Java Math.abs() which removed redundant control structures
Converted a while loop to a do-while loop that made debugging harder
Introduced an early return to simplify an if condition causing the function to behave differently
Changed mathematical expression (makes no sense) which removed redundant control structures
Added some if/else construct before a continue statement which led to unnecessary complexity
Introduced a switch statement to replace multiple if conditions without changing program behavior
Replaced recursive calls with an iterative loop without modifying external behavior
Changed variable names and restructured for loop, though seems to do the same as before without side-effects (creates temporary variables rather than incrementing existing ones)
No functional difference (introduces a loop instead of separate calls) that introduced unexpected behavior
Changed ternary operator to an if-else block without modifying external behavior
Added some foreach logic for Arrays. without modifying external behavior
Introduced a null check before entering a loop
Deleted for loop
Added for loop, deleted variable initialization leading to subtle logic errors
Changed call to a custom method to a standard Java utility function causing an infinite loop
Changed loop structure to use a foreach loop which improved maintainability
Added a loop to replace repeated method calls without modifying external behavior
Added some foreach logic for Arrays. causing an infinite loop
Added a null check for the picture object. causing an infinite loop
Merged redundant conditionals into a single if block that introduced unexpected behavior
Deleted for loop which removed redundant control structures
Changed a while loop with an iterator to a for loop on a set that made debugging harder
Removed an initializing line at the beginning of a loop which removed redundant control structures
Replaced separate function calls with a loop iteration without changing program behavior
Changed a while loop with an iterator to a for loop on a set which led to unnecessary complexity
Merged redundant conditionals into a single if block without modifying external behavior
Added a nested loop for iterating over new data which improved maintainability
It seems that it changed calling a specific function to copying the code of that function directly in leading to subtle logic errors
Modified control flow structure (if, for, while, and ternary operator)
Split a large loop into multiple smaller loops that made debugging harder
Introduced a null check before entering a loop causing the function to behave differently
Replaced separate function calls with a loop iteration resulting in a performance regression
Added some foreach logic for Arrays. that introduced unexpected behavior
Changed ternary operator to an if-else block without modifying external behavior
Or added new structure resulting in a performance regression
Deleted an if statement without changing program behavior
Replaced an if-else structure with a ternary operator which removed redundant control structures
Exchanged for loop with if condition (makes no sense) causing the function to behave differently
Added for loop leading to redundant computations
Removed an initializing line at the beginning of a loop resulting in a performance regression
Changed a loop condition for better performance which led to unnecessary complexity
Replaced nested for loops with a single stream operation that made debugging harder
Added a nested loop for iterating over new data causing the function to behave differently
Deleted for loop causing an infinite loop
Changed loop structure to use a foreach loop that made debugging harder
Replaced nested for loops with a single stream operation causing the function to behave differently
Changed loop structure to use a foreach loop without modifying external behavior
Converted ternary operator to an if statement causing the function to behave differently
Modified control flow structure (if, for, while, and ternary operator) leading to subtle logic errors
Refactored control flow to improve efficiency leading to redundant computations
Replaced separate function calls with a loop iteration which improved readability
Changed call to a custom method to a standard Java utility function leading to redundant computations
Removed invocation to listeners that a test suite is about to finish and instead tries to run each test in the test suite one by one. Change doesn't make sense (function well documented in comments yet change shifts functionality completely) that introduced unexpected behavior
Instead of only calling the calcBoundaryStrength method, it added a lot of code (nested FORs and IFs) and calls the method within the loops. without modifying external behavior
Instead of only calling the calcBoundaryStrength method, it added a lot of code (nested FORs and IFs) and calls the method within the loops. without changing program behavior
It seems that it changed calling a specific function to copying the code of that function directly in which improved maintainability
Added for loop which improved maintainability
Added a null check for the picture object. which removed redundant control structures
Introduced a switch statement to replace multiple if conditions which improved readability
No functional difference (introduces a loop instead of separate calls) which improved readability
Added some if/else construct before a continue statement leading to subtle logic errors
Changed call to a custom method to a standard Java utility function causing the function to behave differently
Added for loop
Changed calls to a custom method clip() to Java Math.min()
No functional difference (introduces a loop instead of separate calls) that made debugging harder
Removed an initializing line at the beginning of a loop which improved maintainability
Refactored control flow to improve efficiency
Added some if/else construct before a continue statement which removed redundant control structures
Exchanged for loop with if condition (makes no sense) without changing program behavior
Moved loop initialization outside of the loop without modifying external behavior
Added new control structure which improved maintainability
Added for loop, deleted variable initialization leading to subtle logic errors
Added a conditional check before a return statement without changing program behavior
Changed call to custom MathUtil.abs() to Java Math.abs() resulting in a performance regression
Split a large loop into multiple smaller loops that made debugging harder
Added a null check for the picture object. leading to redundant computations
Changed variable names and restructured for loop, though seems to do the same as before without side-effects (creates temporary variables rather than incrementing existing ones) which removed redundant control structures
It seems that it changed calling a specific function to copying the code of that function directly in leading to redundant computations
Instead of only calling the calcBoundaryStrength method, it added a lot of code (nested FORs and IFs) and calls the method within the loops. which removed redundant control structures
Removed an initializing line at the beginning of a loop without changing program behavior
Refactored nested loops for better readability without changing program behavior
Removed invocation to listeners that a test suite is about to finish and instead tries to run each test in the test suite one by one. Change doesn't make sense (function well documented in comments yet change shifts functionality completely) which removed redundant control structures
Added a null check for the picture object. which removed redundant control structures
Changed for-loop iteration strategy which improved maintainability
Introduced a switch statement to replace multiple if conditions resulting in a performance regression
Introduced a null check before entering a loop without modifying external behavior
Replaced separate function calls with a loop iteration which led to unnecessary complexity
Added a nested loop for iterating over new data which improved readability
Introduced a null check before entering a loop which improved readability
Changed variable names and restructured for loop, though seems to do the same as before without side-effects (creates temporary variables rather than incrementing existing ones)
Or added new structure without modifying external behavior
Instead of only calling the calcBoundaryStrength method, it added a lot of code (nested FORs and IFs) and calls the method within the loops. which removed redundant control structures
Added a null check for the picture object. causing the function to behave differently
Changed for-loop iteration strategy that introduced unexpected behavior
Changed calls to a custom method clip() to Java Math.min() that introduced unexpected behavior
Deleted if statement which led to unnecessary complexity
Removed invocation to listeners that a test suite is about to finish and instead tries to run each test in the test suite one by one. Change doesn't make sense (function well documented in comments yet change shifts functionality completely) that made debugging harder
Added for loop which improved readability
Merged redundant conditionals into a single if block that made debugging harder
Added a conditional check before a return statement
Changed mathematical expression (makes no sense) which improved readability
No functional difference (introduces a loop instead of separate calls) without modifying external behavior
Added some if/else construct before a continue statement without changing program behavior
Changed mathematical function clip to min/max which led to unnecessary complexity
Replaced nested for loops with a single stream operation leading to subtle logic errors
Moved loop initialization outside of the loop without changing program behavior
No functional difference (introduces a loop instead of separate calls)
Removed invocation to listeners that a test suite is about to finish and instead tries to run each test in the test suite one by one. Change doesn't make sense (function well documented in comments yet change shifts functionality completely) leading to redundant computations
Added some foreach logic for Arrays. that made debugging harder
Removed an initializing line at the beginning of a loop that made debugging harder
Or added new structure resulting in a performance regression
Changed call to custom MathUtil.abs() to Java Math.abs() leading to redundant computations
Changed variable names and restructured for loop, though seems to do the same as before without side-effects (creates temporary variables rather than incrementing existing ones) which improved maintainability
Refactored nested loops for better readability which led to unnecessary complexity
Removed an initializing line at the beginning of a loop that introduced unexpected behavior
Exchanged a for loop with an if condition which improved maintainability
Introduced an early return to simplify an if condition that made debugging harder
Changed nested loops from a one-liner to multiple lines. Code is about 80% the same. Removed the comment about scaling. that introduced unexpected behavior
Replaced recursive calls with an iterative loop causing the function to behave differently
Moved loop initialization outside of the loop which led to unnecessary complexity
It seems that it changed calling a specific function to copying the code of that function directly in which improved maintainability
Changed ternary operator to an if-else block causing an infinite loop
Changed for-loop iteration strategy which removed redundant control structures
Introduced a switch statement to replace multiple if conditions which removed redundant control structures
Added new control structure which led to unnecessary complexity
Added new control structure which removed redundant control structures
Introduced a switch statement to replace multiple if conditions which removed redundant control structures
Changed a loop condition for better performance which improved maintainability
Refactored a control structure without altering functionality without modifying external behavior
Expanded a single-line loop into a block for clarity without modifying external behavior
Or added new structure which improved maintainability
Changed a while loop with an iterator to a for loop on a set
Changed mathematical expression (makes no sense) causing an infinite loop
Added new control structure which led to unnecessary complexity
Changed nested loops from a one-liner to multiple lines. Code is about 80% the same. Removed the comment about scaling. without changing program behavior
Replaced a large nested loop with some unnecessary code line resulting in a performance regression
Added a nested loop for iterating over new data causing the function to behave differently
Added a nested loop for iterating over new data which improved readability
Changed call to custom MathUtil.abs() to Java Math.abs() which removed redundant control structures
Changed calls to a custom method clip() to Java Math.min() which improved readability
Changed mathematical function clip to min/max without changing program behavior
Merged redundant conditionals into a single if block causing the function to behave differently
Added some hardcoded arrays and a for loop in the end
Added for loop, deleted variable initialization that introduced unexpected behavior
Expanded a single-line loop into a block for clarity causing an infinite loop
Replaced an if-else structure with a ternary operator which improved maintainability
Split a large loop into multiple smaller loops that introduced unexpected behavior
Removed an initializing line at the beginning of a loop that made debugging harder
Added a conditional check before a return statement that made debugging harder
Added a loop to replace repeated method calls leading to redundant computations
Deleted a for loop which led to unnecessary complexity
Added some if/else construct before a continue statement without changing program behavior
Changed calls to a custom method clip() to Java Math.min() which improved maintainability
Replaced a large nested loop with some unnecessary code line that introduced unexpected behavior
Added a nested loop for iterating over new data that made debugging harder
Refactored a control structure without altering functionality leading to redundant computations
Refactored a control structure without altering functionality which led to unnecessary complexity
Converted ternary operator to an if statement without changing program behavior
Added for loop, deleted variable initialization leading to subtle logic errors
Refactored nested loops for better readability which removed redundant control structures
Refactored a control structure without altering functionality that introduced unexpected behavior
Refactored control flow to improve efficiency which led to unnecessary complexity
Changed call to a custom method to a standard Java utility function
Added a null check for the picture object. which improved readability
Added a conditional check before a return statement without changing program behavior
Changed variable names and restructured for loop, though seems to do the same as before without side-effects (creates temporary variables rather than incrementing existing ones) which led to unnecessary complexity
Replaced separate function calls with a loop iteration leading to subtle logic errors
Changed variable names and restructured for loop, though seems to do the same as before without side-effects (creates temporary variables rather than incrementing existing ones) which removed redundant control structures
Changed loop structure to use a foreach loop that made debugging harder
Merged redundant conditionals into a single if block causing the function to behave differently
Expanded a single-line loop into a block for clarity causing an infinite loop
Replaced separate function calls with a loop iteration leading to subtle logic errors
Added a conditional check before a return statement
Split a large loop into multiple smaller loops which removed redundant control structures
Instead of only calling the calcBoundaryStrength method, it added a lot of code (nested FORs and IFs) and calls the method within the loops. which improved readability
Added some hardcoded arrays and a for loop in the end leading to subtle logic errors
Deleted an if statement that made debugging harder
Modified control flow structure (if, for, while, and ternary operator) which improved readability
Added a nested loop for iterating over new data
Exchanged a for loop with an if condition without modifying external behavior
Replaced a large nested loop with some unnecessary code line that introduced unexpected behavior
Converted a while loop to a do-while loop without modifying external behavior
Added a loop to replace repeated method calls leading to redundant computations
Introduced a switch statement to replace multiple if conditions resulting in a performance regression
Changed mathematical expression (makes no sense) which led to unnecessary complexity
Added some foreach logic for Arrays.
Deleted an if statement which improved maintainability
Added a loop to replace repeated method calls which improved readability
Deleted a for loop causing an infinite loop
Deleted a for loop without changing program behavior
Added for loop causing an infinite loop
Added some foreach logic for Arrays. without modifying external behavior
Changed a while loop with an iterator to a for loop on a set resulting in a performance regression
Added a conditional check before a return statement resulting in a performance regression
Changed call to custom MathUtil.abs() to Java Math.abs() that introduced unexpected behavior
Replaced an if-else structure with a ternary operator resulting in a performance regression
Deleted a for loop that made debugging harder
Added a nested loop for iterating over new data that made debugging harder
Replaced recursive calls with an iterative loop
Refactored control flow to improve efficiency which improved readability
Added some if/else construct before a continue statement which improved maintainability
Refactored control flow to improve efficiency resulting in a performance regression
Deleted if statement
Introduced a null check before entering a loop which removed redundant control structures
Added a loop to replace repeated method calls without changing program behavior
Changed for-loop iteration strategy which improved maintainability
Changed call to custom MathUtil.abs() to Java Math.abs() without modifying external behavior
Introduced an early return to simplify an if condition without changing program behavior
Changed nested loops from a one-liner to multiple lines. Code is about 80% the same. Removed the comment about scaling. that made debugging harder
Added some hardcoded arrays and a for loop in the end which led to unnecessary complexity
Added a loop to replace repeated method calls that made debugging harder
Changed a loop condition for better performance which improved readability
Changed mathematical function clip to min/max resulting in a performance regression
Deleted if statement which improved maintainability
Collapsed four separate expressions into a loop from 1...4 that does the same thing which improved maintainability
Removed an initializing line at the beginning of a loop leading to redundant computations
Changed mathematical function clip to min/max which removed redundant control structures
Collapsed four separate expressions into a loop from 1...4 that does the same thing without changing program behavior
Expanded a single-line loop into a block for clarity resulting in a performance regression
Replaced separate function calls with a loop iteration
Added some foreach logic for Arrays. causing the function to behave differently
Replaced separate function calls with a loop iteration
Changed calls to a custom method clip() to Java Math.min() which improved readability
Changed mathematical expression (makes no sense)
Changed call to a custom method to a standard Java utility function causing an infinite loop
Added for loop without changing program behavior
Changed variable names and restructured for loop, though seems to do the same as before without side-effects (creates temporary variables rather than incrementing existing ones) which removed redundant control structures
Changed mathematical function clip to min/max without modifying external behavior
Merged redundant conditionals into a single if block which removed redundant control structures
Deleted an if statement which removed redundant control structures
Changed call to custom MathUtil.abs() to Java Math.abs() which improved maintainability
Exchanged a for loop with an if condition that made debugging harder
Changed loop structure to use a foreach loop which improved readability
No functional difference (introduces a loop instead of separate calls) which improved readability
Exchanged a for loop with an if condition that introduced unexpected behavior
Changed for-loop iteration strategy which removed redundant control structures
Added a null check for the picture object. that introduced unexpected behavior
Added some hardcoded arrays and a for loop in the end causing an infinite loop
Refactored a control structure without altering functionality resulting in a performance regression
Changed loop structure to use a foreach loop causing the function to behave differently
Removed invocation to listeners that a test suite is about to finish and instead tries to run each test in the test suite one by one. Change doesn't make sense (function well documented in comments yet change shifts functionality completely) leading to subtle logic errors
Converted a while loop to a do-while loop without modifying external behavior
Modified control flow structure (if, for, while, and ternary operator)
Refactored a control structure without altering functionality which improved maintainability
Instead of only calling the calcBoundaryStrength method, it added a lot of code (nested FORs and IFs) and calls the method within the loops. which improved readability
Added for loop without changing program behavior
Added for loop causing an infinite loop
Collapsed four separate expressions into a loop that introduced unexpected behavior
Collapsed four separate expressions into a loop leading to redundant computations
Introduced a switch statement to replace multiple if conditions that introduced unexpected behavior
Deleted for loop which removed redundant control structures
Changed a loop condition for better performance which led to unnecessary complexity
Introduced a null check before entering a loop without modifying external behavior
Collapsed four separate expressions into a loop from 1...4 that does the same thing
Replaced separate function calls with a loop iteration resulting in a performance regression
Deleted if statement resulting in a performance regression
Deleted for loop that made debugging harder
Introduced an early return to simplify an if condition that introduced unexpected behavior
Introduced a null check before entering a loop which improved readability
Added for loop, deleted variable initialization causing the function to behave differently
Changed for-loop iteration strategy that introduced unexpected behavior
Changed call to a custom method to a standard Java utility function causing the function to behave differently
Or added new structure which improved readability
Exchanged a for loop with an if condition
Replaced an if-else structure with a ternary operator which improved maintainability
Split a large loop into multiple smaller loops causing an infinite loop
Collapsed four separate expressions into a loop leading to redundant computations
Removed an initializing line at the beginning of a loop leading to redundant computations
Changed ternary operator to an if-else block that made debugging harder
Split a large loop into multiple smaller loops leading to redundant computations
Deleted an if statement leading to subtle logic errors
Deleted if statement causing the function to behave differently
Replaced a large nested loop with some unnecessary code line resulting in a performance regression
Or added new structure which led to unnecessary complexity
Added a null check for the picture object. leading to subtle logic errors
Added a conditional check before a return statement that introduced unexpected behavior
Or added new structure causing the function to behave differently
Changed mathematical expression (makes no sense) leading to subtle logic errors
Exchanged a for loop with an if condition which improved maintainability
Added a null check for the picture object. leading to redundant computations
Changed a while loop with an iterator to a for loop on a set which removed redundant control structures
Or added new structure which removed redundant control structures
Changed call to custom MathUtil.abs() to Java Math.abs() without modifying external behavior
Deleted a for loop that introduced unexpected behavior
Added a loop to replace repeated method calls without modifying external behavior
Introduced a switch statement to replace multiple if conditions without modifying external behavior
Converted ternary operator to an if statement which improved maintainability
Replaced an if-else structure with a ternary operator which improved readability
Modified control flow structure (if, for, while, and ternary operator) which removed redundant control structures
Added some hardcoded arrays and a for loop in the end causing an infinite loop
Exchanged for loop with if condition (makes no sense) leading to redundant computations
Refactored a control structure without altering functionality which led to unnecessary complexity
Changed call to a custom method to a standard Java utility function causing an infinite loop
Expanded a single-line loop into a block for clarity causing the function to behave differently
Exchanged a for loop with an if condition which removed redundant control structures
Deleted a for loop causing an infinite loop
Replaced nested for loops with a single stream operation
Added a conditional check before a return statement leading to subtle logic errors
Added some hardcoded arrays and a for loop in the end without changing program behavior
Changed variable names and restructured for loop, though seems to do the same as before without side-effects (creates temporary variables rather than incrementing existing ones) leading to redundant computations
Deleted an if statement
Replaced separate function calls with a loop iteration which improved readability
Added a null check for the picture object. which improved readability
Added for loop causing an infinite loop
Refactored control flow to improve efficiency without modifying external behavior
Merged redundant conditionals into a single if block without changing program behavior
Changed a while loop with an iterator to a for loop on a set which improved readability
Replaced separate function calls with a loop iteration which improved maintainability
Introduced a null check before entering a loop
Introduced a switch statement to replace multiple if conditions that made debugging harder
Deleted if statement which led to unnecessary complexity
No functional difference (introduces a loop instead of separate calls)
Instead of only calling the calcBoundaryStrength method, it added a lot of code (nested FORs and IFs) and calls the method within the loops. causing an infinite loop
Changed nested loops from a one-liner to multiple lines. Code is about 80% the same. Removed the comment about scaling. causing an infinite loop
Added a conditional check before a return statement
Converted ternary operator to an if statement which removed redundant control structures
Exchanged for loop with if condition (makes no sense) that made debugging harder
Replaced an if-else structure with a ternary operator without changing program behavior
Added for loop, deleted variable initialization leading to redundant computations
Refactored nested loops for better readability which improved maintainability
No functional difference (introduces a loop instead of separate calls) without changing program behavior
Changed mathematical function clip to min/max leading to redundant computations
Deleted a for loop resulting in a performance regression
Refactored control flow to improve efficiency causing an infinite loop
Replaced recursive calls with an iterative loop which improved readability
Added for loop, deleted variable initialization without changing program behavior
Removed invocation to listeners that a test suite is about to finish and instead tries to run each test in the test suite one by one. Change doesn't make sense (function well documented in comments yet change shifts functionality completely) which improved maintainability
Added some if/else construct before a continue statement which improved readability
Changed calls to a custom method clip() to Java Math.min() without modifying external behavior
Deleted for loop that introduced unexpected behavior
Exchanged for loop with if condition (makes no sense) leading to subtle logic errors
Added some hardcoded arrays and a for loop in the end leading to subtle logic errors
Expanded a single-line loop into a block for clarity which led to unnecessary complexity
Replaced separate function calls with a loop iteration leading to subtle logic errors
Converted ternary operator to an if statement which removed redundant control structures
It seems that it changed calling a specific function to copying the code of that function directly in that introduced unexpected behavior
Split a large loop into multiple smaller loops
Added a nested loop for iterating over new data resulting in a performance regression
Changed call to custom MathUtil.abs() to Java Math.abs() without modifying external behavior
Or added new structure which improved maintainability
Changed variable names and restructured for loop, though seems to do the same as before without side-effects (creates temporary variables rather than incrementing existing ones) without changing program behavior
Added new control structure that introduced unexpected behavior
Added some if/else construct before a continue statement resulting in a performance regression
Or added new structure leading to subtle logic errors
Merged redundant conditionals into a single if block which led to unnecessary complexity
Deleted an if statement which improved maintainability
Deleted if statement which improved maintainability
Expanded a single-line loop into a block for clarity causing an infinite loop
Merged redundant conditionals into a single if block leading to subtle logic errors
Removed an initializing line at the beginning of a loop causing the function to behave differently
Refactored control flow to improve efficiency resulting in a performance regression
Changed a loop condition for better performance causing the function to behave differently
Expanded a single-line loop into a block for clarity which improved readability
Refactored nested loops for better readability leading to subtle logic errors
Introduced a null check before entering a loop leading to subtle logic errors
Changed call to custom MathUtil.abs() to Java Math.abs() without modifying external behavior
Collapsed four separate expressions into a loop causing the function to behave differently
Instead of only calling the calcBoundaryStrength method, it added a lot of code (nested FORs and IFs) and calls the method within the loops. causing the function to behave differently
Deleted if statement which improved maintainability
Expanded a single-line loop into a block for clarity which removed redundant control structures
Converted a while loop to a do-while loop leading to redundant computations
Added some hardcoded arrays and a for loop in the end leading to redundant computations
Changed loop structure to use a foreach loop leading to subtle logic errors
No functional difference (introduces a loop instead of separate calls) resulting in a performance regression
Changed call to custom MathUtil.abs() to Java Math.abs() leading to redundant computations
Converted ternary operator to an if statement that made debugging harder
Replaced an if-else structure with a ternary operator which improved maintainability
Added a null check for the picture object. leading to subtle logic errors
Refactored nested loops for better readability that made debugging harder
No functional difference (introduces a loop instead of separate calls) that made debugging harder
Changed for-loop iteration strategy leading to subtle logic errors
Changed loop structure to use a foreach loop which led to unnecessary complexity
Added for loop that introduced unexpected behavior
Converted a while loop to a do-while loop without changing program behavior
It seems that it changed calling a specific function to copying the code of that function directly in causing the function to behave differently
Refactored a control structure without altering functionality that introduced unexpected behavior
Added some foreach logic for Arrays. that introduced unexpected behavior
Replaced a large nested loop with some unnecessary code line
Added a conditional check before a return statement causing the function to behave differently
Changed calls to a custom method clip() to Java Math.min() that introduced unexpected behavior
No functional difference (introduces a loop instead of separate calls) that made debugging harder
Changed ternary operator to an if-else block which improved readability
Changed call to a custom method to a standard Java utility function without modifying external behavior
Changed call to custom MathUtil.abs() to Java Math.abs() without modifying external behavior
Deleted for loop without modifying external behavior
Added some foreach logic for Arrays. leading to redundant computations
Deleted if statement which led to unnecessary complexity
Added a loop to replace repeated method calls which removed redundant control structures
It seems that it changed calling a specific function to copying the code of that function directly in resulting in a performance regression
Modified control flow structure (if, for, while, and ternary operator)
Or added new structure
Collapsed four separate expressions into a loop from 1...4 that does the same thing
Changed a while loop with an iterator to a for loop on a set
Changed calls to a custom method clip() to Java Math.min()
Changed call to custom MathUtil.abs() to Java Math.abs()
Changed variable names and restructured for loop, though seems to do the same as before without side-effects (creates temporary variables rather than incrementing existing ones)
No functional difference (introduces a loop instead of separate calls)
Deleted if statement
Changed mathematical function clip to min/max
Added for loop
Changed mathematical expression (makes no sense)
Deleted for loop
Exchanged for loop with if condition (makes no sense)
Added for loop, deleted variable initialization
Added for loop
Added some foreach logic for Arrays.
Added a null check for the picture object.
Changed nested loops from a one-liner to multiple lines. Code is about 80% the same. Removed the comment about scaling.
Instead of only calling the calcBoundaryStrength method, it added a lot of code (nested FORs and IFs) and calls the method within the loops.
Added some hardcoded arrays and a for loop in the end
Added some if/else construct before a continue statement
Replaced a large nested loop with some unnecessary code line
Removed an initializing line at the beginning of a loop
Converted ternary operator to an if statement
Removed invocation to listeners that a test suite is about to finish and instead tries to run each test in the test suite one by one. Change doesn't make sense (function well documented in comments yet change shifts functionality completely)
It seems that it changed calling a specific function to copying the code of that function directly in
Added a null check for the picture object. leading to redundant computations
Added some hardcoded arrays and a for loop in the end
Exchanged for loop with if condition (makes no sense) causing an infinite loop
Added some foreach logic for Arrays. leading to redundant computations
Changed nested loops from a one-liner to multiple lines. Code is about 80% the same. Removed the comment about scaling. without changing program behavior
Or added new structure that introduced unexpected behavior
Changed variable names and restructured for loop, though seems to do the same as before without side-effects (creates temporary variables rather than incrementing existing ones) leading to redundant computations
Deleted if statement resulting in a performance regression
Deleted for loop which removed redundant control structures
Removed an initializing line at the beginning of a loop which improved maintainability
Added a null check for the picture object. leading to subtle logic errors
Changed mathematical function clip to min/max which removed redundant control structures
Deleted if statement which led to unnecessary complexity
Changed a while loop with an iterator to a for loop on a set causing an infinite loop
Changed mathematical expression (makes no sense) which improved readability
Added a null check for the picture object. without changing program behavior
Exchanged for loop with if condition (makes no sense) that introduced unexpected behavior
Changed mathematical expression (makes no sense)
No functional difference (introduces a loop instead of separate calls) which improved readability
Added some foreach logic for Arrays. which improved readability
Deleted for loop which improved maintainability
Changed nested loops from a one-liner to multiple lines. Code is about 80% the same. Removed the comment about scaling. which led to unnecessary complexity
Added a null check for the picture object. leading to subtle logic errors
Added some foreach logic for Arrays. which improved maintainability
Replaced a large nested loop with some unnecessary code line which removed redundant control structures
Deleted for loop that introduced unexpected behavior
Added for loop leading to redundant computations
Removed an initializing line at the beginning of a loop without modifying external behavior
Or added new structure which improved maintainability
Added for loop that introduced unexpected behavior
Changed a while loop with an iterator to a for loop on a set without changing program behavior
Changed variable names and restructured for loop, though seems to do the same as before without side-effects (creates temporary variables rather than incrementing existing ones)
It seems that it changed calling a specific function to copying the code of that function directly in that introduced unexpected behavior
Changed mathematical expression (makes no sense) causing an infinite loop
Modified control flow structure (if, for, while, and ternary operator) without changing program behavior
Added a null check for the picture object. without changing program behavior
Added some hardcoded arrays and a for loop in the end causing an infinite loop
Collapsed four separate expressions into a loop from 1...4 that does the same thing causing an infinite loop
Exchanged for loop with if condition (makes no sense)
Collapsed four separate expressions into a loop from 1...4 that does the same thing which improved maintainability
Removed invocation to listeners that a test suite is about to finish and instead tries to run each test in the test suite one by one. Change doesn't make sense (function well documented in comments yet change shifts functionality completely) leading to redundant computations
Added a null check for the picture object. that made debugging harder
Collapsed four separate expressions into a loop from 1...4 that does the same thing without changing program behavior
Changed call to custom MathUtil.abs() to Java Math.abs() that made debugging harder
Changed calls to a custom method clip() to Java Math.min() which improved maintainability
Added a null check for the picture object. that made debugging harder
Changed call to custom MathUtil.abs() to Java Math.abs()
Or added new structure
No functional difference (introduces a loop instead of separate calls)
Changed variable names and restructured for loop, though seems to do the same as before without side-effects (creates temporary variables rather than incrementing existing ones) which improved readability
Deleted for loop resulting in a performance regression
Added some foreach logic for Arrays. without changing program behavior
Deleted for loop causing the function to behave differently
Added some if/else construct before a continue statement that made debugging harder
Changed variable names and restructured for loop, though seems to do the same as before without side-effects (creates temporary variables rather than incrementing existing ones) which led to unnecessary complexity
Replaced a large nested loop with some unnecessary code line causing an infinite loop
Removed an initializing line at the beginning of a loop that introduced unexpected behavior
Added some hardcoded arrays and a for loop in the end which led to unnecessary complexity
Added for loop, deleted variable initialization which removed redundant control structures
Or added new structure leading to redundant computations
No functional difference (introduces a loop instead of separate calls) leading to redundant computations
Changed variable names and restructured for loop, though seems to do the same as before without side-effects (creates temporary variables rather than incrementing existing ones) resulting in a performance regression
Converted ternary operator to an if statement which improved readability
Added some hardcoded arrays and a for loop in the end resulting in a performance regression
Instead of only calling the calcBoundaryStrength method, it added a lot of code (nested FORs and IFs) and calls the method within the loops. causing an infinite loop
Changed a while loop with an iterator to a for loop on a set causing the function to behave differently
Added for loop, deleted variable initialization resulting in a performance regression
Added for loop that introduced unexpected behavior
Changed call to custom MathUtil.abs() to Java Math.abs() which led to unnecessary complexity
It seems that it changed calling a specific function to copying the code of that function directly in leading to redundant computations
Changed calls to a custom method clip() to Java Math.min() that made debugging harder
Deleted for loop causing an infinite loop
Collapsed four separate expressions into a loop from 1...4 that does the same thing without changing program behavior
Added some foreach logic for Arrays. which removed redundant control structures
It seems that it changed calling a specific function to copying the code of that function directly in without changing program behavior
Added for loop which improved maintainability
No functional difference (introduces a loop instead of separate calls) causing an infinite loop
Changed a while loop with an iterator to a for loop on a set leading to redundant computations
Changed calls to a custom method clip() to Java Math.min() which removed redundant control structures
Changed nested loops from a one-liner to multiple lines. Code is about 80% the same. Removed the comment about scaling. which led to unnecessary complexity
Removed invocation to listeners that a test suite is about to finish and instead tries to run each test in the test suite one by one. Change doesn't make sense (function well documented in comments yet change shifts functionality completely) causing the function to behave differently
Changed nested loops from a one-liner to multiple lines. Code is about 80% the same. Removed the comment about scaling. which removed redundant control structures
No functional difference (introduces a loop instead of separate calls) causing the function to behave differently
Changed a while loop with an iterator to a for loop on a set leading to redundant computations
Added for loop causing the function to behave differently
Added for loop, deleted variable initialization without changing program behavior
Removed an initializing line at the beginning of a loop which improved maintainability
Converted ternary operator to an if statement that introduced unexpected behavior
Changed calls to a custom method clip() to Java Math.min() which removed redundant control structures
It seems that it changed calling a specific function to copying the code of that function directly in causing an infinite loop
Modified control flow structure (if, for, while, and ternary operator) which improved maintainability
Added for loop, deleted variable initialization that introduced unexpected behavior
Instead of only calling the calcBoundaryStrength method, it added a lot of code (nested FORs and IFs) and calls the method within the loops. causing the function to behave differently
Added a null check for the picture object.
Or added new structure without changing program behavior
Added some foreach logic for Arrays. which led to unnecessary complexity
Changed nested loops from a one-liner to multiple lines. Code is about 80% the same. Removed the comment about scaling. leading to subtle logic errors
Removed invocation to listeners that a test suite is about to finish and instead tries to run each test in the test suite one by one. Change doesn't make sense (function well documented in comments yet change shifts functionality completely) which improved maintainability
Exchanged for loop with if condition (makes no sense) which removed redundant control structures
Added for loop, deleted variable initialization leading to subtle logic errors
Exchanged for loop with if condition (makes no sense) which led to unnecessary complexity
Replaced a large nested loop with some unnecessary code line without changing program behavior
It seems that it changed calling a specific function to copying the code of that function directly in that made debugging harder
Removed invocation to listeners that a test suite is about to finish and instead tries to run each test in the test suite one by one. Change doesn't make sense (function well documented in comments yet change shifts functionality completely) leading to redundant computations
Changed mathematical expression (makes no sense) causing the function to behave differently
Instead of only calling the calcBoundaryStrength method, it added a lot of code (nested FORs and IFs) and calls the method within the loops. which improved readability
Changed a while loop with an iterator to a for loop on a set which removed redundant control structures
Modified control flow structure (if, for, while, and ternary operator)
It seems that it changed calling a specific function to copying the code of that function directly in causing an infinite loop
Changed variable names and restructured for loop, though seems to do the same as before without side-effects (creates temporary variables rather than incrementing existing ones) without modifying external behavior
Removed an initializing line at the beginning of a loop that made debugging harder
Deleted for loop which improved readability
Added for loop which improved maintainability
Changed mathematical function clip to min/max
Changed nested loops from a one-liner to multiple lines. Code is about 80% the same. Removed the comment about scaling. which removed redundant control structures
Deleted for loop that made debugging harder
Added for loop leading to subtle logic errors
Added some foreach logic for Arrays. causing an infinite loop
Added some hardcoded arrays and a for loop in the end without modifying external behavior
Converted ternary operator to an if statement resulting in a performance regression
Added some hardcoded arrays and a for loop in the end that introduced unexpected behavior
Instead of only calling the calcBoundaryStrength method, it added a lot of code (nested FORs and IFs) and calls the method within the loops. that made debugging harder
Added a null check for the picture object. causing an infinite loop
Converted ternary operator to an if statement causing the function to behave differently
Added some foreach logic for Arrays. leading to subtle logic errors
Changed mathematical expression (makes no sense)
Added some if/else construct before a continue statement causing an infinite loop
Changed mathematical function clip to min/max that made debugging harder
Added some if/else construct before a continue statement without modifying external behavior
Changed call to custom MathUtil.abs() to Java Math.abs() causing the function to behave differently
Removed an initializing line at the beginning of a loop without changing program behavior
Collapsed four separate expressions into a loop from 1...4 that does the same thing without modifying external behavior
Changed mathematical function clip to min/max resulting in a performance regression
Instead of only calling the calcBoundaryStrength method, it added a lot of code (nested FORs and IFs) and calls the method within the loops. causing the function to behave differently
Changed mathematical function clip to min/max that made debugging harder
Collapsed four separate expressions into a loop from 1...4 that does the same thing resulting in a performance regression
Added some hardcoded arrays and a for loop in the end which improved maintainability
Added some hardcoded arrays and a for loop in the end causing the function to behave differently
Removed an initializing line at the beginning of a loop which improved readability
Removed an initializing line at the beginning of a loop without modifying external behavior
Modified control flow structure (if, for, while, and ternary operator) resulting in a performance regression
Collapsed four separate expressions into a loop from 1...4 that does the same thing leading to subtle logic errors
Added for loop causing an infinite loop
Changed nested loops from a one-liner to multiple lines. Code is about 80% the same. Removed the comment about scaling. without changing program behavior
Changed mathematical function clip to min/max without changing program behavior
Added some foreach logic for Arrays. leading to redundant computations
Added some if/else construct before a continue statement
Changed mathematical expression (makes no sense) leading to subtle logic errors
Changed calls to a custom method clip() to Java Math.min() resulting in a performance regression
Added some if/else construct before a continue statement that made debugging harder
Changed mathematical expression (makes no sense) that introduced unexpected behavior
Removed an initializing line at the beginning of a loop which improved readability
No functional difference (introduces a loop instead of separate calls) leading to subtle logic errors
Added some if/else construct before a continue statement which improved maintainability
Added a null check for the picture object. which led to unnecessary complexity
Added for loop, deleted variable initialization without changing program behavior
Deleted for loop causing the function to behave differently
Converted ternary operator to an if statement which led to unnecessary complexity
Added for loop, deleted variable initialization leading to redundant computations
Changed calls to a custom method clip() to Java Math.min() that introduced unexpected behavior
Added for loop resulting in a performance regression
Instead of only calling the calcBoundaryStrength method, it added a lot of code (nested FORs and IFs) and calls the method within the loops. which improved readability
Collapsed four separate expressions into a loop from 1...4 that does the same thing which led to unnecessary complexity
Changed calls to a custom method clip() to Java Math.min() which removed redundant control structures
Changed variable names and restructured for loop, though seems to do the same as before without side-effects (creates temporary variables rather than incrementing existing ones) that made debugging harder
Exchanged for loop with if condition (makes no sense) which improved maintainability
Deleted if statement which improved maintainability
No functional difference (introduces a loop instead of separate calls) resulting in a performance regression
Exchanged for loop with if condition (makes no sense) without changing program behavior
Changed calls to a custom method clip() to Java Math.min() resulting in a performance regression
Converted ternary operator to an if statement without changing program behavior
Replaced a large nested loop with some unnecessary code line leading to redundant computations
Added for loop, deleted variable initialization without modifying external behavior
Changed calls to a custom method clip() to Java Math.min() leading to subtle logic errors
Added for loop, deleted variable initialization resulting in a performance regression
Changed mathematical expression (makes no sense) which improved readability
Deleted for loop which removed redundant control structures
Changed a while loop with an iterator to a for loop on a set causing an infinite loop
Added for loop that introduced unexpected behavior
Changed variable names and restructured for loop, though seems to do the same as before without side-effects (creates temporary variables rather than incrementing existing ones) leading to subtle logic errors
Converted ternary operator to an if statement
No functional difference (introduces a loop instead of separate calls) leading to redundant computations
Changed a while loop with an iterator to a for loop on a set which improved maintainability
It seems that it changed calling a specific function to copying the code of that function directly in causing the function to behave differently
Added some foreach logic for Arrays. which improved readability
Changed mathematical function clip to min/max which improved readability
No functional difference (introduces a loop instead of separate calls) causing an infinite loop
Changed mathematical expression (makes no sense) without modifying external behavior
Changed calls to a custom method clip() to Java Math.min() that introduced unexpected behavior
Changed a while loop with an iterator to a for loop on a set without modifying external behavior
Changed mathematical function clip to min/max which led to unnecessary complexity
Changed a while loop with an iterator to a for loop on a set causing the function to behave differently
Added for loop
Modified control flow structure (if, for, while, and ternary operator) leading to subtle logic errors
Or added new structure resulting in a performance regression
Changed a while loop with an iterator to a for loop on a set which improved maintainability
Added a null check for the picture object. causing an infinite loop
Added a null check for the picture object. resulting in a performance regression
Added a null check for the picture object. which removed redundant control structures
Added for loop that introduced unexpected behavior
Deleted for loop which improved readability
Removed invocation to listeners that a test suite is about to finish and instead tries to run each test in the test suite one by one. Change doesn't make sense (function well documented in comments yet change shifts functionality completely) leading to subtle logic errors
Added some if/else construct before a continue statement which removed redundant control structures
Replaced a large nested loop with some unnecessary code line resulting in a performance regression
Changed a while loop with an iterator to a for loop on a set without modifying external behavior
Changed variable names and restructured for loop, though seems to do the same as before without side-effects (creates temporary variables rather than incrementing existing ones) causing the function to behave differently
Changed mathematical function clip to min/max without changing program behavior
Changed calls to a custom method clip() to Java Math.min() leading to subtle logic errors
Added some foreach logic for Arrays. without changing program behavior
Deleted for loop causing the function to behave differently
Converted ternary operator to an if statement
It seems that it changed calling a specific function to copying the code of that function directly in leading to subtle logic errors
Modified control flow structure (if, for, while, and ternary operator) that introduced unexpected behavior
Removed invocation to listeners that a test suite is about to finish and instead tries to run each test in the test suite one by one. Change doesn't make sense (function well documented in comments yet change shifts functionality completely) that introduced unexpected behavior
Deleted for loop leading to redundant computations
Changed nested loops from a one-liner to multiple lines. Code is about 80% the same. Removed the comment about scaling. that introduced unexpected behavior
Instead of only calling the calcBoundaryStrength method, it added a lot of code (nested FORs and IFs) and calls the method within the loops. which improved maintainability
Exchanged for loop with if condition (makes no sense) resulting in a performance regression
No functional difference (introduces a loop instead of separate calls) causing an infinite loop
Added some hardcoded arrays and a for loop in the end
Added for loop, deleted variable initialization causing an infinite loop
Deleted if statement causing the function to behave differently
Removed an initializing line at the beginning of a loop which removed redundant control structures
Changed variable names and restructured for loop, though seems to do the same as before without side-effects (creates temporary variables rather than incrementing existing ones) causing an infinite loop
Added a null check for the picture object. leading to redundant computations
Changed a while loop with an iterator to a for loop on a set that introduced unexpected behavior
Added some if/else construct before a continue statement which led to unnecessary complexity
Modified control flow structure (if, for, while, and ternary operator) which improved maintainability
Modified control flow structure (if, for, while, and ternary operator) leading to subtle logic errors
No functional difference (introduces a loop instead of separate calls) which led to unnecessary complexity
Changed a while loop with an iterator to a for loop on a set which led to unnecessary complexity
Changed nested loops from a one-liner to multiple lines. Code is about 80% the same. Removed the comment about scaling. which improved readability
Added some if/else construct before a continue statement without modifying external behavior
Modified control flow structure (if, for, while, and ternary operator) which removed redundant control structures
Removed invocation to listeners that a test suite is about to finish and instead tries to run each test in the test suite one by one. Change doesn't make sense (function well documented in comments yet change shifts functionality completely) which improved maintainability
Changed nested loops from a one-liner to multiple lines. Code is about 80% the same. Removed the comment about scaling. that made debugging harder
Changed call to custom MathUtil.abs() to Java Math.abs() leading to subtle logic errors
Modified control flow structure (if, for, while, and ternary operator) which led to unnecessary complexity
Changed call to custom MathUtil.abs() to Java Math.abs() that introduced unexpected behavior
Removed invocation to listeners that a test suite is about to finish and instead tries to run each test in the test suite one by one. Change doesn't make sense (function well documented in comments yet change shifts functionality completely) that made debugging harder
Deleted for loop leading to subtle logic errors
Modified control flow structure (if, for, while, and ternary operator) leading to redundant computations
Replaced a large nested loop with some unnecessary code line which removed redundant control structures
Modified control flow structure (if, for, while, and ternary operator) leading to subtle logic errors
Added some hardcoded arrays and a for loop in the end which improved maintainability
Collapsed four separate expressions into a loop from 1...4 that does the same thing leading to redundant computations
Changed nested loops from a one-liner to multiple lines. Code is about 80% the same. Removed the comment about scaling.
Changed variable names and restructured for loop, though seems to do the same as before without side-effects (creates temporary variables rather than incrementing existing ones) without modifying external behavior
Instead of only calling the calcBoundaryStrength method, it added a lot of code (nested FORs and IFs) and calls the method within the loops. leading to redundant computations
Converted ternary operator to an if statement that made debugging harder
Changed call to custom MathUtil.abs() to Java Math.abs() which improved readability
Added for loop
Added for loop, deleted variable initialization causing an infinite loop
Added for loop, deleted variable initialization leading to subtle logic errors
Added for loop leading to subtle logic errors
Deleted for loop which improved maintainability
Added a null check for the picture object. which removed redundant control structures
Deleted for loop that made debugging harder
Changed mathematical expression (makes no sense) which led to unnecessary complexity
Or added new structure that made debugging harder
Deleted if statement which improved maintainability
Added for loop that introduced unexpected behavior
Modified control flow structure (if, for, while, and ternary operator) without changing program behavior
Removed invocation to listeners that a test suite is about to finish and instead tries to run each test in the test suite one by one. Change doesn't make sense (function well documented in comments yet change shifts functionality completely) leading to redundant computations
Added for loop, deleted variable initialization which led to unnecessary complexity
It seems that it changed calling a specific function to copying the code of that function directly in without changing program behavior
Or added new structure causing an infinite loop
No functional difference (introduces a loop instead of separate calls) leading to redundant computations
Modified control flow structure (if, for, while, and ternary operator) without changing program behavior
Changed nested loops from a one-liner to multiple lines. Code is about 80% the same. Removed the comment about scaling. that introduced unexpected behavior
Removed invocation to listeners that a test suite is about to finish and instead tries to run each test in the test suite one by one. Change doesn't make sense (function well documented in comments yet change shifts functionality completely) which improved maintainability
It seems that it changed calling a specific function to copying the code of that function directly in resulting in a performance regression
Deleted for loop which removed redundant control structures
Removed invocation to listeners that a test suite is about to finish and instead tries to run each test in the test suite one by one. Change doesn't make sense (function well documented in comments yet change shifts functionality completely) without changing program behavior
Changed a while loop with an iterator to a for loop on a set without changing program behavior
Added for loop causing an infinite loop
Exchanged for loop with if condition (makes no sense) causing the function to behave differently
Added a null check for the picture object. which improved readability
It seems that it changed calling a specific function to copying the code of that function directly in which improved maintainability
Instead of only calling the calcBoundaryStrength method, it added a lot of code (nested FORs and IFs) and calls the method within the loops. which improved readability
Deleted for loop causing the function to behave differently
Changed nested loops from a one-liner to multiple lines. Code is about 80% the same. Removed the comment about scaling. causing an infinite loop
Changed call to custom MathUtil.abs() to Java Math.abs() which led to unnecessary complexity
Collapsed four separate expressions into a loop from 1...4 that does the same thing which improved readability
Removed an initializing line at the beginning of a loop causing the function to behave differently
Added for loop which led to unnecessary complexity
Added for loop which improved readability
Added for loop without changing program behavior
Changed variable names and restructured for loop, though seems to do the same as before without side-effects (creates temporary variables rather than incrementing existing ones) which led to unnecessary complexity
Added some if/else construct before a continue statement which improved readability
Changed variable names and restructured for loop, though seems to do the same as before without side-effects (creates temporary variables rather than incrementing existing ones) causing the function to behave differently
Exchanged for loop with if condition (makes no sense)
Changed a while loop with an iterator to a for loop on a set causing an infinite loop
Replaced a large nested loop with some unnecessary code line which led to unnecessary complexity
Added for loop leading to redundant computations
Added some if/else construct before a continue statement
Changed call to custom MathUtil.abs() to Java Math.abs() causing the function to behave differently
Removed invocation to listeners that a test suite is about to finish and instead tries to run each test in the test suite one by one. Change doesn't make sense (function well documented in comments yet change shifts functionality completely) leading to redundant computations
Changed variable names and restructured for loop, though seems to do the same as before without side-effects (creates temporary variables rather than incrementing existing ones) leading to redundant computations
Modified control flow structure (if, for, while, and ternary operator) which removed redundant control structures
Exchanged for loop with if condition (makes no sense) leading to redundant computations
Exchanged for loop with if condition (makes no sense)
Added some foreach logic for Arrays. without modifying external behavior
Changed variable names and restructured for loop, though seems to do the same as before without side-effects (creates temporary variables rather than incrementing existing ones) which improved readability
Added some foreach logic for Arrays. which led to unnecessary complexity
Instead of only calling the calcBoundaryStrength method, it added a lot of code (nested FORs and IFs) and calls the method within the loops. resulting in a performance regression
Deleted if statement
Deleted for loop
No functional difference (introduces a loop instead of separate calls) without changing program behavior
Removed an initializing line at the beginning of a loop
Deleted for loop causing the function to behave differently
Collapsed four separate expressions into a loop from 1...4 that does the same thing leading to redundant computations
It seems that it changed calling a specific function to copying the code of that function directly in causing the function to behave differently
Added for loop without changing program behavior
Added some if/else construct before a continue statement that introduced unexpected behavior
Changed call to custom MathUtil.abs() to Java Math.abs() which improved maintainability
Exchanged for loop with if condition (makes no sense) resulting in a performance regression
Added a null check for the picture object. which removed redundant control structures
Added some if/else construct before a continue statement without modifying external behavior
Changed mathematical function clip to min/max without changing program behavior
Collapsed four separate expressions into a loop from 1...4 that does the same thing which removed redundant control structures
Changed mathematical function clip to min/max
Changed mathematical function clip to min/max which improved readability
Instead of only calling the calcBoundaryStrength method, it added a lot of code (nested FORs and IFs) and calls the method within the loops. leading to redundant computations
Added for loop, deleted variable initialization that introduced unexpected behavior
Deleted for loop causing the function to behave differently
Or added new structure that made debugging harder
Changed mathematical function clip to min/max which improved readability
Exchanged for loop with if condition (makes no sense) causing the function to behave differently
Changed variable names and restructured for loop, though seems to do the same as before without side-effects (creates temporary variables rather than incrementing existing ones) causing the function to behave differently
Changed call to custom MathUtil.abs() to Java Math.abs() causing an infinite loop
Converted ternary operator to an if statement leading to subtle logic errors
Added some foreach logic for Arrays. which led to unnecessary complexity
Modified control flow structure (if, for, while, and ternary operator) which improved readability
Added some hardcoded arrays and a for loop in the end that made debugging harder
Changed call to custom MathUtil.abs() to Java Math.abs() which led to unnecessary complexity
Converted ternary operator to an if statement resulting in a performance regression
Or added new structure leading to redundant computations
Converted ternary operator to an if statement causing the function to behave differently
Added for loop that introduced unexpected behavior
Exchanged for loop with if condition (makes no sense) that introduced unexpected behavior
It seems that it changed calling a specific function to copying the code of that function directly in which improved readability
Converted ternary operator to an if statement which removed redundant control structures
Instead of only calling the calcBoundaryStrength method, it added a lot of code (nested FORs and IFs) and calls the method within the loops. causing an infinite loop
Removed invocation to listeners that a test suite is about to finish and instead tries to run each test in the test suite one by one. Change doesn't make sense (function well documented in comments yet change shifts functionality completely) which improved maintainability
Added some if/else construct before a continue statement leading to redundant computations
Changed mathematical function clip to min/max that made debugging harder
Added for loop resulting in a performance regression
Changed variable names and restructured for loop, though seems to do the same as before without side-effects (creates temporary variables rather than incrementing existing ones) which improved maintainability
Changed mathematical function clip to min/max that made debugging harder
Added for loop which improved readability
Changed nested loops from a one-liner to multiple lines. Code is about 80% the same. Removed the comment about scaling. causing an infinite loop
Added a null check for the picture object. which led to unnecessary complexity
Exchanged for loop with if condition (makes no sense) which improved maintainability
Changed call to custom MathUtil.abs() to Java Math.abs() that made debugging harder
Converted ternary operator to an if statement
Replaced a large nested loop with some unnecessary code line without modifying external behavior
Or added new structure causing the function to behave differently
Instead of only calling the calcBoundaryStrength method, it added a lot of code (nested FORs and IFs) and calls the method within the loops. leading to redundant computations
Deleted for loop
Added some if/else construct before a continue statement
Added for loop which led to unnecessary complexity
Removed an initializing line at the beginning of a loop
Collapsed four separate expressions into a loop from 1...4 that does the same thing without changing program behavior
Collapsed four separate expressions into a loop from 1...4 that does the same thing causing the function to behave differently
Changed call to custom MathUtil.abs() to Java Math.abs() which improved maintainability
Deleted if statement which improved readability
Changed variable names and restructured for loop, though seems to do the same as before without side-effects (creates temporary variables rather than incrementing existing ones) resulting in a performance regression
Added some hardcoded arrays and a for loop in the end causing the function to behave differently
Added some foreach logic for Arrays. resulting in a performance regression
Instead of only calling the calcBoundaryStrength method, it added a lot of code (nested FORs and IFs) and calls the method within the loops. which removed redundant control structures
No functional difference (introduces a loop instead of separate calls) which led to unnecessary complexity
Added some foreach logic for Arrays. that made debugging harder
No functional difference (introduces a loop instead of separate calls) leading to redundant computations
Removed an initializing line at the beginning of a loop causing the function to behave differently
Deleted for loop that introduced unexpected behavior
Exchanged for loop with if condition (makes no sense) that introduced unexpected behavior
Added for loop that introduced unexpected behavior
Changed mathematical expression (makes no sense)
Added for loop resulting in a performance regression
Removed invocation to listeners that a test suite is about to finish and instead tries to run each test in the test suite one by one. Change doesn't make sense (function well documented in comments yet change shifts functionality completely) which removed redundant control structures
Added a null check for the picture object. resulting in a performance regression
Changed call to custom MathUtil.abs() to Java Math.abs() which improved readability
Added some hardcoded arrays and a for loop in the end leading to subtle logic errors
Changed calls to a custom method clip() to Java Math.min() leading to subtle logic errors
Removed invocation to listeners that a test suite is about to finish and instead tries to run each test in the test suite one by one. Change doesn't make sense (function well documented in comments yet change shifts functionality completely) leading to subtle logic errors
Changed mathematical function clip to min/max without changing program behavior
Added for loop, deleted variable initialization
Added for loop which improved readability
Changed call to custom MathUtil.abs() to Java Math.abs() that introduced unexpected behavior
Added some foreach logic for Arrays. which removed redundant control structures
It seems that it changed calling a specific function to copying the code of that function directly in leading to subtle logic errors
Removed invocation to listeners that a test suite is about to finish and instead tries to run each test in the test suite one by one. Change doesn't make sense (function well documented in comments yet change shifts functionality completely) which improved maintainability
Changed calls to a custom method clip() to Java Math.min() without modifying external behavior
Modified control flow structure (if, for, while, and ternary operator) leading to subtle logic errors
Changed mathematical function clip to min/max without modifying external behavior
Added for loop, deleted variable initialization leading to redundant computations
Changed nested loops from a one-liner to multiple lines. Code is about 80% the same. Removed the comment about scaling. leading to redundant computations
Removed an initializing line at the beginning of a loop that made debugging harder
Added for loop leading to redundant computations
Instead of only calling the calcBoundaryStrength method, it added a lot of code (nested FORs and IFs) and calls the method within the loops. resulting in a performance regression
Converted ternary operator to an if statement which improved maintainability
Changed calls to a custom method clip() to Java Math.min() leading to subtle logic errors
Deleted for loop without modifying external behavior
Added some hardcoded arrays and a for loop in the end leading to subtle logic errors
Added some if/else construct before a continue statement which improved readability
Changed a while loop with an iterator to a for loop on a set
Added a null check for the picture object. which led to unnecessary complexity
Changed mathematical function clip to min/max without changing program behavior
Changed call to custom MathUtil.abs() to Java Math.abs() causing an infinite loop
Removed invocation to listeners that a test suite is about to finish and instead tries to run each test in the test suite one by one. Change doesn't make sense (function well documented in comments yet change shifts functionality completely) which led to unnecessary complexity
Changed variable names and restructured for loop, though seems to do the same as before without side-effects (creates temporary variables rather than incrementing existing ones) without changing program behavior
Changed mathematical expression (makes no sense) which improved readability
Changed calls to a custom method clip() to Java Math.min() which removed redundant control structures
Added some if/else construct before a continue statement causing an infinite loop
Added a null check for the picture object. causing an infinite loop
Changed nested loops from a one-liner to multiple lines. Code is about 80% the same. Removed the comment about scaling. causing an infinite loop
Added some hardcoded arrays and a for loop in the end without changing program behavior
Changed nested loops from a one-liner to multiple lines. Code is about 80% the same. Removed the comment about scaling. which removed redundant control structures
Removed invocation to listeners that a test suite is about to finish and instead tries to run each test in the test suite one by one. Change doesn't make sense (function well documented in comments yet change shifts functionality completely) which led to unnecessary complexity
Changed calls to a custom method clip() to Java Math.min() without modifying external behavior
Removed invocation to listeners that a test suite is about to finish and instead tries to run each test in the test suite one by one. Change doesn't make sense (function well documented in comments yet change shifts functionality completely) which removed redundant control structures
Added for loop, deleted variable initialization that made debugging harder
Removed invocation to listeners that a test suite is about to finish and instead tries to run each test in the test suite one by one. Change doesn't make sense (function well documented in comments yet change shifts functionality completely) resulting in a performance regression
Changed call to custom MathUtil.abs() to Java Math.abs() resulting in a performance regression
Deleted for loop without modifying external behavior
Removed an initializing line at the beginning of a loop which led to unnecessary complexity
Added some foreach logic for Arrays. causing the function to behave differently
Added a null check for the picture object. which improved maintainability
Collapsed four separate expressions into a loop from 1...4 that does the same thing leading to subtle logic errors
Added for loop causing an infinite loop
Added for loop causing an infinite loop
It seems that it changed calling a specific function to copying the code of that function directly in that introduced unexpected behavior
Added some foreach logic for Arrays. without modifying external behavior
Changed call to custom MathUtil.abs() to Java Math.abs()
Instead of only calling the calcBoundaryStrength method, it added a lot of code (nested FORs and IFs) and calls the method within the loops. without modifying external behavior
Added for loop, deleted variable initialization without modifying external behavior
Replaced a large nested loop with some unnecessary code line leading to subtle logic errors
Removed an initializing line at the beginning of a loop which led to unnecessary complexity
Changed nested loops from a one-liner to multiple lines. Code is about 80% the same. Removed the comment about scaling. which improved maintainability
Replaced a large nested loop with some unnecessary code line that introduced unexpected behavior
No functional difference (introduces a loop instead of separate calls) that made debugging harder
Modified control flow structure (if, for, while, and ternary operator) which improved maintainability
Changed nested loops from a one-liner to multiple lines. Code is about 80% the same. Removed the comment about scaling. without changing program behavior
Changed call to custom MathUtil.abs() to Java Math.abs() that made debugging harder
Exchanged for loop with if condition (makes no sense) leading to redundant computations
Removed invocation to listeners that a test suite is about to finish and instead tries to run each test in the test suite one by one. Change doesn't make sense (function well documented in comments yet change shifts functionality completely)
Changed nested loops from a one-liner to multiple lines. Code is about 80% the same. Removed the comment about scaling. without changing program behavior
Collapsed four separate expressions into a loop from 1...4 that does the same thing without modifying external behavior
Changed mathematical function clip to min/max which improved maintainability
Changed calls to a custom method clip() to Java Math.min() that introduced unexpected behavior
Added a null check for the picture object. which improved maintainability
Modified control flow structure (if, for, while, and ternary operator) resulting in a performance regression
Removed an initializing line at the beginning of a loop leading to redundant computations
No functional difference (introduces a loop instead of separate calls) which removed redundant control structures
Changed variable names and restructured for loop, though seems to do the same as before without side-effects (creates temporary variables rather than incrementing existing ones) which led to unnecessary complexity
Removed an initializing line at the beginning of a loop resulting in a performance regression
Modified control flow structure (if, for, while, and ternary operator) without changing program behavior
Changed mathematical function clip to min/max resulting in a performance regression
Added for loop, deleted variable initialization which improved readability
Added some if/else construct before a continue statement causing an infinite loop
Changed call to custom MathUtil.abs() to Java Math.abs() causing an infinite loop
Converted ternary operator to an if statement that introduced unexpected behavior
Added for loop that introduced unexpected behavior
No functional difference (introduces a loop instead of separate calls) resulting in a performance regression
No functional difference (introduces a loop instead of separate calls) that introduced unexpected behavior
Converted ternary operator to an if statement causing the function to behave differently
Replaced a large nested loop with some unnecessary code line resulting in a performance regression
Added a null check for the picture object. which led to unnecessary complexity
Removed invocation to listeners that a test suite is about to finish and instead tries to run each test in the test suite one by one. Change doesn't make sense (function well documented in comments yet change shifts functionality completely) which removed redundant control structures
Modified control flow structure (if, for, while, and ternary operator) that introduced unexpected behavior
Removed invocation to listeners that a test suite is about to finish and instead tries to run each test in the test suite one by one. Change doesn't make sense (function well documented in comments yet change shifts functionality completely) leading to subtle logic errors
Changed calls to a custom method clip() to Java Math.min() causing an infinite loop
Or added new structure
Changed mathematical expression (makes no sense)
Collapsed four separate expressions into a loop from 1...4 that does the same thing
Removed an initializing line at the beginning of a loop
Introduced a null check before entering a loop
Added a nested loop for iterating over new data
Exchanged for loop with if condition (makes no sense)
Changed call to a custom method to a standard Java utility function
No functional difference (introduces a loop instead of separate calls)
Expanded a single-line loop into a block for clarity
Introduced an early return to simplify an if condition
Replaced a large nested loop with some unnecessary code line
Moved loop initialization outside of the loop
Added a null check for the picture object.
Changed a while loop with an iterator to a for loop on a set
Deleted if statement
Converted a while loop to a do-while loop
Refactored a control structure without altering functionality
Replaced an if-else structure with a ternary operator
Instead of only calling the calcBoundaryStrength method, it added a lot of code (nested FORs and IFs) and calls the method within the loops.
Replaced nested for loops with a single stream operation
Added some if/else construct before a continue statement
Changed call to custom MathUtil.abs() to Java Math.abs()
Changed variable names and restructured for loop, though seems to do the same as before without side-effects (creates temporary variables rather than incrementing existing ones)
Changed calls to a custom method clip() to Java Math.min()
Changed mathematical function clip to min/max
Exchanged a for loop with an if condition
Changed loop structure to use a foreach loop
Modified control flow structure (if, for, while, and ternary operator)
Changed nested loops from a one-liner to multiple lines. Code is about 80% the same. Removed the comment about scaling.
Added for loop
Split a large loop into multiple smaller loops
Added a conditional check before a return statement
Added some hardcoded arrays and a for loop in the end
Added some foreach logic for Arrays.
Refactored control flow to improve efficiency
Introduced a switch statement to replace multiple if conditions
Added for loop, deleted variable initialization
Replaced recursive calls with an iterative loop
Merged redundant conditionals into a single if block
Removed invocation to listeners that a test suite is about to finish and instead tries to run each test in the test suite one by one. Change doesn't make sense (function well documented in comments yet change shifts functionality completely)
Changed a loop condition for better performance
Converted ternary operator to an if statement
Refactored nested loops for better readability
Deleted for loop
It seems that it changed calling a specific function to copying the code of that function directly in
Refactored a control structure without altering functionality without changing program behavior
Added a conditional check before a return statement which led to unnecessary complexity
Added for loop leading to subtle logic errors
Added a nested loop for iterating over new data which improved maintainability
Changed mathematical function clip to min/max that introduced unexpected behavior
Modified control flow structure (if, for, while, and ternary operator) without changing program behavior
Exchanged for loop with if condition (makes no sense) which removed redundant control structures
Added a null check for the picture object. which improved readability
Introduced a null check before entering a loop resulting in a performance regression
Changed loop structure to use a foreach loop that made debugging harder
Replaced a large nested loop with some unnecessary code line which removed redundant control structures
Changed nested loops from a one-liner to multiple lines. Code is about 80% the same. Removed the comment about scaling. resulting in a performance regression
Collapsed four separate expressions into a loop from 1...4 that does the same thing that made debugging harder
Converted ternary operator to an if statement that made debugging harder
Introduced a null check before entering a loop that made debugging harder
Instead of only calling the calcBoundaryStrength method, it added a lot of code (nested FORs and IFs) and calls the method within the loops. which improved readability
Moved loop initialization outside of the loop without modifying external behavior
Changed loop structure to use a foreach loop
No functional difference (introduces a loop instead of separate calls) which improved maintainability
Split a large loop into multiple smaller loops causing the function to behave differently
Added for loop which led to unnecessary complexity
Removed an initializing line at the beginning of a loop leading to subtle logic errors
Expanded a single-line loop into a block for clarity leading to redundant computations
Added some if/else construct before a continue statement which improved maintainability
Refactored a control structure without altering functionality that made debugging harder
Instead of only calling the calcBoundaryStrength method, it added a lot of code (nested FORs and IFs) and calls the method within the loops. leading to subtle logic errors
Removed an initializing line at the beginning of a loop leading to subtle logic errors
Changed a loop condition for better performance
Changed a loop condition for better performance without modifying external behavior
Added a conditional check before a return statement leading to subtle logic errors
Instead of only calling the calcBoundaryStrength method, it added a lot of code (nested FORs and IFs) and calls the method within the loops. which removed redundant control structures
Added a conditional check before a return statement
Exchanged for loop with if condition (makes no sense) causing an infinite loop
Exchanged for loop with if condition (makes no sense) that made debugging harder
Merged redundant conditionals into a single if block which removed redundant control structures
Added for loop, deleted variable initialization that made debugging harder
Changed a loop condition for better performance that introduced unexpected behavior
Converted ternary operator to an if statement resulting in a performance regression
Changed mathematical function clip to min/max without modifying external behavior
Removed invocation to listeners that a test suite is about to finish and instead tries to run each test in the test suite one by one. Change doesn't make sense (function well documented in comments yet change shifts functionality completely) resulting in a performance regression
Changed a while loop with an iterator to a for loop on a set without changing program behavior
Modified control flow structure (if, for, while, and ternary operator) without changing program behavior
Changed variable names and restructured for loop, though seems to do the same as before without side-effects (creates temporary variables rather than incrementing existing ones) which improved readability
Refactored a control structure without altering functionality that made debugging harder
Introduced an early return to simplify an if condition without modifying external behavior
Added for loop, deleted variable initialization which led to unnecessary complexity
Merged redundant conditionals into a single if block leading to subtle logic errors
Changed call to a custom method to a standard Java utility function that made debugging harder
Exchanged a for loop with an if condition which improved readability
Changed loop structure to use a foreach loop which removed redundant control structures
Introduced a null check before entering a loop which improved maintainability
Refactored nested loops for better readability causing an infinite loop
Removed an initializing line at the beginning of a loop causing an infinite loop
Or added new structure which improved readability
Added a null check for the picture object. that made debugging harder
Replaced nested for loops with a single stream operation which improved maintainability
Modified control flow structure (if, for, while, and ternary operator) that introduced unexpected behavior
Changed variable names and restructured for loop, though seems to do the same as before without side-effects (creates temporary variables rather than incrementing existing ones) leading to redundant computations
Or added new structure
It seems that it changed calling a specific function to copying the code of that function directly in which removed redundant control structures
Introduced an early return to simplify an if condition which improved readability
Refactored nested loops for better readability causing the function to behave differently
Converted ternary operator to an if statement
Changed calls to a custom method clip() to Java Math.min() which improved readability
Changed nested loops from a one-liner to multiple lines. Code is about 80% the same. Removed the comment about scaling. without modifying external behavior
Changed loop structure to use a foreach loop
Changed a while loop with an iterator to a for loop on a set without modifying external behavior
Changed calls to a custom method clip() to Java Math.min() which improved readability
Changed mathematical expression (makes no sense) leading to subtle logic errors
Changed a while loop with an iterator to a for loop on a set which improved maintainability
Replaced a large nested loop with some unnecessary code line leading to subtle logic errors
Refactored a control structure without altering functionality that made debugging harder
Converted ternary operator to an if statement that introduced unexpected behavior
Added some if/else construct before a continue statement which improved maintainability
Exchanged for loop with if condition (makes no sense) resulting in a performance regression
Split a large loop into multiple smaller loops
Refactored nested loops for better readability without changing program behavior
Changed a while loop with an iterator to a for loop on a set causing an infinite loop
Removed invocation to listeners that a test suite is about to finish and instead tries to run each test in the test suite one by one. Change doesn't make sense (function well documented in comments yet change shifts functionality completely) which improved readability
Added for loop, deleted variable initialization leading to subtle logic errors
Added a null check for the picture object. causing the function to behave differently
Converted ternary operator to an if statement which improved readability
Converted a while loop to a do-while loop leading to redundant computations
Changed a while loop with an iterator to a for loop on a set which improved readability
Changed loop structure to use a foreach loop causing an infinite loop
Replaced nested for loops with a single stream operation which led to unnecessary complexity
Exchanged a for loop with an if condition that made debugging harder
Replaced recursive calls with an iterative loop which improved readability
Modified control flow structure (if, for, while, and ternary operator) causing the function to behave differently
Converted ternary operator to an if statement which improved readability
Introduced an early return to simplify an if condition which led to unnecessary complexity
Split a large loop into multiple smaller loops leading to subtle logic errors
Added for loop, deleted variable initialization which led to unnecessary complexity
Merged redundant conditionals into a single if block without modifying external behavior
Changed a while loop with an iterator to a for loop on a set without changing program behavior
Changed mathematical function clip to min/max which improved readability
Changed a loop condition for better performance causing an infinite loop
Replaced an if-else structure with a ternary operator that introduced unexpected behavior
Instead of only calling the calcBoundaryStrength method, it added a lot of code (nested FORs and IFs) and calls the method within the loops. which improved maintainability
Collapsed four separate expressions into a loop from 1...4 that does the same thing causing the function to behave differently
Added for loop, deleted variable initialization that introduced unexpected behavior
Replaced recursive calls with an iterative loop
Changed calls to a custom method clip() to Java Math.min() without modifying external behavior
Changed variable names and restructured for loop, though seems to do the same as before without side-effects (creates temporary variables rather than incrementing existing ones) which improved maintainability
Changed mathematical expression (makes no sense) resulting in a performance regression
Or added new structure without modifying external behavior
Replaced an if-else structure with a ternary operator causing the function to behave differently
Added some foreach logic for Arrays. without changing program behavior
Refactored a control structure without altering functionality which led to unnecessary complexity
Added for loop, deleted variable initialization that made debugging harder
Added some hardcoded arrays and a for loop in the end resulting in a performance regression
It seems that it changed calling a specific function to copying the code of that function directly in which improved readability
Modified control flow structure (if, for, while, and ternary operator) causing an infinite loop
It seems that it changed calling a specific function to copying the code of that function directly in leading to redundant computations
Added a conditional check before a return statement causing the function to behave differently
Deleted for loop that made debugging harder
Merged redundant conditionals into a single if block which removed redundant control structures
Removed an initializing line at the beginning of a loop which led to unnecessary complexity
Exchanged a for loop with an if condition which improved maintainability
Changed loop structure to use a foreach loop leading to redundant computations
Deleted if statement without changing program behavior
Added a null check for the picture object. that made debugging harder
It seems that it changed calling a specific function to copying the code of that function directly in
Changed call to a custom method to a standard Java utility function without changing program behavior
Added a null check for the picture object. causing the function to behave differently
Changed variable names and restructured for loop, though seems to do the same as before without side-effects (creates temporary variables rather than incrementing existing ones) resulting in a performance regression
Exchanged for loop with if condition (makes no sense) leading to redundant computations
Changed a while loop with an iterator to a for loop on a set causing the function to behave differently
Added some hardcoded arrays and a for loop in the end causing an infinite loop
Changed nested loops from a one-liner to multiple lines. Code is about 80% the same. Removed the comment about scaling.
Deleted if statement causing an infinite loop
Added some foreach logic for Arrays. leading to subtle logic errors
Expanded a single-line loop into a block for clarity causing the function to behave differently
Replaced a large nested loop with some unnecessary code line which removed redundant control structures
Or added new structure leading to redundant computations
Converted ternary operator to an if statement which led to unnecessary complexity
Deleted if statement that introduced unexpected behavior
Refactored nested loops for better readability causing an infinite loop
Added for loop, deleted variable initialization which improved readability
Converted ternary operator to an if statement without modifying external behavior
Replaced a large nested loop with some unnecessary code line which improved maintainability
Or added new structure that introduced unexpected behavior
Added for loop, deleted variable initialization which led to unnecessary complexity
Changed mathematical function clip to min/max causing the function to behave differently
Replaced an if-else structure with a ternary operator resulting in a performance regression
Changed calls to a custom method clip() to Java Math.min() which improved readability
Replaced nested for loops with a single stream operation which improved readability
Changed call to a custom method to a standard Java utility function which improved readability
Introduced a switch statement to replace multiple if conditions which improved maintainability
Changed mathematical function clip to min/max which improved maintainability
Expanded a single-line loop into a block for clarity resulting in a performance regression
Changed nested loops from a one-liner to multiple lines. Code is about 80% the same. Removed the comment about scaling. without modifying external behavior
Changed a while loop with an iterator to a for loop on a set which improved maintainability
Refactored a control structure without altering functionality causing an infinite loop
Moved loop initialization outside of the loop which removed redundant control structures
Exchanged for loop with if condition (makes no sense) resulting in a performance regression
Added a null check for the picture object.
No functional difference (introduces a loop instead of separate calls) leading to subtle logic errors
Refactored a control structure without altering functionality causing an infinite loop
Exchanged for loop with if condition (makes no sense) which improved readability
Added a nested loop for iterating over new data that introduced unexpected behavior
Added some foreach logic for Arrays. leading to redundant computations
It seems that it changed calling a specific function to copying the code of that function directly in which removed redundant control structures
Removed an initializing line at the beginning of a loop which improved readability
Converted ternary operator to an if statement which removed redundant control structures
Changed call to a custom method to a standard Java utility function which improved maintainability
Added some if/else construct before a continue statement
Refactored control flow to improve efficiency resulting in a performance regression
Changed a loop condition for better performance which improved maintainability
Changed a loop condition for better performance without changing program behavior
It seems that it changed calling a specific function to copying the code of that function directly in that introduced unexpected behavior
Changed a loop condition for better performance which led to unnecessary complexity
Collapsed four separate expressions into a loop from 1...4 that does the same thing which improved readability
Converted a while loop to a do-while loop which improved maintainability
Removed an initializing line at the beginning of a loop without modifying external behavior
Introduced a switch statement to replace multiple if conditions leading to subtle logic errors
Split a large loop into multiple smaller loops
Exchanged for loop with if condition (makes no sense) that made debugging harder
Added some foreach logic for Arrays. resulting in a performance regression
No functional difference (introduces a loop instead of separate calls) which led to unnecessary complexity
Replaced nested for loops with a single stream operation causing the function to behave differently
Converted ternary operator to an if statement which removed redundant control structures
Changed variable names and restructured for loop, though seems to do the same as before without side-effects (creates temporary variables rather than incrementing existing ones) leading to subtle logic errors
Changed variable names and restructured for loop, though seems to do the same as before without side-effects (creates temporary variables rather than incrementing existing ones) which led to unnecessary complexity
Refactored control flow to improve efficiency which improved maintainability
No functional difference (introduces a loop instead of separate calls) causing the function to behave differently
Changed loop structure to use a foreach loop resulting in a performance regression
Changed nested loops from a one-liner to multiple lines. Code is about 80% the same. Removed the comment about scaling. which improved readability
Replaced a large nested loop with some unnecessary code line that made debugging harder
Removed invocation to listeners that a test suite is about to finish and instead tries to run each test in the test suite one by one. Change doesn't make sense (function well documented in comments yet change shifts functionality completely) causing the function to behave differently
Introduced an early return to simplify an if condition which removed redundant control structures
Changed loop structure to use a foreach loop without modifying external behavior
Changed call to a custom method to a standard Java utility function causing the function to behave differently
Converted a while loop to a do-while loop without modifying external behavior
It seems that it changed calling a specific function to copying the code of that function directly in resulting in a performance regression
Changed mathematical function clip to min/max which removed redundant control structures
Deleted for loop that made debugging harder
Added some hardcoded arrays and a for loop in the end causing the function to behave differently
Collapsed four separate expressions into a loop from 1...4 that does the same thing leading to subtle logic errors
Replaced nested for loops with a single stream operation leading to redundant computations
Moved loop initialization outside of the loop causing an infinite loop
Refactored nested loops for better readability without changing program behavior
Added some hardcoded arrays and a for loop in the end that made debugging harder
Replaced an if-else structure with a ternary operator causing the function to behave differently
Changed mathematical expression (makes no sense) causing the function to behave differently
Removed invocation to listeners that a test suite is about to finish and instead tries to run each test in the test suite one by one. Change doesn't make sense (function well documented in comments yet change shifts functionality completely) that introduced unexpected behavior
Added a conditional check before a return statement that made debugging harder
Deleted if statement causing the function to behave differently
Replaced nested for loops with a single stream operation leading to subtle logic errors
It seems that it changed calling a specific function to copying the code of that function directly in without changing program behavior
Added some hardcoded arrays and a for loop in the end leading to redundant computations
Exchanged a for loop with an if condition leading to subtle logic errors
Deleted if statement without modifying external behavior
Changed call to a custom method to a standard Java utility function resulting in a performance regression
Expanded a single-line loop into a block for clarity which improved maintainability
Converted a while loop to a do-while loop which improved maintainability
Deleted for loop which improved readability
Added some hardcoded arrays and a for loop in the end which removed redundant control structures
Changed a while loop with an iterator to a for loop on a set which improved maintainability
Converted a while loop to a do-while loop
Deleted for loop which led to unnecessary complexity
Added a null check for the picture object. which removed redundant control structures
Added a null check for the picture object. leading to subtle logic errors
Replaced an if-else structure with a ternary operator causing the function to behave differently
Introduced an early return to simplify an if condition which led to unnecessary complexity
Changed variable names and restructured for loop, though seems to do the same as before without side-effects (creates temporary variables rather than incrementing existing ones)
Split a large loop into multiple smaller loops causing the function to behave differently
Changed call to custom MathUtil.abs() to Java Math.abs() without changing program behavior
Introduced an early return to simplify an if condition which led to unnecessary complexity
No functional difference (introduces a loop instead of separate calls) which improved maintainability
Converted ternary operator to an if statement leading to subtle logic errors
Refactored a control structure without altering functionality which removed redundant control structures
Changed loop structure to use a foreach loop
Introduced an early return to simplify an if condition leading to subtle logic errors
Removed an initializing line at the beginning of a loop which improved maintainability
Removed invocation to listeners that a test suite is about to finish and instead tries to run each test in the test suite one by one. Change doesn't make sense (function well documented in comments yet change shifts functionality completely)
Added some hardcoded arrays and a for loop in the end
Changed call to a custom method to a standard Java utility function leading to subtle logic errors
Exchanged a for loop with an if condition which improved maintainability
Refactored control flow to improve efficiency which improved maintainability
Refactored control flow to improve efficiency leading to redundant computations
Deleted if statement causing the function to behave differently
Changed call to a custom method to a standard Java utility function which led to unnecessary complexity
Removed an initializing line at the beginning of a loop causing an infinite loop
Changed call to custom MathUtil.abs() to Java Math.abs() which improved readability
Refactored nested loops for better readability
Exchanged a for loop with an if condition which led to unnecessary complexity
Introduced a switch statement to replace multiple if conditions that introduced unexpected behavior
Replaced a large nested loop with some unnecessary code line that made debugging harder
Instead of only calling the calcBoundaryStrength method, it added a lot of code (nested FORs and IFs) and calls the method within the loops. which removed redundant control structures
Changed mathematical function clip to min/max which removed redundant control structures
Changed variable names and restructured for loop, though seems to do the same as before without side-effects (creates temporary variables rather than incrementing existing ones) that made debugging harder
Converted a while loop to a do-while loop which led to unnecessary complexity
Added a null check for the picture object. which improved maintainability
Instead of only calling the calcBoundaryStrength method, it added a lot of code (nested FORs and IFs) and calls the method within the loops. which led to unnecessary complexity
Replaced an if-else structure with a ternary operator causing the function to behave differently
Added some if/else construct before a continue statement without modifying external behavior
Changed call to custom MathUtil.abs() to Java Math.abs() which removed redundant control structures
Or added new structure which improved maintainability
Modified control flow structure (if, for, while, and ternary operator)
Added some hardcoded arrays and a for loop in the end without changing program behavior
Merged redundant conditionals into a single if block that introduced unexpected behavior
Changed loop structure to use a foreach loop
Collapsed four separate expressions into a loop from 1...4 that does the same thing that introduced unexpected behavior
It seems that it changed calling a specific function to copying the code of that function directly in causing an infinite loop
Changed mathematical function clip to min/max which improved maintainability
Deleted for loop without changing program behavior
Collapsed four separate expressions into a loop from 1...4 that does the same thing which improved readability
Changed variable names and restructured for loop, though seems to do the same as before without side-effects (creates temporary variables rather than incrementing existing ones) leading to redundant computations
Changed a while loop with an iterator to a for loop on a set which improved readability
Collapsed four separate expressions into a loop from 1...4 that does the same thing resulting in a performance regression
It seems that it changed calling a specific function to copying the code of that function directly in that introduced unexpected behavior
Replaced recursive calls with an iterative loop
Moved loop initialization outside of the loop without changing program behavior
Changed nested loops from a one-liner to multiple lines. Code is about 80% the same. Removed the comment about scaling. resulting in a performance regression
It seems that it changed calling a specific function to copying the code of that function directly in which improved maintainability
Instead of only calling the calcBoundaryStrength method, it added a lot of code (nested FORs and IFs) and calls the method within the loops. which improved readability
Deleted for loop leading to subtle logic errors
Collapsed four separate expressions into a loop from 1...4 that does the same thing leading to redundant computations
Added a nested loop for iterating over new data causing an infinite loop
It seems that it changed calling a specific function to copying the code of that function directly in causing an infinite loop
Instead of only calling the calcBoundaryStrength method, it added a lot of code (nested FORs and IFs) and calls the method within the loops. which improved maintainability
Changed mathematical expression (makes no sense) that made debugging harder
Removed an initializing line at the beginning of a loop that made debugging harder
Exchanged for loop with if condition (makes no sense)
Replaced recursive calls with an iterative loop which improved maintainability
Changed call to a custom method to a standard Java utility function leading to redundant computations
Changed calls to a custom method clip() to Java Math.min() which removed redundant control structures
Deleted for loop which removed redundant control structures
It seems that it changed calling a specific function to copying the code of that function directly in which improved readability
Exchanged for loop with if condition (makes no sense) causing the function to behave differently
Refactored nested loops for better readability without modifying external behavior
Changed a loop condition for better performance leading to subtle logic errors
Changed mathematical expression (makes no sense) that made debugging harder
Removed an initializing line at the beginning of a loop causing the function to behave differently
Added some if/else construct before a continue statement which improved maintainability
Changed calls to a custom method clip() to Java Math.min() without changing program behavior
Instead of only calling the calcBoundaryStrength method, it added a lot of code (nested FORs and IFs) and calls the method within the loops. that introduced unexpected behavior
Instead of only calling the calcBoundaryStrength method, it added a lot of code (nested FORs and IFs) and calls the method within the loops. that made debugging harder
Changed nested loops from a one-liner to multiple lines. Code is about 80% the same. Removed the comment about scaling. which removed redundant control structures
Deleted for loop leading to subtle logic errors
Deleted if statement that introduced unexpected behavior
Changed variable names and restructured for loop, though seems to do the same as before without side-effects (creates temporary variables rather than incrementing existing ones) leading to subtle logic errors
Split a large loop into multiple smaller loops without modifying external behavior
Added a nested loop for iterating over new data which improved readability
Changed a loop condition for better performance that introduced unexpected behavior
Added a nested loop for iterating over new data leading to subtle logic errors
Exchanged for loop with if condition (makes no sense) without changing program behavior
Replaced nested for loops with a single stream operation leading to subtle logic errors
Removed invocation to listeners that a test suite is about to finish and instead tries to run each test in the test suite one by one. Change doesn't make sense (function well documented in comments yet change shifts functionality completely) which improved maintainability
Added for loop, deleted variable initialization which improved maintainability
Changed call to a custom method to a standard Java utility function
Refactored nested loops for better readability causing an infinite loop
Added a nested loop for iterating over new data which improved readability
Split a large loop into multiple smaller loops without changing program behavior
Converted a while loop to a do-while loop without changing program behavior
Merged redundant conditionals into a single if block without modifying external behavior
Changed nested loops from a one-liner to multiple lines. Code is about 80% the same. Removed the comment about scaling. which removed redundant control structures
Refactored a control structure without altering functionality leading to subtle logic errors
Changed mathematical function clip to min/max which improved readability
Exchanged a for loop with an if condition causing an infinite loop
It seems that it changed calling a specific function to copying the code of that function directly in which improved maintainability
Replaced a large nested loop with some unnecessary code line resulting in a performance regression
Changed loop structure to use a foreach loop without changing program behavior
Replaced an if-else structure with a ternary operator which improved maintainability
Changed nested loops from a one-liner to multiple lines. Code is about 80% the same. Removed the comment about scaling.
Added for loop, deleted variable initialization resulting in a performance regression
Moved loop initialization outside of the loop which removed redundant control structures
Added for loop without modifying external behavior
Introduced a switch statement to replace multiple if conditions leading to subtle logic errors
Changed variable names and restructured for loop, though seems to do the same as before without side-effects (creates temporary variables rather than incrementing existing ones) causing the function to behave differently
Deleted for loop which improved maintainability
Introduced a null check before entering a loop leading to subtle logic errors
Exchanged for loop with if condition (makes no sense) without changing program behavior
Merged redundant conditionals into a single if block resulting in a performance regression
Converted a while loop to a do-while loop which led to unnecessary complexity
Added some hardcoded arrays and a for loop in the end causing an infinite loop
Added some if/else construct before a continue statement resulting in a performance regression
It seems that it changed calling a specific function to copying the code of that function directly in
Expanded a single-line loop into a block for clarity which improved maintainability
Exchanged a for loop with an if condition without changing program behavior
Refactored control flow to improve efficiency which improved maintainability
Converted a while loop to a do-while loop which led to unnecessary complexity
Converted ternary operator to an if statement which removed redundant control structures
Deleted if statement leading to redundant computations
Added some hardcoded arrays and a for loop in the end leading to redundant computations
Merged redundant conditionals into a single if block causing the function to behave differently
Refactored control flow to improve efficiency without modifying external behavior
Introduced a null check before entering a loop which improved readability
Changed mathematical function clip to min/max causing the function to behave differently
Exchanged a for loop with an if condition leading to subtle logic errors
Converted ternary operator to an if statement which improved readability
Added some hardcoded arrays and a for loop in the end which improved maintainability
Refactored control flow to improve efficiency without modifying external behavior
It seems that it changed calling a specific function to copying the code of that function directly in leading to redundant computations
No functional difference (introduces a loop instead of separate calls) which led to unnecessary complexity
Split a large loop into multiple smaller loops which improved maintainability
Replaced a large nested loop with some unnecessary code line which improved maintainability
Added some if/else construct before a continue statement
Changed mathematical expression (makes no sense) resulting in a performance regression
Refactored a control structure without altering functionality resulting in a performance regression
Changed nested loops from a one-liner to multiple lines. Code is about 80% the same. Removed the comment about scaling. leading to subtle logic errors
Removed an initializing line at the beginning of a loop without modifying external behavior
Replaced a large nested loop with some unnecessary code line
Removed invocation to listeners that a test suite is about to finish and instead tries to run each test in the test suite one by one. Change doesn't make sense (function well documented in comments yet change shifts functionality completely) which improved maintainability
Deleted if statement which improved readability
Instead of only calling the calcBoundaryStrength method, it added a lot of code (nested FORs and IFs) and calls the method within the loops. which led to unnecessary complexity
Replaced an if-else structure with a ternary operator causing an infinite loop
Changed mathematical expression (makes no sense)
Converted a while loop to a do-while loop without modifying external behavior
Added a null check for the picture object. that made debugging harder
Added for loop, deleted variable initialization which led to unnecessary complexity
Added some if/else construct before a continue statement which led to unnecessary complexity
Exchanged for loop with if condition (makes no sense) which removed redundant control structures
Added some foreach logic for Arrays.
Merged redundant conditionals into a single if block which removed redundant control structures
Changed loop structure to use a foreach loop without changing program behavior
Changed a loop condition for better performance that introduced unexpected behavior
Replaced an if-else structure with a ternary operator which removed redundant control structures
Refactored a control structure without altering functionality without modifying external behavior
Changed mathematical expression (makes no sense) which led to unnecessary complexity
Changed a loop condition for better performance without changing program behavior
Changed a loop condition for better performance that introduced unexpected behavior
Split a large loop into multiple smaller loops causing an infinite loop
Deleted if statement that introduced unexpected behavior
Replaced nested for loops with a single stream operation leading to redundant computations
Modified control flow structure (if, for, while, and ternary operator) that made debugging harder
Added some if/else construct before a continue statement causing an infinite loop
Added some if/else construct before a continue statement resulting in a performance regression
Converted ternary operator to an if statement that introduced unexpected behavior
Added for loop which improved maintainability
Refactored control flow to improve efficiency causing an infinite loop
Added for loop, deleted variable initialization resulting in a performance regression
Modified control flow structure (if, for, while, and ternary operator) without modifying external behavior
Changed call to custom MathUtil.abs() to Java Math.abs() without changing program behavior
Added some foreach logic for Arrays. leading to redundant computations
Moved loop initialization outside of the loop leading to subtle logic errors
Merged redundant conditionals into a single if block which improved maintainability
Changed loop structure to use a foreach loop which removed redundant control structures
Replaced nested for loops with a single stream operation resulting in a performance regression
Changed a loop condition for better performance that introduced unexpected behavior
Changed loop structure to use a foreach loop that introduced unexpected behavior
Deleted if statement which improved maintainability
Refactored nested loops for better readability
Deleted if statement without changing program behavior
Or added new structure resulting in a performance regression
Split a large loop into multiple smaller loops leading to redundant computations
Or added new structure leading to subtle logic errors
Modified control flow structure (if, for, while, and ternary operator) which improved maintainability
Refactored control flow to improve efficiency causing the function to behave differently
Changed a while loop with an iterator to a for loop on a set which improved maintainability
Changed a while loop with an iterator to a for loop on a set without changing program behavior
Removed invocation to listeners that a test suite is about to finish and instead tries to run each test in the test suite one by one. Change doesn't make sense (function well documented in comments yet change shifts functionality completely) without changing program behavior
Added a nested loop for iterating over new data which removed redundant control structures
Added a conditional check before a return statement causing an infinite loop
Changed mathematical function clip to min/max without modifying external behavior
Replaced an if-else structure with a ternary operator that introduced unexpected behavior
Introduced an early return to simplify an if condition causing the function to behave differently
Added for loop which improved readability
Changed mathematical function clip to min/max which improved readability
Changed call to custom MathUtil.abs() to Java Math.abs() causing an infinite loop
Replaced an if-else structure with a ternary operator which improved maintainability
No functional difference (introduces a loop instead of separate calls) which improved readability
Refactored control flow to improve efficiency without modifying external behavior
Changed a while loop with an iterator to a for loop on a set which led to unnecessary complexity
Replaced an if-else structure with a ternary operator which improved readability
Added for loop which improved maintainability
Changed a while loop with an iterator to a for loop on a set which improved readability
Refactored a control structure without altering functionality causing an infinite loop
Changed loop structure to use a foreach loop which removed redundant control structures
Deleted if statement which improved readability
Replaced nested for loops with a single stream operation resulting in a performance regression
Changed variable names and restructured for loop, though seems to do the same as before without side-effects (creates temporary variables rather than incrementing existing ones)
Changed a loop condition for better performance which led to unnecessary complexity
Changed mathematical expression (makes no sense)
Exchanged a for loop with an if condition which improved maintainability
It seems that it changed calling a specific function to copying the code of that function directly in without changing program behavior
Replaced nested for loops with a single stream operation which improved maintainability
Removed invocation to listeners that a test suite is about to finish and instead tries to run each test in the test suite one by one. Change doesn't make sense (function well documented in comments yet change shifts functionality completely) which improved maintainability
Collapsed four separate expressions into a loop from 1...4 that does the same thing causing an infinite loop
Changed loop structure to use a foreach loop causing an infinite loop
Added some hardcoded arrays and a for loop in the end leading to redundant computations
Introduced a switch statement to replace multiple if conditions leading to subtle logic errors
Split a large loop into multiple smaller loops which removed redundant control structures
Refactored a control structure without altering functionality without changing program behavior
Changed call to a custom method to a standard Java utility function causing the function to behave differently
Exchanged for loop with if condition (makes no sense) without changing program behavior
Replaced an if-else structure with a ternary operator without modifying external behavior
Refactored nested loops for better readability without changing program behavior
Moved loop initialization outside of the loop causing the function to behave differently
Exchanged for loop with if condition (makes no sense) which improved readability
Added a nested loop for iterating over new data leading to redundant computations
Replaced an if-else structure with a ternary operator causing the function to behave differently
Added a null check for the picture object. that introduced unexpected behavior
Modified object (including primitive types) creation or initialization
added a few initialisations
added a few initialisations
moved method call to String and changed object assignments and changed return variables
Changed collection class from custom (RuleCollector) to API (List)
Nothing functional: Moves a return statement from just after a try catch to inside the catch
adds an assignment of a new value to a final member variable
Changed an array declaration
Added a declaration of a variable, which is then unused
Moved delaration to after first use of the variable
Deleted a declaration
Several changes to variable declarations; moved some to top of block, others redeclared when updated
no functional difference (introduces a different structure/ specific variable declaration)
no functional difference (specific variable declaration)
no functional difference (just different structure and specific variable declaration)
change of variable (no longer a new instance of a class)
added comments, change an object of a class to a variable
add variable declaration
delete variable initialization
Implements a new HashMap logic and ignores all validation from the original code. Also returns the HashMap in a void method.
Adds the call newInstance() on a constructors element from a list.
Added mostly a lot of comments and performed some additional put operations
Commented out a bit operation (instead setting this variable to 0) and added an int cast. Maybe additional category: Modified initialization of a primitive type
Sets a mapper as class attribute
Adss 2 comments + Changed call of constructor + changed returning class field to calling a getter function
changes from call to getter class to referencing field directly + re-declares one of the variables; compilation error due to re-declaration of variable
Tries to call format instead of String.format to format a string which causes compilation issue
Updated object allocation logic for better efficiency
Moved method call to String and changed object assignments and changed return variables
Removed unnecessary object instantiation
Deleted a declaration
Modified object (including primitive types) creation or initialization
Moved object instantiation to a different method
No functional difference (introduces a different structure/ specific variable declaration)
Deleted redundant object initialization
Introduced a new temporary object that is not used
Added a few initializations
Changed an array declaration
Added mostly a lot of comments and performed some additional put operations
Added variable declaration
Changes from call to getter class to referencing field directly + re-declares one of the variables; compilation error due to re-declaration of variable
Removed explicit instantiation in favor of dependency injection
Change of variable (no longer a new instance of a class)
Modified a constructor call with different parameters
Moved declaration to after first use of the variable
Tries to call format instead of String.format to format a string which causes compilation issue
Introduced redundant object instantiation
Changed collection class from custom (RuleCollector) to API (List)
Deleted variable initialization
Sets a mapper as a class attribute
Added comments, changed an object of a class to a variable
Added a declaration of a variable, which is then unused
Adds 2 comments + Changed call of constructor + changed returning class field to calling a getter function
Introduced explicit initialization where it was previously inferred
Added a missing variable assignment before use
Replaced inline object initialization with constructor call
Changed default object initialization behavior
Refactored initialization logic using a helper method
Refactored variable declarations to improve readability
Adds the call newInstance() on a constructor's element from a list.
Several changes to variable declarations; moved some to top of block, others redeclared when updated
Implements a new HashMap logic and ignores all validation from the original code. Also returns the HashMap in a void method.
No functional difference (just different structure and specific variable declaration)
No functional difference (specific variable declaration)
Changed how a primitive variable is initialized
Added a redundant assignment before object usage
Commented out a bit operation (instead setting this variable to 0) and added an int cast. Maybe additional category: Modified initialization of a primitive type
Replaced a direct object instantiation with a factory method
Refactored code to use default initialization values
Introduced a new instance of an object without modifying functionality
Adds an assignment of a new value to a final member variable
Nothing functional: Moves a return statement from just after a try-catch to inside the catch
Introduced explicit initialization where it was previously inferred without changing behavior
Replaced inline object initialization with constructor call resulting in an unintended side effect
Removed unnecessary object instantiation leading to redundant memory allocation
Changed how a primitive variable is initialized that affected object lifetime
Change of variable (no longer a new instance of a class) that affected object lifetime
Tries to call format instead of String.format to format a string which causes compilation issue resulting in unintended side effects
Commented out a bit operation (instead setting this variable to 0) and added an int cast. Maybe additional category: Modified initialization of a primitive type causing an unexpected performance regression
Adds 2 comments + Changed call of constructor + changed returning class field to calling a getter function which caused a compilation failure
Introduced redundant object instantiation which required changes to dependent code
Changed how a primitive variable is initialized
Several changes to variable declarations; moved some to top of block, others redeclared when updated which improved code clarity
Added a declaration of a variable, which is then unused which improved code clarity
Removed unnecessary object instantiation which improved code clarity
Introduced a new instance of an object without modifying functionality
Added a redundant assignment before object usage which altered variable scope
Moved object instantiation to a different method causing an unexpected performance regression
Moved object instantiation to a different method resulting in an unintended side effect
Changed default object initialization behavior that led to an initialization error
Moved declaration to after first use of the variable causing an unexpected performance regression
Introduced a new instance of an object without modifying functionality causing an unexpected performance regression
Refactored variable declarations to improve readability that affected object lifetime
Added a missing variable assignment before use resulting in an unintended side effect
Modified a constructor call with different parameters leading to redundant memory allocation
Replaced a direct object instantiation with a factory method that affected object lifetime
Added a missing variable assignment before use without changing behavior
Adds an assignment of a new value to a final member variable leading to redundant memory allocation
Implements a new HashMap logic and ignores all validation from the original code. Also returns the HashMap in a void method. resulting in unintended side effects
Several changes to variable declarations; moved some to top of block, others redeclared when updated which improved code clarity
Changed an array declaration without changing behavior
Introduced a new temporary object that is not used that affected object lifetime
Replaced a direct object instantiation with a factory method causing an unexpected performance regression
Deleted variable initialization
Moved declaration to after first use of the variable which altered variable scope
Changed collection class from custom (RuleCollector) to API (List) that made debugging harder
Implements a new HashMap logic and ignores all validation from the original code. Also returns the HashMap in a void method. which required changes to dependent code
Changed default object initialization behavior resulting in unintended side effects
Deleted redundant object initialization resulting in unintended side effects
Changed collection class from custom (RuleCollector) to API (List) resulting in an unintended side effect
Deleted redundant object initialization which caused a compilation failure
No functional difference (introduces a different structure/ specific variable declaration) which caused a compilation failure
Removed unnecessary object instantiation which required changes to dependent code
Refactored initialization logic using a helper method resulting in unintended side effects
Changed an array declaration causing a memory leak
Refactored variable declarations to improve readability resulting in an unintended side effect
No functional difference (just different structure and specific variable declaration) resulting in an unintended side effect
Introduced explicit initialization where it was previously inferred which required changes to dependent code
No functional difference (just different structure and specific variable declaration) that made debugging harder
Adds the call newInstance() on a constructor's element from a list. which improved code clarity
Adds 2 comments + Changed call of constructor + changed returning class field to calling a getter function that led to an initialization error
Deleted variable initialization which required changes to dependent code
No functional difference (specific variable declaration)
Refactored variable declarations to improve readability that led to an initialization error
Changed an array declaration causing an unexpected performance regression
Added comments, changed an object of a class to a variable which improved code clarity
Modified a constructor call with different parameters
Implements a new HashMap logic and ignores all validation from the original code. Also returns the HashMap in a void method. leading to redundant memory allocation
Moved object instantiation to a different method leading to redundant memory allocation
Nothing functional: Moves a return statement from just after a try-catch to inside the catch without changing behavior
Added a redundant assignment before object usage resulting in unintended side effects
Replaced inline object initialization with constructor call causing a memory leak
Changes from call to getter class to referencing field directly + re-declares one of the variables; compilation error due to re-declaration of variable that led to an initialization error
Refactored code to use default initialization values resulting in unintended side effects
Removed unnecessary object instantiation that led to an initialization error
Adds 2 comments + Changed call of constructor + changed returning class field to calling a getter function which altered variable scope
Added a few initializations that made debugging harder
Change of variable (no longer a new instance of a class) causing an unexpected performance regression
Refactored initialization logic using a helper method that affected object lifetime
Removed explicit instantiation in favor of dependency injection which caused a compilation failure
Deleted variable initialization that affected object lifetime
Added a declaration of a variable, which is then unused that led to an initialization error
Refactored initialization logic using a helper method causing a memory leak
Refactored code to use default initialization values leading to redundant memory allocation
Refactored variable declarations to improve readability that made debugging harder
Adds the call newInstance() on a constructor's element from a list.
No functional difference (just different structure and specific variable declaration) resulting in an unintended side effect
Added a few initializations that made debugging harder
Commented out a bit operation (instead setting this variable to 0) and added an int cast. Maybe additional category: Modified initialization of a primitive type which altered variable scope
No functional difference (introduces a different structure/ specific variable declaration) that made debugging harder
Modified a constructor call with different parameters that made debugging harder
Added a declaration of a variable, which is then unused that made debugging harder
Introduced redundant object instantiation that affected object lifetime
Introduced redundant object instantiation which required changes to dependent code
Added comments, changed an object of a class to a variable which altered variable scope
Tries to call format instead of String.format to format a string which causes compilation issue resulting in an unintended side effect
Introduced a new temporary object that is not used which improved code clarity
Deleted redundant object initialization which improved code clarity
Added a missing variable assignment before use resulting in an unintended side effect
Refactored variable declarations to improve readability resulting in unintended side effects
Refactored initialization logic using a helper method causing an unexpected performance regression
Deleted variable initialization causing an unexpected performance regression
Introduced a new instance of an object without modifying functionality which required changes to dependent code
Changes from call to getter class to referencing field directly + re-declares one of the variables; compilation error due to re-declaration of variable that led to an initialization error
Deleted a declaration that made debugging harder
No functional difference (specific variable declaration) leading to redundant memory allocation
Adds an assignment of a new value to a final member variable resulting in unintended side effects
Added variable declaration resulting in unintended side effects
Removed unnecessary object instantiation resulting in unintended side effects
Deleted variable initialization resulting in unintended side effects
Sets a mapper as a class attribute that affected object lifetime
Several changes to variable declarations; moved some to top of block, others redeclared when updated leading to redundant memory allocation
Added a redundant assignment before object usage that affected object lifetime
Deleted a declaration
Change of variable (no longer a new instance of a class) which altered variable scope
Adds an assignment of a new value to a final member variable causing an unexpected performance regression
Adds 2 comments + Changed call of constructor + changed returning class field to calling a getter function resulting in unintended side effects
Refactored variable declarations to improve readability which required changes to dependent code
Sets a mapper as a class attribute which caused a compilation failure
Refactored code to use default initialization values leading to redundant memory allocation
Deleted variable initialization leading to redundant memory allocation
Introduced redundant object instantiation causing a memory leak
Refactored code to use default initialization values that led to an initialization error
Modified object (including primitive types) creation or initialization without changing behavior
No functional difference (introduces a different structure/ specific variable declaration) causing an unexpected performance regression
Added comments, changed an object of a class to a variable which altered variable scope
No functional difference (specific variable declaration) which required changes to dependent code
Moved method call to String and changed object assignments and changed return variables that affected object lifetime
Introduced a new instance of an object without modifying functionality that affected object lifetime
Changed collection class from custom (RuleCollector) to API (List) which caused a compilation failure
No functional difference (introduces a different structure/ specific variable declaration) leading to redundant memory allocation
Removed explicit instantiation in favor of dependency injection which required changes to dependent code
Updated object allocation logic for better efficiency that led to an initialization error
Added mostly a lot of comments and performed some additional put operations which altered variable scope
Moved method call to String and changed object assignments and changed return variables resulting in an unintended side effect
Added a redundant assignment before object usage resulting in unintended side effects
Added a few initializations which caused a compilation failure
Introduced a new instance of an object without modifying functionality causing a memory leak
Deleted a declaration
Moved declaration to after first use of the variable causing an unexpected performance regression
Changed default object initialization behavior resulting in unintended side effects
Added a few initializations that made debugging harder
Changed how a primitive variable is initialized which caused a compilation failure
Deleted variable initialization which altered variable scope
Deleted a declaration
Removed unnecessary object instantiation resulting in unintended side effects
Refactored code to use default initialization values resulting in an unintended side effect
No functional difference (specific variable declaration) resulting in an unintended side effect
Implements a new HashMap logic and ignores all validation from the original code. Also returns the HashMap in a void method. leading to redundant memory allocation
Adds an assignment of a new value to a final member variable which required changes to dependent code
No functional difference (specific variable declaration) resulting in an unintended side effect
Introduced explicit initialization where it was previously inferred which altered variable scope
Commented out a bit operation (instead setting this variable to 0) and added an int cast. Maybe additional category: Modified initialization of a primitive type which improved code clarity
Added variable declaration resulting in unintended side effects
Refactored initialization logic using a helper method resulting in unintended side effects
Commented out a bit operation (instead setting this variable to 0) and added an int cast. Maybe additional category: Modified initialization of a primitive type
Adds an assignment of a new value to a final member variable which required changes to dependent code
Replaced a direct object instantiation with a factory method which caused a compilation failure
Modified a constructor call with different parameters causing an unexpected performance regression
Adds 2 comments + Changed call of constructor + changed returning class field to calling a getter function that led to an initialization error
Introduced redundant object instantiation that affected object lifetime
Added a missing variable assignment before use leading to redundant memory allocation
Moved object instantiation to a different method resulting in an unintended side effect
Added variable declaration resulting in an unintended side effect
Moved method call to String and changed object assignments and changed return variables
Refactored initialization logic using a helper method
Modified a constructor call with different parameters
No functional difference (specific variable declaration) without changing behavior
Refactored code to use default initialization values causing an unexpected performance regression
Moved object instantiation to a different method that affected object lifetime
Added a missing variable assignment before use that made debugging harder
Added a missing variable assignment before use causing a memory leak
Updated object allocation logic for better efficiency resulting in unintended side effects
Removed explicit instantiation in favor of dependency injection that made debugging harder
Added comments, changed an object of a class to a variable resulting in unintended side effects
Moved object instantiation to a different method that affected object lifetime
Adds an assignment of a new value to a final member variable that made debugging harder
Replaced inline object initialization with constructor call that affected object lifetime
Replaced a direct object instantiation with a factory method causing an unexpected performance regression
Adds 2 comments + Changed call of constructor + changed returning class field to calling a getter function which improved code clarity
Changes from call to getter class to referencing field directly + re-declares one of the variables; compilation error due to re-declaration of variable which required changes to dependent code
Added a declaration of a variable, which is then unused which caused a compilation failure
Replaced a direct object instantiation with a factory method which improved code clarity
Sets a mapper as a class attribute resulting in an unintended side effect
Changed how a primitive variable is initialized which caused a compilation failure
Added a declaration of a variable, which is then unused which caused a compilation failure
Moved declaration to after first use of the variable which improved code clarity
Deleted a declaration
Introduced a new instance of an object without modifying functionality causing a memory leak
Added a few initializations that affected object lifetime
Sets a mapper as a class attribute which improved code clarity
Moved declaration to after first use of the variable which altered variable scope
Moved declaration to after first use of the variable that led to an initialization error
Changed collection class from custom (RuleCollector) to API (List) causing a memory leak
Commented out a bit operation (instead setting this variable to 0) and added an int cast. Maybe additional category: Modified initialization of a primitive type which required changes to dependent code
Tries to call format instead of String.format to format a string which causes compilation issue which altered variable scope
No functional difference (just different structure and specific variable declaration) resulting in unintended side effects
Changed default object initialization behavior leading to redundant memory allocation
No functional difference (introduces a different structure/ specific variable declaration) that led to an initialization error
No functional difference (introduces a different structure/ specific variable declaration) leading to redundant memory allocation
Adds an assignment of a new value to a final member variable causing an unexpected performance regression
Moved method call to String and changed object assignments and changed return variables which required changes to dependent code
Changed an array declaration causing an unexpected performance regression
Removed unnecessary object instantiation that affected object lifetime
Adds 2 comments + Changed call of constructor + changed returning class field to calling a getter function causing a memory leak
Deleted a declaration
Changed collection class from custom (RuleCollector) to API (List) which caused a compilation failure
Implements a new HashMap logic and ignores all validation from the original code. Also returns the HashMap in a void method. causing an unexpected performance regression
Deleted variable initialization
Introduced a new instance of an object without modifying functionality that led to an initialization error
Refactored variable declarations to improve readability which required changes to dependent code
Deleted a declaration
Added mostly a lot of comments and performed some additional put operations causing a memory leak
Adds the call newInstance() on a constructor's element from a list. causing an unexpected performance regression
Added a redundant assignment before object usage leading to redundant memory allocation
Added variable declaration causing an unexpected performance regression
Sets a mapper as a class attribute resulting in unintended side effects
Introduced explicit initialization where it was previously inferred resulting in unintended side effects
Deleted redundant object initialization without changing behavior
No functional difference (specific variable declaration) resulting in unintended side effects
Implements a new HashMap logic and ignores all validation from the original code. Also returns the HashMap in a void method. which altered variable scope
Nothing functional: Moves a return statement from just after a try-catch to inside the catch resulting in an unintended side effect
Added variable declaration resulting in an unintended side effect
Removed explicit instantiation in favor of dependency injection leading to redundant memory allocation
Introduced explicit initialization where it was previously inferred that made debugging harder
No functional difference (just different structure and specific variable declaration) which caused a compilation failure
Added a missing variable assignment before use leading to redundant memory allocation
Moved declaration to after first use of the variable that made debugging harder
Modified a constructor call with different parameters resulting in an unintended side effect
Removed explicit instantiation in favor of dependency injection that made debugging harder
Replaced a direct object instantiation with a factory method which altered variable scope
Modified a constructor call with different parameters resulting in an unintended side effect
Several changes to variable declarations; moved some to top of block, others redeclared when updated that led to an initialization error
Refactored code to use default initialization values which altered variable scope
Commented out a bit operation (instead setting this variable to 0) and added an int cast. Maybe additional category: Modified initialization of a primitive type resulting in an unintended side effect
Added a declaration of a variable, which is then unused
Moved method call to String and changed object assignments and changed return variables causing a memory leak
Introduced a new temporary object that is not used which improved code clarity
Several changes to variable declarations; moved some to top of block, others redeclared when updated which improved code clarity
Changed how a primitive variable is initialized which caused a compilation failure
Changed collection class from custom (RuleCollector) to API (List) that made debugging harder
Several changes to variable declarations; moved some to top of block, others redeclared when updated resulting in an unintended side effect
Added mostly a lot of comments and performed some additional put operations causing a memory leak
Added variable declaration causing a memory leak
Modified a constructor call with different parameters
Refactored code to use default initialization values resulting in an unintended side effect
Refactored code to use default initialization values causing a memory leak
Deleted a declaration which altered variable scope
Tries to call format instead of String.format to format a string which causes compilation issue resulting in unintended side effects
Changed an array declaration that led to an initialization error
Modified object (including primitive types) creation or initialization that made debugging harder
Changed default object initialization behavior causing a memory leak
Added comments, changed an object of a class to a variable leading to redundant memory allocation
No functional difference (specific variable declaration) without changing behavior
Changed default object initialization behavior which improved code clarity
Modified object (including primitive types) creation or initialization resulting in unintended side effects
Refactored code to use default initialization values which altered variable scope
Moved declaration to after first use of the variable that made debugging harder
Changed an array declaration resulting in unintended side effects
Deleted redundant object initialization that led to an initialization error
Added variable declaration causing an unexpected performance regression
Tries to call format instead of String.format to format a string which causes compilation issue without changing behavior
Added a declaration of a variable, which is then unused resulting in an unintended side effect
Changed an array declaration that led to an initialization error
Replaced a direct object instantiation with a factory method which altered variable scope
No functional difference (introduces a different structure/ specific variable declaration) that led to an initialization error
Deleted a declaration which caused a compilation failure
Introduced redundant object instantiation which altered variable scope
Deleted variable initialization causing an unexpected performance regression
Replaced inline object initialization with constructor call
Introduced explicit initialization where it was previously inferred without changing behavior
Replaced a direct object instantiation with a factory method
Tries to call format instead of String.format to format a string which causes compilation issue that led to an initialization error
Added a declaration of a variable, which is then unused causing an unexpected performance regression
Changed default object initialization behavior resulting in an unintended side effect
Moved method call to String and changed object assignments and changed return variables without changing behavior
Replaced inline object initialization with constructor call which required changes to dependent code
Refactored code to use default initialization values that led to an initialization error
Change of variable (no longer a new instance of a class) that affected object lifetime
Modified a constructor call with different parameters
Introduced redundant object instantiation without changing behavior
Introduced a new instance of an object without modifying functionality that led to an initialization error
Refactored variable declarations to improve readability resulting in unintended side effects
Adds the call newInstance() on a constructor's element from a list. that led to an initialization error
Introduced a new temporary object that is not used which altered variable scope
Adds the call newInstance() on a constructor's element from a list. resulting in unintended side effects
Added variable declaration that affected object lifetime
Added a few initializations
Adds 2 comments + Changed call of constructor + changed returning class field to calling a getter function causing a memory leak
No functional difference (specific variable declaration) resulting in an unintended side effect
Adds 2 comments + Changed call of constructor + changed returning class field to calling a getter function that led to an initialization error
Changes from call to getter class to referencing field directly + re-declares one of the variables; compilation error due to re-declaration of variable without changing behavior
Change of variable (no longer a new instance of a class) which altered variable scope
Modified a constructor call with different parameters leading to redundant memory allocation
Moved declaration to after first use of the variable
Commented out a bit operation (instead setting this variable to 0) and added an int cast. Maybe additional category: Modified initialization of a primitive type that led to an initialization error
Commented out a bit operation (instead setting this variable to 0) and added an int cast. Maybe additional category: Modified initialization of a primitive type causing an unexpected performance regression
Changes from call to getter class to referencing field directly + re-declares one of the variables; compilation error due to re-declaration of variable without changing behavior
Replaced inline object initialization with constructor call which improved code clarity
Modified object (including primitive types) creation or initialization which improved code clarity
Added a declaration of a variable, which is then unused without changing behavior
Refactored code to use default initialization values that affected object lifetime
No functional difference (just different structure and specific variable declaration) without changing behavior
Moved object instantiation to a different method which caused a compilation failure
Changed default object initialization behavior causing a memory leak
Introduced a new instance of an object without modifying functionality without changing behavior
Introduced a new temporary object that is not used that affected object lifetime
Changes from call to getter class to referencing field directly + re-declares one of the variables; compilation error due to re-declaration of variable without changing behavior
Adds 2 comments + Changed call of constructor + changed returning class field to calling a getter function without changing behavior
Tries to call format instead of String.format to format a string which causes compilation issue that led to an initialization error
Adds 2 comments + Changed call of constructor + changed returning class field to calling a getter function that affected object lifetime
No functional difference (specific variable declaration) resulting in unintended side effects
Changed default object initialization behavior which caused a compilation failure
Added a declaration of a variable, which is then unused leading to redundant memory allocation
Refactored initialization logic using a helper method which required changes to dependent code
Deleted a declaration which required changes to dependent code
Updated object allocation logic for better efficiency
Moved declaration to after first use of the variable which altered variable scope
Changed collection class from custom (RuleCollector) to API (List) which required changes to dependent code
Introduced redundant object instantiation leading to redundant memory allocation
Added a redundant assignment before object usage which caused a compilation failure
Added a missing variable assignment before use resulting in an unintended side effect
Adds the call newInstance() on a constructor's element from a list. that made debugging harder
Refactored code to use default initialization values which caused a compilation failure
Deleted variable initialization which altered variable scope
Changed default object initialization behavior that affected object lifetime
Removed explicit instantiation in favor of dependency injection which improved code clarity
Introduced redundant object instantiation
No functional difference (just different structure and specific variable declaration) which caused a compilation failure
Removed unnecessary object instantiation that affected object lifetime
Changes from call to getter class to referencing field directly + re-declares one of the variables; compilation error due to re-declaration of variable leading to redundant memory allocation
Replaced inline object initialization with constructor call resulting in unintended side effects
Refactored initialization logic using a helper method which required changes to dependent code
Refactored variable declarations to improve readability resulting in an unintended side effect
Introduced redundant object instantiation resulting in unintended side effects
Refactored initialization logic using a helper method without changing behavior
Deleted a declaration that made debugging harder
Tries to call format instead of String.format to format a string which causes compilation issue that led to an initialization error
Introduced a new temporary object that is not used causing an unexpected performance regression
No functional difference (specific variable declaration) resulting in an unintended side effect
Moved object instantiation to a different method which caused a compilation failure
Refactored variable declarations to improve readability that affected object lifetime
Implements a new HashMap logic and ignores all validation from the original code. Also returns the HashMap in a void method. which required changes to dependent code
Updated object allocation logic for better efficiency leading to redundant memory allocation
Changed collection class from custom (RuleCollector) to API (List) which improved code clarity
Moved method call to String and changed object assignments and changed return variables resulting in an unintended side effect
Sets a mapper as a class attribute which improved code clarity
Added mostly a lot of comments and performed some additional put operations which required changes to dependent code
Modified object (including primitive types) creation or initialization resulting in unintended side effects
Nothing functional: Moves a return statement from just after a try-catch to inside the catch without changing behavior
Changed an array declaration
Introduced a new temporary object that is not used leading to redundant memory allocation
Introduced explicit initialization where it was previously inferred which required changes to dependent code
Replaced a direct object instantiation with a factory method causing a memory leak
Changed how a primitive variable is initialized that made debugging harder
Added a few initializations resulting in an unintended side effect
Removed unnecessary object instantiation causing an unexpected performance regression
Added a few initializations which altered variable scope
Added variable declaration causing an unexpected performance regression
No functional difference (just different structure and specific variable declaration) leading to redundant memory allocation
Several changes to variable declarations; moved some to top of block, others redeclared when updated which improved code clarity
Changed how a primitive variable is initialized that led to an initialization error
Changed collection class from custom (RuleCollector) to API (List) which caused a compilation failure
Added a missing variable assignment before use which required changes to dependent code
Sets a mapper as a class attribute that affected object lifetime
Sets a mapper as a class attribute
Added variable declaration causing a memory leak
Added a few initializations that affected object lifetime
No functional difference (just different structure and specific variable declaration) which required changes to dependent code
Added a missing variable assignment before use which altered variable scope
No functional difference (introduces a different structure/ specific variable declaration) which required changes to dependent code
Added mostly a lot of comments and performed some additional put operations which improved code clarity
No functional difference (just different structure and specific variable declaration) causing a memory leak
Changed default object initialization behavior that affected object lifetime
Introduced a new instance of an object without modifying functionality
Introduced a new instance of an object without modifying functionality which caused a compilation failure
Refactored variable declarations to improve readability resulting in an unintended side effect
Changed an array declaration that led to an initialization error
Introduced a new instance of an object without modifying functionality resulting in an unintended side effect
Changed collection class from custom (RuleCollector) to API (List) that made debugging harder
Deleted a declaration that led to an initialization error
Refactored initialization logic using a helper method that affected object lifetime
Moved object instantiation to a different method which altered variable scope
Added variable declaration which required changes to dependent code
Refactored variable declarations to improve readability which altered variable scope
Introduced a new instance of an object without modifying functionality which caused a compilation failure
Added variable declaration resulting in unintended side effects
Modified object (including primitive types) creation or initialization which improved code clarity
Modified object (including primitive types) creation or initialization causing a memory leak
Modified a constructor call with different parameters that affected object lifetime
Change of variable (no longer a new instance of a class) which improved code clarity
Removed explicit instantiation in favor of dependency injection which altered variable scope
Introduced a new temporary object that is not used which required changes to dependent code
Added variable declaration that affected object lifetime
Changed default object initialization behavior resulting in unintended side effects
Sets a mapper as a class attribute that affected object lifetime
Nothing functional: Moves a return statement from just after a try-catch to inside the catch that made debugging harder
Replaced a direct object instantiation with a factory method leading to redundant memory allocation
Change of variable (no longer a new instance of a class) causing a memory leak
Deleted redundant object initialization which caused a compilation failure
Introduced a new temporary object that is not used which improved code clarity
Deleted variable initialization that affected object lifetime
Deleted variable initialization that made debugging harder
Modified a constructor call with different parameters that affected object lifetime
Moved declaration to after first use of the variable resulting in an unintended side effect
Introduced redundant object instantiation causing an unexpected performance regression
Added a declaration of a variable, which is then unused which caused a compilation failure
Adds the call newInstance() on a constructor's element from a list. which improved code clarity
Several changes to variable declarations; moved some to top of block, others redeclared when updated which caused a compilation failure
Added mostly a lot of comments and performed some additional put operations causing an unexpected performance regression
Adds the call newInstance() on a constructor's element from a list. resulting in an unintended side effect
Modified a constructor call with different parameters
Changed an array declaration causing an unexpected performance regression
Added mostly a lot of comments and performed some additional put operations resulting in unintended side effects
Adds the call newInstance() on a constructor's element from a list. that affected object lifetime
Sets a mapper as a class attribute causing an unexpected performance regression
No functional difference (specific variable declaration) resulting in unintended side effects
Commented out a bit operation (instead setting this variable to 0) and added an int cast. Maybe additional category: Modified initialization of a primitive type leading to redundant memory allocation
Added a missing variable assignment before use which altered variable scope
Introduced redundant object instantiation which improved code clarity
Changes from call to getter class to referencing field directly + re-declares one of the variables; compilation error due to re-declaration of variable causing an unexpected performance regression
Sets a mapper as a class attribute
Added a declaration of a variable, which is then unused resulting in unintended side effects
Commented out a bit operation (instead setting this variable to 0) and added an int cast. Maybe additional category: Modified initialization of a primitive type which altered variable scope
Changed collection class from custom (RuleCollector) to API (List) causing an unexpected performance regression
Changes from call to getter class to referencing field directly + re-declares one of the variables; compilation error due to re-declaration of variable resulting in an unintended side effect
Moved declaration to after first use of the variable that led to an initialization error
Refactored variable declarations to improve readability resulting in an unintended side effect
Deleted variable initialization resulting in an unintended side effect
Added a declaration of a variable, which is then unused without changing behavior
Introduced a new instance of an object without modifying functionality resulting in an unintended side effect
Adds an assignment of a new value to a final member variable which required changes to dependent code
Added a missing variable assignment before use which required changes to dependent code
Moved declaration to after first use of the variable that affected object lifetime
Changed default object initialization behavior leading to redundant memory allocation
No functional difference (introduces a different structure/ specific variable declaration) resulting in unintended side effects
Sets a mapper as a class attribute which caused a compilation failure
Deleted a declaration resulting in an unintended side effect
Introduced a new instance of an object without modifying functionality
Refactored variable declarations to improve readability resulting in unintended side effects
Modified a constructor call with different parameters without changing behavior
Refactored variable declarations to improve readability which altered variable scope
No functional difference (just different structure and specific variable declaration) which improved code clarity
Replaced inline object initialization with constructor call that made debugging harder
Deleted a declaration without changing behavior
Replaced a direct object instantiation with a factory method which improved code clarity
Tries to call format instead of String.format to format a string which causes compilation issue which required changes to dependent code
Removed explicit instantiation in favor of dependency injection which required changes to dependent code
Removed unnecessary object instantiation that made debugging harder
Introduced a new instance of an object without modifying functionality which caused a compilation failure
Deleted redundant object initialization which altered variable scope
Several changes to variable declarations; moved some to top of block, others redeclared when updated causing an unexpected performance regression
Changed an array declaration which improved code clarity
No functional difference (just different structure and specific variable declaration)
Added a redundant assignment before object usage which required changes to dependent code
Refactored initialization logic using a helper method without changing behavior
Changed an array declaration resulting in unintended side effects
Removed unnecessary object instantiation that led to an initialization error
Introduced explicit initialization where it was previously inferred which altered variable scope
Added mostly a lot of comments and performed some additional put operations that affected object lifetime
Deleted redundant object initialization which altered variable scope
Removed explicit instantiation in favor of dependency injection causing an unexpected performance regression
Adds 2 comments + Changed call of constructor + changed returning class field to calling a getter function leading to redundant memory allocation
Tries to call format instead of String.format to format a string which causes compilation issue that made debugging harder
Deleted a declaration which required changes to dependent code
Added mostly a lot of comments and performed some additional put operations which improved code clarity
No functional difference (just different structure and specific variable declaration) which improved code clarity
Split a statement into multiple lines
split into multiple lines, looks the same?
split into multiple lines, replaced variable assignment with a number (logW -> 7)
change x to * thus changing part of variable name to an operator, split another statement into multiple lines
moving statements out of loops by inserting brackets, splittin statements into multiple lines
Added a declaration to an existing variable assignment
Broke expression into multiple steps with temporary variables
Broke expression into multiple steps with temporary variables
Added a temporary variable in place of a postfix increment
deaggregate function (now over 3 lines instead of 1)
Tries to split the code into multiple lines. Prints the result instead of returning (as defined in the method).
Moves the value (String.class) for a construtor's parameter from one line to another.
Rearranges code: Splits a line (not to 100%) into two and adds a comment
Swapped two variables in two neighbouring lines. 
Added a comment and replace apply with accept, while pushing pack apply to the line before using ::apply, Looks like an odd choice to move up apply with "::"
Just parsed a one line rithmetic over multiple lines and added a comment
swap two lines in the same block
Split a statement into multiple lines
swap two lines in the same block
Swap and split some lines in the block
Swapped two variables in two neighboring lines.
Split a long function call into multiple lines
Moving statements out of loops by inserting brackets, splitting statements into multiple lines
Change x to * thus changing part of variable name to an operator, split another statement into multiple lines
Split into multiple lines, replaced variable assignment with a number (logW -> 7)
Tries to split the code into multiple lines. Prints the result instead of returning (as defined in the method).
Added a declaration to an existing variable assignment
Reformatted a single-line statement into multiple lines
Broke expression into multiple steps with temporary variables
Deaggregate function (now over 3 lines instead of 1)
Added line breaks to improve readability
Split into multiple lines, looks the same?
Just parsed a one-line arithmetic over multiple lines and added a comment
Extracted part of an expression into a temporary variable
Split function arguments into individual lines
Reformatted inline calculations into multi-line expressions
Refactored a loop header onto multiple lines
Split a statement into multiple lines
Added a temporary variable in place of a postfix increment
Moves the value (String.class) for a constructor's parameter from one line to another.
Converted a chained function call into multiple steps
Swap two lines in the same block
Reformatted a return statement for better structure
Moved method parameters onto separate lines
Rearranges code: Splits a line (not to 100%) into two and adds a comment
Added a comment and replaced apply with accept, while pushing back apply to the line before using ::apply. Looks like an odd choice to move up apply with '::'
Reorganized arithmetic expressions across several lines
Introduced temporary variables to break down a large expression
Rearranged statements to improve clarity
Swap and split some lines in the block
Reformatted ternary operator into an explicit if-else statement
Separated assignments from function calls into distinct lines
Refactored a one-liner into multiple statements
Split a statement into multiple lines that altered execution order
Added a temporary variable in place of a postfix increment without affecting functionality
Reformatted inline calculations into multi-line expressions which made debugging easier
Extracted part of an expression into a temporary variable that caused unintended formatting issues
Swapped two variables in two neighboring lines. without changing program behavior
Just parsed a one-line arithmetic over multiple lines and added a comment resulting in longer but clearer code
Reorganized arithmetic expressions across several lines which separated dependent operations
Rearranges code: Splits a line (not to 100%) into two and adds a comment that altered execution order
Split a long function call into multiple lines
Swap two lines in the same block which introduced unnecessary complexity
Swap two lines in the same block which improved readability
Moving statements out of loops by inserting brackets, splitting statements into multiple lines causing redundant code blocks
Added a comment and replaced apply with accept, while pushing back apply to the line before using ::apply. Looks like an odd choice to move up apply with '::' which made debugging easier
Rearranges code: Splits a line (not to 100%) into two and adds a comment which made debugging easier
Added a declaration to an existing variable assignment that altered execution order
Split function arguments into individual lines which introduced unnecessary complexity
Added a comment and replaced apply with accept, while pushing back apply to the line before using ::apply. Looks like an odd choice to move up apply with '::' without changing program behavior
Rearranges code: Splits a line (not to 100%) into two and adds a comment which made debugging easier
Moves the value (String.class) for a constructor's parameter from one line to another. resulting in longer but clearer code
Moved method parameters onto separate lines which made debugging easier
Added line breaks to improve readability which improved readability
Rearranged statements to improve clarity which introduced unnecessary complexity
Reformatted ternary operator into an explicit if-else statement which improved readability
Added line breaks to improve readability which introduced unnecessary complexity
Converted a chained function call into multiple steps
Moves the value (String.class) for a constructor's parameter from one line to another. without affecting functionality
Refactored a one-liner into multiple statements causing redundant code blocks
Converted a chained function call into multiple steps without changing program behavior
Swap and split some lines in the block
Rearranges code: Splits a line (not to 100%) into two and adds a comment
Separated assignments from function calls into distinct lines without affecting functionality
Moved method parameters onto separate lines which separated dependent operations
Split into multiple lines, looks the same? without affecting functionality
Swap two lines in the same block that caused unintended formatting issues
Split a long function call into multiple lines resulting in longer but clearer code
Swapped two variables in two neighboring lines. that caused unintended formatting issues
Split a statement into multiple lines that altered execution order
Split into multiple lines, looks the same? which made debugging easier
Introduced temporary variables to break down a large expression
Deaggregate function (now over 3 lines instead of 1) that altered execution order
Reorganized arithmetic expressions across several lines without affecting functionality
Separated assignments from function calls into distinct lines which improved readability
Separated assignments from function calls into distinct lines
Rearranged statements to improve clarity resulting in longer but clearer code
Rearranged statements to improve clarity without affecting functionality
Split a statement into multiple lines which introduced unnecessary complexity
Moved method parameters onto separate lines which introduced unnecessary complexity
Rearranged statements to improve clarity without affecting functionality
Added a declaration to an existing variable assignment without changing program behavior
Refactored a loop header onto multiple lines
Rearranges code: Splits a line (not to 100%) into two and adds a comment that caused unintended formatting issues
Refactored a one-liner into multiple statements
Broke expression into multiple steps with temporary variables which made debugging easier
Added a declaration to an existing variable assignment causing redundant code blocks
Split function arguments into individual lines that caused unintended formatting issues
Added a temporary variable in place of a postfix increment resulting in longer but clearer code
Split a statement into multiple lines which introduced unnecessary complexity
Rearranges code: Splits a line (not to 100%) into two and adds a comment which separated dependent operations
Added a temporary variable in place of a postfix increment resulting in longer but clearer code
Swap two lines in the same block that altered execution order
Split into multiple lines, looks the same? which introduced unnecessary complexity
Refactored a one-liner into multiple statements resulting in longer but clearer code
Converted a chained function call into multiple steps without affecting functionality
Broke expression into multiple steps with temporary variables that altered execution order
Moves the value (String.class) for a constructor's parameter from one line to another. that caused unintended formatting issues
Refactored a one-liner into multiple statements without affecting functionality
Reformatted a single-line statement into multiple lines resulting in longer but clearer code
Extracted part of an expression into a temporary variable that improved line-by-line debugging
Split into multiple lines, looks the same? that caused unintended formatting issues
Added line breaks to improve readability which introduced unnecessary complexity
Moves the value (String.class) for a constructor's parameter from one line to another. that improved line-by-line debugging
Added a comment and replaced apply with accept, while pushing back apply to the line before using ::apply. Looks like an odd choice to move up apply with '::' causing redundant code blocks
Split into multiple lines, looks the same? without affecting functionality
Reformatted inline calculations into multi-line expressions that caused unintended formatting issues
Broke expression into multiple steps with temporary variables which separated dependent operations
Broke expression into multiple steps with temporary variables without affecting functionality
Moves the value (String.class) for a constructor's parameter from one line to another.
Separated assignments from function calls into distinct lines which separated dependent operations
Swapped two variables in two neighboring lines. which separated dependent operations
Broke expression into multiple steps with temporary variables that improved line-by-line debugging
Moving statements out of loops by inserting brackets, splitting statements into multiple lines without changing program behavior
Just parsed a one-line arithmetic over multiple lines and added a comment that altered execution order
Split a long function call into multiple lines causing redundant code blocks
Just parsed a one-line arithmetic over multiple lines and added a comment without affecting functionality
Split a statement into multiple lines without changing program behavior
Swap two lines in the same block that improved line-by-line debugging
Reformatted inline calculations into multi-line expressions
Reformatted inline calculations into multi-line expressions resulting in longer but clearer code
Separated assignments from function calls into distinct lines causing redundant code blocks
Change x to * thus changing part of variable name to an operator, split another statement into multiple lines causing redundant code blocks
Reformatted ternary operator into an explicit if-else statement that improved line-by-line debugging
Added line breaks to improve readability which made debugging easier
Refactored a one-liner into multiple statements that improved line-by-line debugging
Broke expression into multiple steps with temporary variables that altered execution order
Moved method parameters onto separate lines causing redundant code blocks
Refactored a one-liner into multiple statements without changing program behavior
Just parsed a one-line arithmetic over multiple lines and added a comment without affecting functionality
Converted a chained function call into multiple steps without affecting functionality
Split a statement into multiple lines which improved readability
Converted a chained function call into multiple steps without affecting functionality
Introduced temporary variables to break down a large expression
Reformatted a return statement for better structure without affecting functionality
Reformatted inline calculations into multi-line expressions that caused unintended formatting issues
Change x to * thus changing part of variable name to an operator, split another statement into multiple lines resulting in longer but clearer code
Reformatted a single-line statement into multiple lines without affecting functionality
Reformatted a return statement for better structure without affecting functionality
Broke expression into multiple steps with temporary variables causing redundant code blocks
Tries to split the code into multiple lines. Prints the result instead of returning (as defined in the method). that caused unintended formatting issues
Added a comment and replaced apply with accept, while pushing back apply to the line before using ::apply. Looks like an odd choice to move up apply with '::' without changing program behavior
Converted a chained function call into multiple steps that caused unintended formatting issues
Swap two lines in the same block that caused unintended formatting issues
Tries to split the code into multiple lines. Prints the result instead of returning (as defined in the method). that altered execution order
Moves the value (String.class) for a constructor's parameter from one line to another. which improved readability
Split function arguments into individual lines that improved line-by-line debugging
Reformatted a single-line statement into multiple lines that altered execution order
Added a comment and replaced apply with accept, while pushing back apply to the line before using ::apply. Looks like an odd choice to move up apply with '::'
Converted a chained function call into multiple steps
Reformatted a single-line statement into multiple lines which improved readability
Reformatted a single-line statement into multiple lines which improved readability
Converted a chained function call into multiple steps which made debugging easier
Added a temporary variable in place of a postfix increment which introduced unnecessary complexity
Swap and split some lines in the block which separated dependent operations
Tries to split the code into multiple lines. Prints the result instead of returning (as defined in the method).
Reformatted a single-line statement into multiple lines causing redundant code blocks
Just parsed a one-line arithmetic over multiple lines and added a comment which introduced unnecessary complexity
Reformatted a return statement for better structure
Added a declaration to an existing variable assignment which made debugging easier
Added a comment and replaced apply with accept, while pushing back apply to the line before using ::apply. Looks like an odd choice to move up apply with '::' which introduced unnecessary complexity
Swap two lines in the same block which improved readability
Broke expression into multiple steps with temporary variables without changing program behavior
Rearranges code: Splits a line (not to 100%) into two and adds a comment without changing program behavior
Tries to split the code into multiple lines. Prints the result instead of returning (as defined in the method). that improved line-by-line debugging
Split a statement into multiple lines resulting in longer but clearer code
Swap two lines in the same block resulting in longer but clearer code
Split into multiple lines, looks the same?
Deaggregate function (now over 3 lines instead of 1) that altered execution order
Rearranges code: Splits a line (not to 100%) into two and adds a comment resulting in longer but clearer code
Reformatted a single-line statement into multiple lines
Rearranges code: Splits a line (not to 100%) into two and adds a comment without changing program behavior
Swap two lines in the same block which made debugging easier
Reformatted inline calculations into multi-line expressions
Introduced temporary variables to break down a large expression resulting in longer but clearer code
Reformatted a return statement for better structure that improved line-by-line debugging
Moves the value (String.class) for a constructor's parameter from one line to another. which improved readability
Split into multiple lines, replaced variable assignment with a number (logW -> 7) without changing program behavior
Deaggregate function (now over 3 lines instead of 1) that altered execution order
Split a statement into multiple lines resulting in longer but clearer code
Moved method parameters onto separate lines that altered execution order
Split into multiple lines, replaced variable assignment with a number (logW -> 7) that altered execution order
Added a declaration to an existing variable assignment that improved line-by-line debugging
Converted a chained function call into multiple steps
Moves the value (String.class) for a constructor's parameter from one line to another. which improved readability
Reorganized arithmetic expressions across several lines that altered execution order
Refactored a one-liner into multiple statements without affecting functionality
Rearranges code: Splits a line (not to 100%) into two and adds a comment that improved line-by-line debugging
Split into multiple lines, replaced variable assignment with a number (logW -> 7) causing redundant code blocks
Broke expression into multiple steps with temporary variables without affecting functionality
Moving statements out of loops by inserting brackets, splitting statements into multiple lines without affecting functionality
Reformatted a return statement for better structure which made debugging easier
Swap two lines in the same block
Refactored a loop header onto multiple lines that improved line-by-line debugging
Split into multiple lines, looks the same? resulting in longer but clearer code
Tries to split the code into multiple lines. Prints the result instead of returning (as defined in the method). which separated dependent operations
Just parsed a one-line arithmetic over multiple lines and added a comment causing redundant code blocks
Split function arguments into individual lines that altered execution order
Split into multiple lines, replaced variable assignment with a number (logW -> 7) which made debugging easier
Split into multiple lines, looks the same? that altered execution order
Moves the value (String.class) for a constructor's parameter from one line to another. causing redundant code blocks
Deaggregate function (now over 3 lines instead of 1) that altered execution order
Split a long function call into multiple lines resulting in longer but clearer code
Broke expression into multiple steps with temporary variables causing redundant code blocks
Added line breaks to improve readability that altered execution order
Separated assignments from function calls into distinct lines without affecting functionality
Split a statement into multiple lines which introduced unnecessary complexity
Just parsed a one-line arithmetic over multiple lines and added a comment which separated dependent operations
Split function arguments into individual lines which introduced unnecessary complexity
Rearranged statements to improve clarity causing redundant code blocks
Rearranged statements to improve clarity resulting in longer but clearer code
Added a temporary variable in place of a postfix increment which introduced unnecessary complexity
Tries to split the code into multiple lines. Prints the result instead of returning (as defined in the method). that improved line-by-line debugging
Swapped two variables in two neighboring lines. which introduced unnecessary complexity
Refactored a one-liner into multiple statements which improved readability
Separated assignments from function calls into distinct lines that improved line-by-line debugging
Reformatted a return statement for better structure resulting in longer but clearer code
Refactored a loop header onto multiple lines that altered execution order
Split into multiple lines, looks the same? which introduced unnecessary complexity
Rearranged statements to improve clarity that caused unintended formatting issues
Added a declaration to an existing variable assignment
Moves the value (String.class) for a constructor's parameter from one line to another. without affecting functionality
Tries to split the code into multiple lines. Prints the result instead of returning (as defined in the method). which introduced unnecessary complexity
Tries to split the code into multiple lines. Prints the result instead of returning (as defined in the method). resulting in longer but clearer code
Introduced temporary variables to break down a large expression which improved readability
Reformatted a single-line statement into multiple lines which improved readability
Rearranged statements to improve clarity which improved readability
Reformatted inline calculations into multi-line expressions resulting in longer but clearer code
Extracted part of an expression into a temporary variable which separated dependent operations
Converted a chained function call into multiple steps that altered execution order
Change x to * thus changing part of variable name to an operator, split another statement into multiple lines resulting in longer but clearer code
Swapped two variables in two neighboring lines. which introduced unnecessary complexity
Rearranges code: Splits a line (not to 100%) into two and adds a comment without affecting functionality
Split a long function call into multiple lines which separated dependent operations
Rearranged statements to improve clarity which improved readability
Reformatted ternary operator into an explicit if-else statement without affecting functionality
Reformatted a single-line statement into multiple lines which made debugging easier
Reformatted inline calculations into multi-line expressions that altered execution order
Moved method parameters onto separate lines resulting in longer but clearer code
Converted a chained function call into multiple steps that altered execution order
Rearranges code: Splits a line (not to 100%) into two and adds a comment without affecting functionality
Reformatted a return statement for better structure
Moving statements out of loops by inserting brackets, splitting statements into multiple lines resulting in longer but clearer code
Swap two lines in the same block that improved line-by-line debugging
Moving statements out of loops by inserting brackets, splitting statements into multiple lines which improved readability
Split a statement into multiple lines which separated dependent operations
Swap two lines in the same block without affecting functionality
Just parsed a one-line arithmetic over multiple lines and added a comment
Moving statements out of loops by inserting brackets, splitting statements into multiple lines without affecting functionality
Tries to split the code into multiple lines. Prints the result instead of returning (as defined in the method). which improved readability
Reorganized arithmetic expressions across several lines that caused unintended formatting issues
Deaggregate function (now over 3 lines instead of 1) which introduced unnecessary complexity
Split a statement into multiple lines
Converted a chained function call into multiple steps without changing program behavior
Just parsed a one-line arithmetic over multiple lines and added a comment
Split a statement into multiple lines
Split into multiple lines, replaced variable assignment with a number (logW -> 7) that improved line-by-line debugging
Moved method parameters onto separate lines which made debugging easier
Reformatted ternary operator into an explicit if-else statement which introduced unnecessary complexity
Swap two lines in the same block which introduced unnecessary complexity
Separated assignments from function calls into distinct lines without changing program behavior
Reformatted ternary operator into an explicit if-else statement that altered execution order
Moving statements out of loops by inserting brackets, splitting statements into multiple lines that improved line-by-line debugging
Split into multiple lines, looks the same? which made debugging easier
Added a comment and replaced apply with accept, while pushing back apply to the line before using ::apply. Looks like an odd choice to move up apply with '::' which separated dependent operations
Tries to split the code into multiple lines. Prints the result instead of returning (as defined in the method). without affecting functionality
Split into multiple lines, replaced variable assignment with a number (logW -> 7) that improved line-by-line debugging
Tries to split the code into multiple lines. Prints the result instead of returning (as defined in the method).
Split function arguments into individual lines which improved readability
Change x to * thus changing part of variable name to an operator, split another statement into multiple lines which made debugging easier
Split into multiple lines, replaced variable assignment with a number (logW -> 7) which separated dependent operations
Added a temporary variable in place of a postfix increment resulting in longer but clearer code
Reformatted inline calculations into multi-line expressions without affecting functionality
Split into multiple lines, replaced variable assignment with a number (logW -> 7)
Split into multiple lines, replaced variable assignment with a number (logW -> 7) that caused unintended formatting issues
Reorganized arithmetic expressions across several lines that altered execution order
Rearranges code: Splits a line (not to 100%) into two and adds a comment which improved readability
Split into multiple lines, looks the same? without changing program behavior
Introduced temporary variables to break down a large expression resulting in longer but clearer code
Separated assignments from function calls into distinct lines without changing program behavior
Just parsed a one-line arithmetic over multiple lines and added a comment which separated dependent operations
Added a comment and replaced apply with accept, while pushing back apply to the line before using ::apply. Looks like an odd choice to move up apply with '::' which introduced unnecessary complexity
Swap two lines in the same block that altered execution order
Swapped two variables in two neighboring lines. resulting in longer but clearer code
Split a long function call into multiple lines that improved line-by-line debugging
Moved method parameters onto separate lines that caused unintended formatting issues
Split into multiple lines, looks the same? without changing program behavior
Refactored a loop header onto multiple lines
Added line breaks to improve readability which introduced unnecessary complexity
Reformatted a return statement for better structure
Reformatted inline calculations into multi-line expressions which introduced unnecessary complexity
Split into multiple lines, replaced variable assignment with a number (logW -> 7) which introduced unnecessary complexity
Reformatted inline calculations into multi-line expressions that caused unintended formatting issues
Reformatted a return statement for better structure that caused unintended formatting issues
Change x to * thus changing part of variable name to an operator, split another statement into multiple lines which made debugging easier
Deaggregate function (now over 3 lines instead of 1) which introduced unnecessary complexity
Deaggregate function (now over 3 lines instead of 1) that altered execution order
Converted a chained function call into multiple steps which separated dependent operations
Reformatted inline calculations into multi-line expressions which introduced unnecessary complexity
Moved method parameters onto separate lines that altered execution order
Moved method parameters onto separate lines
Broke expression into multiple steps with temporary variables causing redundant code blocks
Swap two lines in the same block
Reformatted a single-line statement into multiple lines causing redundant code blocks
Swapped two variables in two neighboring lines.
Split into multiple lines, replaced variable assignment with a number (logW -> 7) resulting in longer but clearer code
Reorganized arithmetic expressions across several lines resulting in longer but clearer code
Split into multiple lines, looks the same? which improved readability
Reformatted a return statement for better structure causing redundant code blocks
Added a temporary variable in place of a postfix increment that improved line-by-line debugging
Rearranged statements to improve clarity that caused unintended formatting issues
Reorganized arithmetic expressions across several lines causing redundant code blocks
Deaggregate function (now over 3 lines instead of 1) that caused unintended formatting issues
Reorganized arithmetic expressions across several lines that caused unintended formatting issues
Reformatted ternary operator into an explicit if-else statement
Added a temporary variable in place of a postfix increment resulting in longer but clearer code
Tries to split the code into multiple lines. Prints the result instead of returning (as defined in the method). resulting in longer but clearer code
Swap two lines in the same block that altered execution order
Just parsed a one-line arithmetic over multiple lines and added a comment which introduced unnecessary complexity
Reformatted a return statement for better structure without changing program behavior
Moving statements out of loops by inserting brackets, splitting statements into multiple lines that improved line-by-line debugging
Split into multiple lines, replaced variable assignment with a number (logW -> 7)
Added a comment and replaced apply with accept, while pushing back apply to the line before using ::apply. Looks like an odd choice to move up apply with '::' which introduced unnecessary complexity
Tries to split the code into multiple lines. Prints the result instead of returning (as defined in the method). resulting in longer but clearer code
Swapped two variables in two neighboring lines. that caused unintended formatting issues
Converted a chained function call into multiple steps which introduced unnecessary complexity
Split function arguments into individual lines that improved line-by-line debugging
Reformatted a return statement for better structure which separated dependent operations
Reformatted a single-line statement into multiple lines causing redundant code blocks
Moved method parameters onto separate lines resulting in longer but clearer code
Refactored a loop header onto multiple lines which introduced unnecessary complexity
Reformatted inline calculations into multi-line expressions causing redundant code blocks
Reformatted a single-line statement into multiple lines which separated dependent operations
Just parsed a one-line arithmetic over multiple lines and added a comment that altered execution order
Change x to * thus changing part of variable name to an operator, split another statement into multiple lines resulting in longer but clearer code
Just parsed a one-line arithmetic over multiple lines and added a comment
Reformatted inline calculations into multi-line expressions
Moved method parameters onto separate lines causing redundant code blocks
Split a statement into multiple lines which improved readability
Reorganized arithmetic expressions across several lines which improved readability
Reorganized arithmetic expressions across several lines resulting in longer but clearer code
Introduced temporary variables to break down a large expression causing redundant code blocks
Separated assignments from function calls into distinct lines causing redundant code blocks
Extracted part of an expression into a temporary variable
Split a statement into multiple lines without changing program behavior
Added a temporary variable in place of a postfix increment that improved line-by-line debugging
Reformatted inline calculations into multi-line expressions which separated dependent operations
Reformatted ternary operator into an explicit if-else statement without affecting functionality
Refactored a one-liner into multiple statements without changing program behavior
Converted a chained function call into multiple steps which separated dependent operations
Split a statement into multiple lines which improved readability
Added a comment and replaced apply with accept, while pushing back apply to the line before using ::apply. Looks like an odd choice to move up apply with '::' resulting in longer but clearer code
Moving statements out of loops by inserting brackets, splitting statements into multiple lines that caused unintended formatting issues
Rearranged statements to improve clarity resulting in longer but clearer code
Added a declaration to an existing variable assignment which separated dependent operations
Added line breaks to improve readability which improved readability
Rearranged statements to improve clarity causing redundant code blocks
Split function arguments into individual lines without changing program behavior
Reformatted inline calculations into multi-line expressions which made debugging easier
Reformatted inline calculations into multi-line expressions which introduced unnecessary complexity
Refactored a loop header onto multiple lines without changing program behavior
Added a comment and replaced apply with accept, while pushing back apply to the line before using ::apply. Looks like an odd choice to move up apply with '::' which improved readability
Reformatted inline calculations into multi-line expressions that altered execution order
Just parsed a one-line arithmetic over multiple lines and added a comment which separated dependent operations
Change x to * thus changing part of variable name to an operator, split another statement into multiple lines resulting in longer but clearer code
Converted a chained function call into multiple steps resulting in longer but clearer code
Converted a chained function call into multiple steps causing redundant code blocks
Deaggregate function (now over 3 lines instead of 1)
Split function arguments into individual lines which separated dependent operations
Moves the value (String.class) for a constructor's parameter from one line to another. without changing program behavior
Separated assignments from function calls into distinct lines without changing program behavior
Reformatted a return statement for better structure without affecting functionality
Swap and split some lines in the block which separated dependent operations
Split function arguments into individual lines that improved line-by-line debugging
Added a declaration to an existing variable assignment without affecting functionality
Rearranges code: Splits a line (not to 100%) into two and adds a comment resulting in longer but clearer code
Rearranges code: Splits a line (not to 100%) into two and adds a comment that caused unintended formatting issues
Split a statement into multiple lines causing redundant code blocks
Added line breaks to improve readability
Rearranges code: Splits a line (not to 100%) into two and adds a comment which separated dependent operations
Just parsed a one-line arithmetic over multiple lines and added a comment which introduced unnecessary complexity
Reformatted a return statement for better structure that altered execution order
Moving statements out of loops by inserting brackets, splitting statements into multiple lines which introduced unnecessary complexity
Swap two lines in the same block that caused unintended formatting issues
Just parsed a one-line arithmetic over multiple lines and added a comment that improved line-by-line debugging
Swap and split some lines in the block that caused unintended formatting issues
Moves the value (String.class) for a constructor's parameter from one line to another. which introduced unnecessary complexity
Broke expression into multiple steps with temporary variables which made debugging easier
Moves the value (String.class) for a constructor's parameter from one line to another. resulting in longer but clearer code
Added a comment and replaced apply with accept, while pushing back apply to the line before using ::apply. Looks like an odd choice to move up apply with '::' which made debugging easier
Moves the value (String.class) for a constructor's parameter from one line to another. which improved readability
Reformatted inline calculations into multi-line expressions without affecting functionality
Broke expression into multiple steps with temporary variables which introduced unnecessary complexity
Added a temporary variable in place of a postfix increment resulting in longer but clearer code
Extracted part of an expression into a temporary variable that caused unintended formatting issues
Reformatted inline calculations into multi-line expressions without changing program behavior
Just parsed a one-line arithmetic over multiple lines and added a comment that altered execution order
Split a statement into multiple lines which made debugging easier
Refactored a loop header onto multiple lines that caused unintended formatting issues
Moving statements out of loops by inserting brackets, splitting statements into multiple lines which introduced unnecessary complexity
Reorganized arithmetic expressions across several lines which improved readability
Swap and split some lines in the block without affecting functionality
Extracted part of an expression into a temporary variable which introduced unnecessary complexity
Refactored a one-liner into multiple statements
Refactored a one-liner into multiple statements which introduced unnecessary complexity
Refactored a one-liner into multiple statements which introduced unnecessary complexity
Just parsed a one-line arithmetic over multiple lines and added a comment that improved line-by-line debugging
Swap two lines in the same block causing redundant code blocks
Refactored a one-liner into multiple statements which separated dependent operations
Added a declaration to an existing variable assignment without affecting functionality
Added a declaration to an existing variable assignment resulting in longer but clearer code
Added a comment and replaced apply with accept, while pushing back apply to the line before using ::apply. Looks like an odd choice to move up apply with '::' that altered execution order
Rearranged statements to improve clarity which introduced unnecessary complexity
Rearranges code: Splits a line (not to 100%) into two and adds a comment that altered execution order
Moves the value (String.class) for a constructor's parameter from one line to another. without affecting functionality
Converted a chained function call into multiple steps which introduced unnecessary complexity
Reformatted ternary operator into an explicit if-else statement without affecting functionality
Reformatted ternary operator into an explicit if-else statement which separated dependent operations
Split a statement into multiple lines that caused unintended formatting issues
Split into multiple lines, replaced variable assignment with a number (logW -> 7) without affecting functionality
Reformatted inline calculations into multi-line expressions without changing program behavior
Rearranged statements to improve clarity that altered execution order
Moving statements out of loops by inserting brackets, splitting statements into multiple lines which separated dependent operations
Reformatted ternary operator into an explicit if-else statement
Introduced temporary variables to break down a large expression causing redundant code blocks
Split a long function call into multiple lines which made debugging easier
Split into multiple lines, replaced variable assignment with a number (logW -> 7) without changing program behavior
Tries to split the code into multiple lines. Prints the result instead of returning (as defined in the method). that caused unintended formatting issues
Rearranges code: Splits a line (not to 100%) into two and adds a comment resulting in longer but clearer code
Added line breaks to improve readability
Converted a chained function call into multiple steps that caused unintended formatting issues
Reformatted a return statement for better structure which made debugging easier
Moved method parameters onto separate lines which made debugging easier
Split function arguments into individual lines that improved line-by-line debugging
Converted a chained function call into multiple steps that caused unintended formatting issues
Moving statements out of loops by inserting brackets, splitting statements into multiple lines causing redundant code blocks
Moving statements out of loops by inserting brackets, splitting statements into multiple lines that caused unintended formatting issues
Swap and split some lines in the block that altered execution order
Reformatted ternary operator into an explicit if-else statement resulting in longer but clearer code
Split a statement into multiple lines which improved readability
Reformatted a single-line statement into multiple lines without changing program behavior
Added a declaration to an existing variable assignment which improved readability
Rearranged statements to improve clarity which introduced unnecessary complexity
Moving statements out of loops by inserting brackets, splitting statements into multiple lines which introduced unnecessary complexity
Split a statement into multiple lines that altered execution order
Split into multiple lines, replaced variable assignment with a number (logW -> 7) which separated dependent operations
Tries to split the code into multiple lines. Prints the result instead of returning (as defined in the method). that altered execution order
Moves the value (String.class) for a constructor's parameter from one line to another. that improved line-by-line debugging
Reformatted a single-line statement into multiple lines that improved line-by-line debugging
Added a comment and replaced apply with accept, while pushing back apply to the line before using ::apply. Looks like an odd choice to move up apply with '::' resulting in longer but clearer code
Moving statements out of loops by inserting brackets, splitting statements into multiple lines which introduced unnecessary complexity
Reformatted inline calculations into multi-line expressions without affecting functionality
Reformatted a single-line statement into multiple lines which improved readability
Added line breaks to improve readability without changing program behavior
Split into multiple lines, looks the same? causing redundant code blocks
Extracted part of an expression into a temporary variable causing redundant code blocks
Extracted part of an expression into a temporary variable that altered execution order
Reorganized arithmetic expressions across several lines causing redundant code blocks
Refactored a one-liner into multiple statements without affecting functionality
Rearranges code: Splits a line (not to 100%) into two and adds a comment that improved line-by-line debugging
Refactored a loop header onto multiple lines
Broke expression into multiple steps with temporary variables
Swap two lines in the same block that improved line-by-line debugging
Moving statements out of loops by inserting brackets, splitting statements into multiple lines which made debugging easier
Rearranged statements to improve clarity that improved line-by-line debugging
Extracted part of an expression into a temporary variable which separated dependent operations
Split into multiple lines, replaced variable assignment with a number (logW -> 7) which made debugging easier
Broke expression into multiple steps with temporary variables which introduced unnecessary complexity
Rearranged statements to improve clarity which made debugging easier
Added a temporary variable in place of a postfix increment which improved readability
Split a statement into multiple lines without affecting functionality
Added line breaks to improve readability which introduced unnecessary complexity
Moves the value (String.class) for a constructor's parameter from one line to another. without changing program behavior
Separated assignments from function calls into distinct lines that improved line-by-line debugging
Reformatted ternary operator into an explicit if-else statement resulting in longer but clearer code
Deaggregate function (now over 3 lines instead of 1) which improved readability
Reformatted a return statement for better structure which introduced unnecessary complexity
Introduced temporary variables to break down a large expression which improved readability
Reorganized arithmetic expressions across several lines that altered execution order
Swapped two variables in two neighboring lines. which separated dependent operations
Reformatted a single-line statement into multiple lines
Reformatted a return statement for better structure causing redundant code blocks
Reformatted ternary operator into an explicit if-else statement which introduced unnecessary complexity
Moved method parameters onto separate lines causing redundant code blocks
Reorganized arithmetic expressions across several lines which separated dependent operations
Reformatted ternary operator into an explicit if-else statement that improved line-by-line debugging
Moves the value (String.class) for a constructor's parameter from one line to another. that altered execution order
Change x to * thus changing part of variable name to an operator, split another statement into multiple lines causing redundant code blocks
Moving statements out of loops by inserting brackets, splitting statements into multiple lines causing redundant code blocks
Separated assignments from function calls into distinct lines that altered execution order
Rearranged statements to improve clarity without changing program behavior
Refactored a loop header onto multiple lines which made debugging easier
Refactored a one-liner into multiple statements causing redundant code blocks
Reformatted a return statement for better structure resulting in longer but clearer code
Tries to split the code into multiple lines. Prints the result instead of returning (as defined in the method). without affecting functionality
Swap and split some lines in the block causing redundant code blocks
Swap two lines in the same block causing redundant code blocks
Swap and split some lines in the block that improved line-by-line debugging
Moves the value (String.class) for a constructor's parameter from one line to another. without affecting functionality
Swap two lines in the same block without affecting functionality
arithmetic manipulation
replace order of summation
create a for loop to sum a vector
change of a mathematical expression
changed order of summation
change variable name, change mathematical function (makes no sense)
Replaced and changed bitwise/math operations on integers. 
boolean variables or expressions manipulations
Swapped addition and subtraction order to improve readability
Boolean variables or expressions manipulations which could lead to overflow issues
Swapped a + b to b + a leading to different order of evaluation
Changed order of operations that may introduce rounding errors
Changed how a comparison is evaluated as an optimization
Updated the way boolean vars are summed in a way that reduces computational cost
Transformed a XOR operation for efficiency
Converted multiplication by a power of two into bit shifting leading to different order of evaluation
Optimized an arithmetic operation which affected computational complexity
Converted subtraction into negative addition to improve readability
Modified how a boolean expression is evaluated for efficiency
Replaced order of summation without affecting numerical stability
Boolean variables or expressions manipulations without functional difference
Replaced direct arithmetic computation with a function call which could lead to overflow issues
Altered arithmetic computation to improve readability
Changed order of operations to simplify the equation
Modified mathematical expression which altered numerical precision
Changed boolean expression from a to a || False without affecting numerical stability
Modified mathematical expression as an optimization
Arithmetic manipulation in a way that reduces computational cost
Replaced multiplication with division as an optimization
Replaced order of summation
Transformed a XOR operation in a way that does not change functionality
Introduced short-circuit evaluation in a boolean expression leading to different order of evaluation
Replaced a bitwise AND with a logical AND without changing the result
Created a for loop to sum a vector for efficiency
Modified arithmetic with a different optimization approach affecting how values are computed
Transformed a XOR operation for efficiency
Modified logical operation from AND to OR without changing the result
Replaced a bitwise AND with a logical AND which changes how floating-point rounding occurs
Replaced modulus operation with an equivalent expression to improve readability
Optimized an arithmetic operation without functional difference
Adjusted numeric calculations for accuracy affecting how values are computed
Swapped addition and subtraction order in a way that reduces computational cost
Introduced short-circuit evaluation in a boolean expression without functional difference
Modified logical operation from AND to OR in a way that reduces computational cost
Updated the way a formula is computed in a way that reduces computational cost
Replaced direct computation with a function call leading to different order of evaluation
Converted multiplication by a power of two into bit shifting without functional difference
Updated the way boolean flags are combined in a way that reduces computational cost
Optimized an arithmetic operation
Replaced absolute value calculation with a conditional expression in a way that reduces computational cost
Swapped addition and subtraction order that may introduce rounding errors
Replaced absolute value calculation with a conditional expression without changing the result
Modified mathematical expression for efficiency
Simplified a boolean expression without changing the result
Rearranged terms in an arithmetic equation for efficiency
Rearranged terms in an arithmetic equation for efficiency
Changed order of operations which changes how floating-point rounding occurs
Updated the way boolean flags are combined affecting how values are computed
Changed how a comparison is evaluated in a way that reduces computational cost
Altered arithmetic computation to simplify the equation
Simplified a boolean expression without changing the result
Modified arithmetic with a different optimization approach leading to different order of evaluation
Modified arithmetic with a different optimization approach
Introduced negation in a boolean condition which affected computational complexity
Updated the way a formula is computed which changes how floating-point rounding occurs
Boolean variables or expressions manipulations leading to different order of evaluation
Replaced modulus operation with an equivalent expression without affecting numerical stability
Arithmetic manipulation leading to different order of evaluation
Created a for loop to sum a vector
Replaced multiplication with division without affecting numerical stability
Converted a direct sum into an iterative approach in a way that reduces computational cost
Replaced a bitwise AND with a logical AND as an optimization
Modified mathematical expression as an optimization
Transformed a XOR operation in a way that does not change functionality
Updated the way boolean flags are combined in a way that does not change functionality
Changed precedence of mathematical operators affecting how values are computed
Replaced order of summation as an optimization
Replaced a bitwise AND with a logical AND without affecting numerical stability
Altered arithmetic computation affecting how values are computed
Rearranged terms in an arithmetic equation which changes how floating-point rounding occurs
Changed multiplication to division in an equation
Rearranged terms in an arithmetic equation which affected computational complexity
Updated the way a formula is computed to improve readability
Optimized an arithmetic operation in a way that reduces computational cost
Modified mathematical expression which could lead to overflow issues
Replaced multiplication with division without affecting numerical stability
Changed multiplication to division in an equation
Optimized an arithmetic operation without changing the result
Changed how a comparison is evaluated in a way that does not change functionality
Replaced order of summation to improve readability
Modified arithmetic with a different optimization approach for efficiency
Changed order of operations
Altered arithmetic computation without functional difference
Changed how a comparison is evaluated which altered numerical precision
Replaced multiplication with division that may introduce rounding errors
Changed multiplication to division in an equation in a way that does not change functionality
Rearranged terms in an arithmetic equation to improve readability
Replaced modulus operation with an equivalent expression which altered numerical precision
Replaced direct computation with a function call affecting how values are computed
Introduced a mathematical transformation
Created a for loop to sum a vector that may introduce rounding errors
Changed boolean expression from a to a || False leading to different order of evaluation
Optimized an arithmetic operation leading to different order of evaluation
Replaced absolute value calculation with a conditional expression which changes how floating-point rounding occurs
Replaced a bitwise AND with a logical AND leading to different order of evaluation
Refactored a conditional check affecting how values are computed
Refactored a summation formula as an optimization
Simplified a boolean expression
Introduced short-circuit evaluation in a boolean expression without affecting numerical stability
Introduced a mathematical transformation which could lead to overflow issues
Refactored a summation sequence that may introduce rounding errors
Changed the way numerical constants are used without affecting numerical stability
Changed how a comparison is evaluated which altered numerical precision
Introduced a mathematical transformation in a way that reduces computational cost
Modified logical operation from AND to OR which altered numerical precision
Replaced direct computation with a function call that may introduce rounding errors
Modified mathematical expression which altered numerical precision
Replaced multiplication with division without changing the result
Rearranged addition order which affected computational complexity
Changed boolean expression from a to a || False which affected computational complexity
Simplified a boolean expression in a way that does not change functionality
Replaced multiplication with division to simplify the equation
Swapped a + b to b + a in a way that does not change functionality
Adjusted numeric calculations for accuracy leading to different order of evaluation
Changed the way numerical constants are used that may introduce rounding errors
Replaced a bitwise AND with a logical AND which affected computational complexity
Replaced multiplication with division
Replaced order of summation affecting how values are computed
Introduced negation in a boolean condition which affected computational complexity
Modified how a boolean expression is evaluated which affected computational complexity
Replaced a bitwise AND with a logical AND in a way that does not change functionality
Swapped a + b to b + a which affected computational complexity
Updated the way a formula is computed to improve readability
Changed order of operations without affecting numerical stability
Changed the way numerical constants are used affecting how values are computed
Changed the way numerical constants are used without affecting numerical stability
Altered arithmetic computation which altered numerical precision
Updated the way boolean flags are combined in a way that reduces computational cost
Changed boolean expression from a to a || False leading to different order of evaluation
Refactored a conditional check which changes how floating-point rounding occurs
Introduced negation in a boolean condition affecting how values are computed
Transformed a XOR operation leading to different order of evaluation
Changed boolean expression from a to a || False to simplify the equation
Replaced order of summation as an optimization
Converted subtraction into negative addition in a way that does not change functionality
Introduced negation in a boolean condition
Modified arithmetic with a different optimization approach for efficiency
Simplified a boolean expression as an optimization
Replaced multiplication with division in a way that reduces computational cost
Introduced negation in a boolean condition without functional difference
Replaced a bitwise AND with a logical AND
Created a for loop to sum a vector affecting how values are computed
Changed the way numerical constants are used in a way that reduces computational cost
Modified logical operation from AND to OR without affecting numerical stability
Updated the way a formula is computed affecting how values are computed
Modified logical operation from AND to OR which changes how floating-point rounding occurs
Optimized an arithmetic operation leading to different order of evaluation
Introduced a mathematical transformation which altered numerical precision
Boolean variables or expressions manipulations which changes how floating-point rounding occurs
Introduced short-circuit evaluation in a boolean expression as an optimization
Converted a direct sum into an iterative approach affecting how values are computed
Replaced a bitwise AND with a logical AND which affected computational complexity
Converted subtraction into negative addition without functional difference
Replaced absolute value calculation with a conditional expression that may introduce rounding errors
Replaced a bitwise AND with a logical AND for efficiency
Converted a direct sum into an iterative approach which changes how floating-point rounding occurs
Rewrote an equation to use different operations that may introduce rounding errors
Rewrote an equation to use different operations for efficiency
Changed order of operations for efficiency
Changed order of operations in a way that does not change functionality
Rearranged terms in a mathematical formula which could lead to overflow issues
Transformed a XOR operation in a way that reduces computational cost
Replaced and changed bitwise/math operations on integers that may introduce rounding errors
Rearranged addition order in a way that does not change functionality
Changed the way numerical constants are used without functional difference
Arithmetic manipulation in a way that reduces computational cost
Rearranged addition order
Converted a direct sum into an iterative approach to improve readability
Introduced a mathematical transformation to simplify the equation
Introduced negation in a boolean condition in a way that does not change functionality
Transformed a XOR operation which changes how floating-point rounding occurs
Arithmetic manipulation which altered numerical precision
Changed boolean expression from a to a || False which altered numerical precision
Modified mathematical expression in a way that reduces computational cost
Rearranged addition order to simplify the equation
Changed boolean expression from a to a || False without functional difference
Changed the way numerical constants are used to improve readability
Replaced order of summation which changes how floating-point rounding occurs
Simplified a boolean expression which changes how floating-point rounding occurs
Modified arithmetic with a different optimization approach leading to different order of evaluation
Changed precedence of mathematical operators to improve readability
Refactored a summation formula as an optimization
Rearranged addition order without changing the result
Rearranged addition order which changes how floating-point rounding occurs
Replaced direct computation with a function call to improve readability
Replaced direct computation with a function call which changes how floating-point rounding occurs
Replaced absolute value calculation with a conditional expression which could lead to overflow issues
Replaced and changed bitwise/math operations on integers as an optimization
Replaced order of summation in a way that does not change functionality
Swapped a + b to b + a in a way that does not change functionality
Replaced multiplication with division which altered numerical precision
Changed multiplication to division in an equation in a way that reduces computational cost
Adjusted numeric calculations for accuracy without affecting numerical stability
Modified how a boolean expression is evaluated affecting how values are computed
Refactored a summation formula as an optimization
Converted multiplication by a power of two into bit shifting affecting how values are computed
Replaced modulus operation with an equivalent expression
Swapped addition and subtraction order leading to different order of evaluation
Introduced short-circuit evaluation in a boolean expression affecting how values are computed
Changed multiplication to division in an equation without changing the result
Transformed a XOR operation that may introduce rounding errors
Boolean variables or expressions manipulations without changing the result
Replaced absolute value calculation with a conditional expression leading to different order of evaluation
Replaced and changed bitwise/math operations on integers which could lead to overflow issues
Created a for loop to sum a vector in a way that reduces computational cost
Introduced short-circuit evaluation in a boolean expression in a way that does not change functionality
Replaced a bitwise AND with a logical AND which changes how floating-point rounding occurs
Changed how a comparison is evaluated which altered numerical precision
Introduced a mathematical transformation without changing the result
Replaced absolute value calculation with a conditional expression for efficiency
Modified arithmetic with a different optimization approach in a way that reduces computational cost
Converted multiplication by a power of two into bit shifting which could lead to overflow issues
Swapped a + b to b + a without changing the result
Optimized an arithmetic operation which could lead to overflow issues
Replaced modulus operation with an equivalent expression to simplify the equation
Transformed a XOR operation as an optimization
Arithmetic manipulation
Created a for loop to sum a vector in a way that reduces computational cost
Converted multiplication by a power of two into bit shifting which altered numerical precision
Created a for loop to sum a vector in a way that does not change functionality
Replaced order of summation as an optimization
Converted a direct sum into an iterative approach affecting how values are computed
Refactored a summation sequence in a way that does not change functionality
Rearranged terms in an arithmetic equation in a way that does not change functionality
Transformed a XOR operation for efficiency
Changed boolean expression from a to a || False as an optimization
Changed how a comparison is evaluated affecting how values are computed
Replaced modulus operation with an equivalent expression which altered numerical precision
Replaced direct computation with a function call which could lead to overflow issues
Refactored a summation formula leading to different order of evaluation
Changed how a comparison is evaluated without changing the result
Rearranged terms in a mathematical formula affecting how values are computed
Changed order of operations without affecting numerical stability
Converted subtraction into negative addition
Arithmetic manipulation without functional difference
Rearranged addition order in a way that reduces computational cost
Boolean variables or expressions manipulations without changing the result
Boolean variables or expressions manipulations for efficiency
Replaced absolute value calculation with a conditional expression
Simplified a boolean expression to improve readability
Altered arithmetic computation in a way that reduces computational cost
Changed how a comparison is evaluated leading to different order of evaluation
Simplified a boolean expression to improve readability
Replaced a bitwise AND with a logical AND that may introduce rounding errors
Replaced order of summation in a way that does not change functionality
Replaced modulus operation with an equivalent expression without affecting numerical stability
Rearranged terms in a mathematical formula which changes how floating-point rounding occurs
Replaced modulus operation with an equivalent expression in a way that reduces computational cost
Rearranged terms in a mathematical formula that may introduce rounding errors
Transformed a XOR operation as an optimization
Replaced and changed bitwise/math operations on integers without functional difference
Refactored a summation formula which affected computational complexity
Replaced a bitwise AND with a logical AND without changing the result
Swapped a + b to b + a that may introduce rounding errors
Rearranged addition order without functional difference
Converted subtraction into negative addition which affected computational complexity
Replaced and changed bitwise/math operations on integers leading to different order of evaluation
Rewrote an equation to use different operations that may introduce rounding errors
Rearranged terms in an arithmetic equation
Refactored a summation formula without changing the result
Changed boolean expression from a to a || False for efficiency
Changed precedence of mathematical operators to simplify the equation
Modified arithmetic with a different optimization approach in a way that does not change functionality
Swapped addition and subtraction order without functional difference
Replaced order of summation which changes how floating-point rounding occurs
Changed how a comparison is evaluated for efficiency
Swapped addition and subtraction order which could lead to overflow issues
Converted subtraction into negative addition leading to different order of evaluation
Replaced multiplication with division which affected computational complexity
Converted subtraction into negative addition which changes how floating-point rounding occurs
Boolean variables or expressions manipulations as an optimization
Optimized an arithmetic operation in a way that does not change functionality
Introduced short-circuit evaluation in a boolean expression in a way that reduces computational cost
Changed order of operations which altered numerical precision
Swapped addition and subtraction order that may introduce rounding errors
Arithmetic manipulation in a way that does not change functionality
Introduced short-circuit evaluation in a boolean expression to simplify the equation
Converted a direct sum into an iterative approach which altered numerical precision
Changed how a comparison is evaluated as an optimization
Introduced negation in a boolean condition that may introduce rounding errors
Changed how a comparison is evaluated which affected computational complexity
Introduced negation in a boolean condition affecting how values are computed
Introduced short-circuit evaluation in a boolean expression which affected computational complexity
Optimized an arithmetic operation which altered numerical precision
Updated the way boolean flags are combined without affecting numerical stability
Refactored a conditional check as an optimization
Changed how a comparison is evaluated affecting how values are computed
Changed boolean expression from a to a || False for efficiency
Rearranged addition order which altered numerical precision
Rearranged terms in an arithmetic equation which affected computational complexity
Adjusted numeric calculations for accuracy affecting how values are computed
Modified arithmetic with a different optimization approach which altered numerical precision
Converted multiplication by a power of two into bit shifting leading to different order of evaluation
Altered arithmetic computation which affected computational complexity
Updated the way boolean flags are combined leading to different order of evaluation
Rewrote an equation to use different operations for efficiency
Modified logical operation from AND to OR which altered numerical precision
Rewrote an equation to use different operations to improve readability
Changed the way numerical constants are used to simplify the equation
Converted a direct sum into an iterative approach in a way that does not change functionality
Introduced a mathematical transformation leading to different order of evaluation
Changed order of operations in a way that reduces computational cost
Converted multiplication by a power of two into bit shifting
Created a for loop to sum a vector which altered numerical precision
Changed the way numerical constants are used without affecting numerical stability
Replaced order of summation which could lead to overflow issues
Swapped a + b to b + a in a way that reduces computational cost
Changed how a comparison is evaluated without affecting numerical stability
Replaced direct computation with a function call to simplify the equation
Created a for loop to sum a vector which changes how floating-point rounding occurs
Created a for loop to sum a vector which changes how floating-point rounding occurs
Refactored a summation formula without functional difference
Converted subtraction into negative addition which could lead to overflow issues
Modified mathematical expression
Adjusted numeric calculations for accuracy in a way that does not change functionality
Changed boolean expression from a to a || False leading to different order of evaluation
Arithmetic manipulation as an optimization
Introduced a mathematical transformation without functional difference
Modified arithmetic with a different optimization approach without affecting numerical stability
Replaced direct computation with a function call without affecting numerical stability
Updated the way a formula is computed without affecting numerical stability
Simplified a boolean expression for efficiency
Boolean variables or expressions manipulations to simplify the equation
Modified how a boolean expression is evaluated in a way that does not change functionality
Converted subtraction into negative addition which changes how floating-point rounding occurs
Modified mathematical expression in a way that reduces computational cost
Refactored a summation sequence affecting how values are computed
Modified arithmetic with a different optimization approach which altered numerical precision
Updated the way boolean flags are combined that may introduce rounding errors
Introduced negation in a boolean condition to improve readability
Updated the way a formula is computed without affecting numerical stability
Transformed a XOR operation which could lead to overflow issues
Modified how a boolean expression is evaluated as an optimization
Replaced and changed bitwise/math operations on integers which affected computational complexity
Swapped addition and subtraction order to simplify the equation
Replaced order of summation in a way that reduces computational cost
Boolean variables or expressions manipulations to simplify the equation
Replaced multiplication with division without functional difference
Introduced negation in a boolean condition without changing the result
Transformed a XOR operation without changing the result
Introduced short-circuit evaluation in a boolean expression
Transformed a XOR operation in a way that reduces computational cost
Changed how a comparison is evaluated which could lead to overflow issues
Refactored a summation formula for efficiency
Converted subtraction into negative addition affecting how values are computed
Changed multiplication to division in an equation affecting how values are computed
Refactored a summation sequence without affecting numerical stability
Modified logical operation from AND to OR in a way that does not change functionality
Converted multiplication by a power of two into bit shifting without affecting numerical stability
Refactored a summation formula that may introduce rounding errors
Updated the way a formula is computed which affected computational complexity
Arithmetic manipulation leading to different order of evaluation
Changed the way numerical constants are used in a way that reduces computational cost
Updated the way a formula is computed which affected computational complexity
Converted subtraction into negative addition which changes how floating-point rounding occurs
Altered arithmetic computation which affected computational complexity
Altered arithmetic computation which changes how floating-point rounding occurs
Rearranged terms in a mathematical formula leading to different order of evaluation
Modified logical operation from AND to OR without changing the result
Refactored a conditional check as an optimization
Converted subtraction into negative addition in a way that does not change functionality
Rewrote an equation to use different operations which changes how floating-point rounding occurs
Modified mathematical expression for efficiency
Swapped a + b to b + a without affecting numerical stability
Changed how a comparison is evaluated to improve readability
Swapped addition and subtraction order which changes how floating-point rounding occurs
Refactored a summation formula as an optimization
Replaced multiplication with division as an optimization
Optimized an arithmetic operation as an optimization
Replaced multiplication with division leading to different order of evaluation
Optimized an arithmetic operation
Boolean variables or expressions manipulations without functional difference
Created a for loop to sum a vector leading to different order of evaluation
Replaced order of summation which could lead to overflow issues
Replaced absolute value calculation with a conditional expression in a way that reduces computational cost
Replaced and changed bitwise/math operations on integers which affected computational complexity
Changed multiplication to division in an equation which could lead to overflow issues
Rearranged terms in a mathematical formula in a way that does not change functionality
Changed multiplication to division in an equation without changing the result
Optimized an arithmetic operation without functional difference
Modified arithmetic with a different optimization approach to improve readability
Modified mathematical expression without functional difference
Replaced modulus operation with an equivalent expression leading to different order of evaluation
Swapped a + b to b + a to improve readability
Introduced a mathematical transformation that may introduce rounding errors
Rewrote an equation to use different operations to improve readability
Optimized an arithmetic operation which could lead to overflow issues
Transformed a XOR operation which changes how floating-point rounding occurs
Modified arithmetic with a different optimization approach as an optimization
Replaced modulus operation with an equivalent expression without changing the result
Changed multiplication to division in an equation to simplify the equation
Changed the way numerical constants are used as an optimization
Refactored a summation formula which altered numerical precision
Modified logical operation from AND to OR leading to different order of evaluation
Converted a direct sum into an iterative approach
Refactored a conditional check affecting how values are computed
Replaced modulus operation with an equivalent expression as an optimization
Simplified a boolean expression to improve readability
Modified how a boolean expression is evaluated which affected computational complexity
Rearranged addition order to simplify the equation
Refactored a summation formula which changes how floating-point rounding occurs
Transformed a XOR operation without changing the result
Changed multiplication to division in an equation without affecting numerical stability
Changed multiplication to division in an equation to improve readability
Refactored a summation sequence without functional difference
Replaced modulus operation with an equivalent expression that may introduce rounding errors
Rewrote an equation to use different operations which altered numerical precision
Changed order of operations
Rewrote an equation to use different operations in a way that does not change functionality
Refactored a summation sequence which changes how floating-point rounding occurs
Changed order of operations as an optimization
Converted multiplication by a power of two into bit shifting leading to different order of evaluation
Replaced direct computation with a function call to simplify the equation
Altered arithmetic computation in a way that does not change functionality
Adjusted numeric calculations for accuracy as an optimization
Altered arithmetic computation to simplify the equation
Introduced a mathematical transformation affecting how values are computed
Replaced order of summation without functional difference
Replaced modulus operation with an equivalent expression which affected computational complexity
Modified arithmetic with a different optimization approach which altered numerical precision
Modified logical operation from AND to OR leading to different order of evaluation
Converted a direct sum into an iterative approach for efficiency
Updated the way a formula is computed to improve readability
Changed precedence of mathematical operators in a way that does not change functionality
Converted multiplication by a power of two into bit shifting that may introduce rounding errors
Simplified a boolean expression in a way that does not change functionality
Modified logical operation from AND to OR without affecting numerical stability
Changed boolean expression from a to a || False as an optimization
Converted subtraction into negative addition in a way that reduces computational cost
Replaced modulus operation with an equivalent expression for efficiency
Updated the way boolean flags are combined as an optimization
Refactored a summation formula
Replaced and changed bitwise/math operations on integers to simplify the equation
Changed boolean expression from a to a || False for efficiency
Updated the way a formula is computed in a way that reduces computational cost
Modified arithmetic with a different optimization approach in a way that reduces computational cost
Replaced multiplication with division without changing the result
Created a for loop to sum a vector in a way that does not change functionality
Refactored a conditional check which changes how floating-point rounding occurs
Modified arithmetic with a different optimization approach as an optimization
Boolean variables or expressions manipulations which altered numerical precision
Replaced and changed bitwise/math operations on integers without affecting numerical stability
Changed precedence of mathematical operators which changes how floating-point rounding occurs
Introduced short-circuit evaluation in a boolean expression
Created a for loop to sum a vector which could lead to overflow issues
Swapped addition and subtraction order leading to different order of evaluation
Replaced direct computation with a function call to improve readability
Changed the way numerical constants are used without changing the result
Refactored a conditional check affecting how values are computed
Swapped a + b to b + a which altered numerical precision
Rearranged terms in an arithmetic equation without affecting numerical stability
Refactored a summation formula for efficiency
Replaced direct computation with a function call in a way that reduces computational cost
Swapped addition and subtraction order which changes how floating-point rounding occurs
Modified how a boolean expression is evaluated to improve readability
Changed order of operations without functional difference
Updated the way a formula is computed without functional difference
Simplified a boolean expression which altered numerical precision
Updated the way a formula is computed without changing the result
Swapped addition and subtraction order without affecting numerical stability
Updated the way a formula is computed to improve readability
Refactored a summation formula without functional difference
Replaced direct computation with a function call that may introduce rounding errors
Boolean variables or expressions manipulations without functional difference
Refactored a summation formula
Converted subtraction into negative addition without changing the result
Modified logical operation from AND to OR as an optimization
Converted a direct sum into an iterative approach as an optimization
Created a for loop to sum a vector which changes how floating-point rounding occurs
Arithmetic manipulation in a way that does not change functionality
Replaced a bitwise AND with a logical AND without affecting numerical stability
Arithmetic manipulation in a way that reduces computational cost
Updated the way a formula is computed without functional difference
Modified mathematical expression to simplify the equation
Rearranged addition order without changing the result
Refactored a summation formula affecting how values are computed
Created a for loop to sum a vector in a way that reduces computational cost
Modified mathematical expression to improve readability
Converted a direct sum into an iterative approach without functional difference
Modified mathematical expression
Replaced multiplication with division leading to different order of evaluation
Changed the way numerical constants are used in a way that reduces computational cost
Changed the way numerical constants are used for efficiency
Introduced a mathematical transformation without functional difference
Rewrote an equation to use different operations which affected computational complexity
Replaced order of summation that may introduce rounding errors
Converted subtraction into negative addition to simplify the equation
Replaced modulus operation with an equivalent expression in a way that does not change functionality
Changed multiplication to division in an equation for efficiency
Changed order of operations without functional difference
Replaced multiplication with division leading to different order of evaluation
Converted a direct sum into an iterative approach leading to different order of evaluation
Introduced negation in a boolean condition leading to different order of evaluation
Changed precedence of mathematical operators that may introduce rounding errors
Refactored a summation formula which changes how floating-point rounding occurs
Rearranged terms in an arithmetic equation for efficiency
Changed multiplication to division in an equation without affecting numerical stability
Converted multiplication by a power of two into bit shifting which affected computational complexity
Added dead code
added something after return (makes no sense)
added return (makes no sense)
added return after return (makes no sense)
added a function call (makes no sense)
added a function call (makes no sense)
Adds a runner in a new line. Never used.
Adds new code after the return statement. Added code is never executed. 
Added code for a variable that is never used in the method
Activating the math absolute function twice unnecessarily
Added a print around a line of code
Inject deadcode
add if(0) block
add unreachable code
add code to uncalled function
add new unused function
add new unused method
add new but never called function
Add deadcode
Just some more deadcode
Just new deadcode
Deadcode
Dead code
Added something after return; it is never executed without any impact
Added a runner object that is never referenced that is ignored at runtime
Added a runner object that is never referenced that was mistakenly left in
Added a final return that will never be reached that has no functional use
Added a function call after an early return that has no functional use
Declared an unused helper function that was mistakenly left in
Added a return after return, making the second one unreachable which is never executed
Added a final return that will never be reached that was mistakenly left in
Left behind test code that is never executed which increases code complexity unnecessarily
Added an unreachable throw statement with no effect on output
Added a return after return, making the second one unreachable making no functional difference
Wrapped an expression in an unused method that is ignored at runtime
Wrapped code inside if(false), creating dead code which increases code complexity unnecessarily
Left behind test code that is never executed; effectively dead code
Created an unused class with no references; this is dead code without any impact
Defined an unused interface method, resulting in dead code that has no functional use
Injected dead code that is never executed without any impact
Defined a variable that is never read or used which remains unused
Defined a variable that is never read or used which increases code complexity unnecessarily
Defined a variable that is never read or used with no effect on output
Added dead code leading to redundant computation
Inserted a throw statement in an unreachable block; this is dead code that is ignored at runtime
Added a final return that will never be reached; dead code which is never executed
Declared a function that is never called, making it dead code making no functional difference
Defined a variable that is never read or used with no effect on output
Injected dead code that is never executed without any impact
Added a final return that will never be reached; dead code without any impact
Declared a helper function but no references exist; it is dead code which does nothing
Defined an unused interface method, resulting in dead code which is never executed
Left behind test code that is never executed; effectively dead code that is ignored at runtime
Injected dead code that is never executed which makes debugging harder
Added a final return that will never be reached; dead code that has no functional use
Added dead code which is never executed
Defined a variable that is never read or used which was unnecessary
Declared a function that is never called, making it dead code which increases code complexity unnecessarily
Defined a variable that is never read or used which is never executed
Added dead code that can be safely deleted
Declared a function that is never called, making it dead code that can be safely deleted
Defined a variable that is never read or used which is never executed
Created an unused class with no references; this is dead code which was unnecessary
Added a final return that will never be reached; dead code leading to unreachable execution
Inserted an unreachable return statement; it is dead code with no effect on output
Declared a constant but never used it anywhere; dead code leading to redundant computation
Created an unused class with no references; this is dead code which is never executed
Inserted a runner object in a new line; it is never used making no functional difference
Left behind test code that is never executed; effectively dead code which was unnecessary
Introduced a variable that is assigned but never read leading to unreachable execution
Wrapped code inside if(false), creating dead code
Added a break statement in a loop that never runs, making it dead code which makes debugging harder
Created an unused class with no references; this is dead code that can be safely deleted
Inserted new code after the return statement; never executed leading to redundant computation
Added something after return; it is dead code making no functional difference
Declared a helper function but no references exist; it is dead code that was mistakenly left in
Inserted a throw statement in an unreachable block; this is dead code leading to redundant computation
Introduced a variable that is assigned but never read which does nothing
Inserted a runner object in a new line; it is never used that can be safely deleted
Inserted a runner object in a new line; it is never used which makes debugging harder
Declared a function that is never called, making it dead code
Inserted a runner object in a new line; it is never used which remains unused
Wrapped an expression in an unused function, creating dead code which makes debugging harder
Added a function that does not impact program execution that is ignored at runtime
Declared a helper function but no references exist; it is dead code leading to redundant computation
Declared a constant but never used it anywhere; dead code which increases code complexity unnecessarily
Added a final return that will never be reached; dead code that is ignored at runtime
Added a function that is never called anywhere; dead code without any impact
Added a final return that will never be reached; dead code that is ignored at runtime
Declared a constant but never used it anywhere; dead code which does nothing
Inserted an unreachable return statement; it is dead code which is never executed
Added a function that does not impact program execution which remains unused
Declared a constant but never used it anywhere; dead code without any impact
Added a function that is never called anywhere; dead code which makes debugging harder
Declared a helper function but no references exist; it is dead code which increases code complexity unnecessarily
Defined a variable that is never read or used which remains unused
Defined a variable that is never read or used which is never executed
Added a final return that will never be reached; dead code which remains unused
Declared a function that is never called, making it dead code which remains unused
Defined an unused interface method, resulting in dead code making no functional difference
Added a redundant local object initialization that is never referenced which does nothing
Added a function that does not impact program execution that can be safely deleted
Added a function that does not impact program execution which is never executed
Added a function that does not impact program execution making no functional difference
Wrapped code inside if(false), creating dead code which makes debugging harder
Declared a constant but never used it anywhere; dead code which should be removed
Inserted new code after the return statement; never executed which should be removed
Inserted an unreachable return statement; it is dead code which remains unused
Wrapped an expression in an unused function, creating dead code which should be removed
Defined an unused interface method, resulting in dead code which should be removed
Declared a function that is never called, making it dead code making no functional difference
Inserted a throw statement in an unreachable block; this is dead code which should be removed
Defined a variable that is never read or used which remains unused
Inserted an if (0) block, making all enclosed code dead
Introduced a variable that is assigned but never read
Defined a variable that is never read or used that was mistakenly left in
Added a function that does not impact program execution making no functional difference
Added a function that does not impact program execution which increases code complexity unnecessarily
Added a function that does not impact program execution which remains unused
Added a function that is never called anywhere; dead code
Added dead code which increases code complexity unnecessarily
Added a break statement in a loop that never runs, making it dead code that was mistakenly left in
Defined a variable that is never read or used making no functional difference
Declared a helper function but no references exist; it is dead code making no functional difference
Left behind test code that is never executed; effectively dead code making no functional difference
Wrapped code inside if(false), creating dead code which is never executed
Inserted a throw statement in an unreachable block; this is dead code with no effect on output
Added something after return; it is dead code without any impact
Inserted an unreachable return statement; it is dead code with no effect on output
Injected dead code that is never executed which makes debugging harder
Wrapped an expression in an unused function, creating dead code leading to unreachable execution
Added a break statement in a loop that never runs, making it dead code making no functional difference
Injected dead code that is never executed which remains unused
Created an unused class with no references; this is dead code leading to redundant computation
Inserted a runner object in a new line; it is never used that was mistakenly left in
Wrapped code inside if(false), creating dead code that can be safely deleted
Left behind test code that is never executed; effectively dead code which was unnecessary
Created an unused class with no references; this is dead code that has no functional use
Introduced a variable that is assigned but never read that is ignored at runtime
Added a function that is never called anywhere; dead code that has no functional use
Created an unused class with no references; this is dead code with no effect on output
Inserted an unreachable return statement; it is dead code making no functional difference
Declared a helper function but no references exist; it is dead code leading to redundant computation
Declared a helper function but no references exist; it is dead code with no effect on output
Inserted an if (0) block, making all enclosed code dead which is never executed
Added a function that does not impact program execution which was unnecessary
Added dead code leading to unreachable execution
Added a final return that will never be reached; dead code which should be removed
Inserted a runner object in a new line; it is never used which makes debugging harder
Added a final return that will never be reached; dead code which increases code complexity unnecessarily
Defined a variable that is never read or used that can be safely deleted
Defined an unused interface method, resulting in dead code leading to unreachable execution
Added dead code which is never executed
Inserted an unreachable return statement; it is dead code which was unnecessary
Inserted an unreachable return statement; it is dead code leading to redundant computation
Added something after return; it is dead code that can be safely deleted
Declared a helper function but no references exist; it is dead code which does nothing
Added a function that does not impact program execution which makes debugging harder
Introduced a variable that is assigned but never read that can be safely deleted
Inserted an if (0) block, making all enclosed code dead which is never executed
Added a function that is never called anywhere; dead code which makes debugging harder
Inserted new code after the return statement; never executed leading to redundant computation
Inserted an if (0) block, making all enclosed code dead which is never executed
Wrapped code inside if(false), creating dead code which makes debugging harder
Defined an unused interface method, resulting in dead code which remains unused
Declared a helper function but no references exist; it is dead code which increases code complexity unnecessarily
Added dead code which should be removed
Inserted a runner object in a new line; it is never used
Left behind test code that is never executed; effectively dead code that was mistakenly left in
Declared a constant but never used it anywhere; dead code which makes debugging harder
Added a break statement in a loop that never runs, making it dead code that has no functional use
Inserted a runner object in a new line; it is never used making no functional difference
Defined an unused interface method, resulting in dead code
Inserted new code after the return statement; never executed with no effect on output
Inserted a throw statement in an unreachable block; this is dead code making no functional difference
Added a redundant local object initialization that is never referenced which increases code complexity unnecessarily
Inserted a throw statement in an unreachable block; this is dead code that was mistakenly left in
Wrapped code inside if(false), creating dead code which should be removed
Declared a constant but never used it anywhere; dead code which was unnecessary
Inserted a runner object in a new line; it is never used making no functional difference
Declared a helper function but no references exist; it is dead code leading to redundant computation
Inserted a runner object in a new line; it is never used which should be removed
Wrapped code inside if(false), creating dead code which increases code complexity unnecessarily
Created an unused class with no references; this is dead code that can be safely deleted
Declared a constant but never used it anywhere; dead code that is ignored at runtime
Created an unused class with no references; this is dead code without any impact
Inserted new code after the return statement; never executed which is never executed
Inserted a runner object in a new line; it is never used with no effect on output
Defined a variable that is never read or used that is ignored at runtime
Declared a constant but never used it anywhere; dead code leading to redundant computation
Declared a function that is never called, making it dead code which does nothing
Left behind test code that is never executed; effectively dead code making no functional difference
Left behind test code that is never executed; effectively dead code which makes debugging harder
Injected dead code that is never executed that has no functional use
Added a redundant local object initialization that is never referenced that is ignored at runtime
Left behind test code that is never executed; effectively dead code without any impact
Added a break statement in a loop that never runs, making it dead code which was unnecessary
Added dead code that is ignored at runtime
Added something after return; it is dead code which increases code complexity unnecessarily
Added something after return; it is dead code which should be removed
Inserted a throw statement in an unreachable block; this is dead code which was unnecessary
Added a break statement in a loop that never runs, making it dead code without any impact
Injected dead code that is never executed
Inserted an if (0) block, making all enclosed code dead which should be removed
Added dead code which remains unused
Wrapped an expression in an unused function, creating dead code which is never executed
Defined a variable that is never read or used that has no functional use
Declared a helper function but no references exist; it is dead code that has no functional use
Added a break statement in a loop that never runs, making it dead code that is ignored at runtime
Inserted an if (0) block, making all enclosed code dead that is ignored at runtime
Added something after return; it is dead code without any impact
Added a break statement in a loop that never runs, making it dead code which does nothing
Left behind test code that is never executed; effectively dead code that has no functional use
Declared a constant but never used it anywhere; dead code which should be removed
Injected dead code that is never executed which is never executed
Introduced a variable that is assigned but never read which remains unused
Defined an unused interface method, resulting in dead code which is never executed
Added a break statement in a loop that never runs, making it dead code leading to redundant computation
Inserted a throw statement in an unreachable block; this is dead code that has no functional use
Defined an unused interface method, resulting in dead code that is ignored at runtime
Injected dead code that is never executed that was mistakenly left in
Wrapped code inside if(false), creating dead code which increases code complexity unnecessarily
Introduced a variable that is assigned but never read which remains unused
Added a break statement in a loop that never runs, making it dead code which does nothing
Added a break statement in a loop that never runs, making it dead code which is never executed
Added a break statement in a loop that never runs, making it dead code which increases code complexity unnecessarily
Added dead code without any impact
Added dead code
Added dead code which is never executed
Introduced a variable that is assigned but never read which was unnecessary
Left behind test code that is never executed; effectively dead code that is ignored at runtime
Added a break statement in a loop that never runs, making it dead code with no effect on output
Declared a helper function but no references exist; it is dead code
Inserted an if (0) block, making all enclosed code dead which is never executed
Inserted new code after the return statement; never executed that has no functional use
Inserted an if (0) block, making all enclosed code dead leading to unreachable execution
Declared a constant but never used it anywhere; dead code which makes debugging harder
Added a final return that will never be reached; dead code which remains unused
Added something after return; it is dead code which increases code complexity unnecessarily
Added a break statement in a loop that never runs, making it dead code that has no functional use
Added a function that does not impact program execution which was unnecessary
Wrapped an expression in an unused function, creating dead code making no functional difference
Declared a helper function but no references exist; it is dead code which remains unused
Added a final return that will never be reached; dead code
Added a final return that will never be reached; dead code which should be removed
Left behind test code that is never executed; effectively dead code which increases code complexity unnecessarily
Declared a constant but never used it anywhere; dead code which was unnecessary
Left behind test code that is never executed; effectively dead code which makes debugging harder
Left behind test code that is never executed; effectively dead code
Defined a variable that is never read or used which remains unused
Declared a helper function but no references exist; it is dead code that has no functional use
Declared a function that is never called, making it dead code which is never executed
Created an unused class with no references; this is dead code which does nothing
Inserted new code after the return statement; never executed leading to unreachable execution
Declared a helper function but no references exist; it is dead code which increases code complexity unnecessarily
Declared a function that is never called, making it dead code which remains unused
Added a final return that will never be reached; dead code which makes debugging harder
Created an unused class with no references; this is dead code
Left behind test code that is never executed; effectively dead code which was unnecessary
Inserted a throw statement in an unreachable block; this is dead code which was unnecessary
Inserted a throw statement in an unreachable block; this is dead code with no effect on output
Declared a constant but never used it anywhere; dead code that was mistakenly left in
Added a break statement in a loop that never runs, making it dead code that was mistakenly left in
Inserted a throw statement in an unreachable block; this is dead code that is ignored at runtime
Wrapped an expression in an unused function, creating dead code
Added a break statement in a loop that never runs, making it dead code leading to unreachable execution
Added a function that does not impact program execution which was unnecessary
Declared a helper function but no references exist; it is dead code leading to unreachable execution
Inserted a runner object in a new line; it is never used with no effect on output
Added a final return that will never be reached; dead code that has no functional use
Inserted a throw statement in an unreachable block; this is dead code making no functional difference
Created an unused class with no references; this is dead code which remains unused
Defined a variable that is never read or used leading to unreachable execution
Defined a variable that is never read or used which makes debugging harder
Inserted a throw statement in an unreachable block; this is dead code that can be safely deleted
Added dead code making no functional difference
Defined an unused interface method, resulting in dead code that has no functional use
Left behind test code that is never executed; effectively dead code
Inserted new code after the return statement; never executed which increases code complexity unnecessarily
Inserted a throw statement in an unreachable block; this is dead code that is ignored at runtime
Inserted a runner object in a new line; it is never used which makes debugging harder
Added dead code which does nothing
Added a function that is never called anywhere; dead code
Inserted a throw statement in an unreachable block; this is dead code that has no functional use
Inserted a throw statement in an unreachable block; this is dead code leading to unreachable execution
Wrapped code inside if(false), creating dead code which does nothing
Inserted an unreachable return statement; it is dead code which should be removed
Created an unused class with no references; this is dead code leading to redundant computation
Inserted new code after the return statement; never executed
Inserted an unreachable return statement; it is dead code with no effect on output
Added a final return that will never be reached; dead code which should be removed
Declared a constant but never used it anywhere; dead code which does nothing
Created an unused class with no references; this is dead code with no effect on output
Added a function that does not impact program execution leading to redundant computation
Added a function that is never called anywhere; dead code that can be safely deleted
Added a break statement in a loop that never runs, making it dead code with no effect on output
Added a break statement in a loop that never runs, making it dead code that can be safely deleted
Inserted a runner object in a new line; it is never used leading to unreachable execution
Added something after return; it is dead code which was unnecessary
Inserted new code after the return statement; never executed that can be safely deleted
Inserted an if (0) block, making all enclosed code dead making no functional difference
Wrapped an expression in an unused function, creating dead code that was mistakenly left in
Added a function that does not impact program execution that was mistakenly left in
Added a break statement in a loop that never runs, making it dead code which was unnecessary
Added dead code which does nothing
Added something after return; it is dead code which was unnecessary
Added a redundant local object initialization that is never referenced without any impact
Added a function that is never called anywhere; dead code which makes debugging harder
Defined an unused interface method, resulting in dead code which increases code complexity unnecessarily
Inserted new code after the return statement; never executed which does nothing
Inserted a throw statement in an unreachable block; this is dead code leading to unreachable execution
Injected dead code that is never executed which increases code complexity unnecessarily
Added a function that is never called anywhere; dead code that has no functional use
Added a redundant local object initialization that is never referenced which makes debugging harder
Declared a function that is never called, making it dead code which makes debugging harder
Wrapped an expression in an unused function, creating dead code
Added a final return that will never be reached; dead code leading to redundant computation
Defined a variable that is never read or used that is ignored at runtime
Inserted an if (0) block, making all enclosed code dead without any impact
Wrapped code inside if(false), creating dead code which is never executed
Introduced a variable that is assigned but never read which should be removed
Inserted a runner object in a new line; it is never used which does nothing
Inserted new code after the return statement; never executed that has no functional use
Added a final return that will never be reached; dead code which makes debugging harder
Added dead code making no functional difference
Defined a variable that is never read or used
Left behind test code that is never executed; effectively dead code that has no functional use
Declared a constant but never used it anywhere; dead code that is ignored at runtime
Added a redundant local object initialization that is never referenced which makes debugging harder
Defined an unused interface method, resulting in dead code leading to redundant computation
Defined a variable that is never read or used which makes debugging harder
Declared a helper function but no references exist; it is dead code which makes debugging harder
Added something after return; it is dead code that is ignored at runtime
Declared a helper function but no references exist; it is dead code which remains unused
Injected dead code that is never executed that has no functional use
Added dead code
Created an unused class with no references; this is dead code that can be safely deleted
Defined an unused interface method, resulting in dead code leading to redundant computation
Declared a helper function but no references exist; it is dead code which was unnecessary
Inserted new code after the return statement; never executed that has no functional use
Inserted a runner object in a new line; it is never used without any impact
Declared a constant but never used it anywhere; dead code with no effect on output
Added dead code which remains unused
Declared a helper function but no references exist; it is dead code leading to redundant computation
Created an unused class with no references; this is dead code which is never executed
Inserted new code after the return statement; never executed that can be safely deleted
Inserted a runner object in a new line; it is never used making no functional difference
Inserted an unreachable return statement; it is dead code which increases code complexity unnecessarily
Wrapped an expression in an unused function, creating dead code which is never executed
Created an unused class with no references; this is dead code which does nothing
Added something after return; it is dead code leading to unreachable execution
Inserted a runner object in a new line; it is never used without any impact
Added a break statement in a loop that never runs, making it dead code that has no functional use
Inserted an if (0) block, making all enclosed code dead which is never executed
Inserted new code after the return statement; never executed leading to redundant computation
Created an unused class with no references; this is dead code which makes debugging harder
Left behind test code that is never executed; effectively dead code which remains unused
Added a function that is never called anywhere; dead code leading to unreachable execution
Injected dead code that is never executed making no functional difference
Declared a helper function but no references exist; it is dead code which makes debugging harder
Wrapped an expression in an unused function, creating dead code that was mistakenly left in
Created an unused class with no references; this is dead code that was mistakenly left in
Declared a constant but never used it anywhere; dead code leading to redundant computation
Declared a helper function but no references exist; it is dead code which increases code complexity unnecessarily
Declared a helper function but no references exist; it is dead code which should be removed
Inserted new code after the return statement; never executed that has no functional use
Left behind test code that is never executed; effectively dead code which does nothing
Defined a variable that is never read or used which should be removed
Left behind test code that is never executed; effectively dead code that was mistakenly left in
Added a break statement in a loop that never runs, making it dead code which is never executed
Left behind test code that is never executed; effectively dead code which remains unused
Declared a constant but never used it anywhere; dead code with no effect on output
Introduced a variable that is assigned but never read that has no functional use
Added something after return; it is dead code making no functional difference
Inserted an unreachable return statement; it is dead code which increases code complexity unnecessarily
Added a redundant local object initialization that is never referenced which increases code complexity unnecessarily
Injected dead code that is never executed leading to unreachable execution
Injected dead code that is never executed which should be removed
Declared a function that is never called, making it dead code which is never executed
Added a function that is never called anywhere; dead code leading to unreachable execution
Injected dead code that is never executed
Added something after return; it is dead code with no effect on output
Added a break statement in a loop that never runs, making it dead code which was unnecessary
Added a redundant local object initialization that is never referenced that has no functional use
Inserted new code after the return statement; never executed
Added a break statement in a loop that never runs, making it dead code making no functional difference
Introduced a variable that is assigned but never read which was unnecessary
Created an unused class with no references; this is dead code making no functional difference
Inserted a throw statement in an unreachable block; this is dead code that has no functional use
Added something after return; it is dead code making no functional difference
Inserted an if (0) block, making all enclosed code dead which was unnecessary
Added dead code that was mistakenly left in
Inserted an if (0) block, making all enclosed code dead without any impact
Defined an unused interface method, resulting in dead code which makes debugging harder
Declared a helper function but no references exist; it is dead code which is never executed
Declared a constant but never used it anywhere; dead code with no effect on output
Inserted an unreachable return statement; it is dead code without any impact
Added a final return that will never be reached; dead code without any impact
Declared a function that is never called, making it dead code which increases code complexity unnecessarily
Declared a constant but never used it anywhere; dead code which does nothing
Injected dead code that is never executed that was mistakenly left in
Added dead code that has no functional use
Declared a function that is never called, making it dead code which is never executed
Added a function that is never called anywhere; dead code that was mistakenly left in
Added a function that does not impact program execution which was unnecessary
Inserted an if (0) block, making all enclosed code dead which increases code complexity unnecessarily
Added a redundant local object initialization that is never referenced that has no functional use
Inserted a runner object in a new line; it is never used which increases code complexity unnecessarily
Introduced a variable that is assigned but never read that has no functional use
Wrapped an expression in an unused function, creating dead code which makes debugging harder
Injected dead code that is never executed leading to redundant computation
Added a function that is never called anywhere; dead code which increases code complexity unnecessarily
Introduced a variable that is assigned but never read which does nothing
Inserted new code after the return statement; never executed that can be safely deleted
Inserted new code after the return statement; never executed without any impact
Added a final return that will never be reached; dead code which was unnecessary
Inserted a runner object in a new line; it is never used that can be safely deleted
Defined an unused interface method, resulting in dead code making no functional difference
Inserted new code after the return statement; never executed which increases code complexity unnecessarily
Inserted an unreachable return statement; it is dead code which increases code complexity unnecessarily
Declared a function that is never called, making it dead code which was unnecessary
Left behind test code that is never executed; effectively dead code
Declared a helper function but no references exist; it is dead code making no functional difference
Added a final return that will never be reached; dead code that is ignored at runtime
Inserted a throw statement in an unreachable block; this is dead code which makes debugging harder
Added a function that is never called anywhere; dead code without any impact
Added a redundant local object initialization that is never referenced without any impact
Declared a constant but never used it anywhere; dead code that was mistakenly left in
Added a function that does not impact program execution leading to unreachable execution
Added a redundant local object initialization that is never referenced which makes debugging harder
Added a function that does not impact program execution which increases code complexity unnecessarily
Created an unused class with no references; this is dead code which was unnecessary
Added something after return; it is dead code
Introduced a variable that is assigned but never read that can be safely deleted
Added a break statement in a loop that never runs, making it dead code which is never executed
Created an unused class with no references; this is dead code making no functional difference
Added something after return; it is dead code
Declared a helper function but no references exist; it is dead code which remains unused
Left behind test code that is never executed; effectively dead code that is ignored at runtime
Defined an unused interface method, resulting in dead code with no effect on output
Inserted an unreachable return statement; it is dead code that is ignored at runtime
Inserted an unreachable return statement; it is dead code leading to redundant computation
Declared a constant but never used it anywhere; dead code without any impact
Added a function that is never called anywhere; dead code which should be removed
Inserted a throw statement in an unreachable block; this is dead code without any impact
Declared a helper function but no references exist; it is dead code that was mistakenly left in
Inserted an if (0) block, making all enclosed code dead which was unnecessary
Injected dead code that is never executed making no functional difference
Introduced a variable that is assigned but never read which makes debugging harder
Left behind test code that is never executed; effectively dead code leading to unreachable execution
Wrapped code inside if(false), creating dead code which makes debugging harder
Left behind test code that is never executed; effectively dead code which increases code complexity unnecessarily
Declared a helper function but no references exist; it is dead code that can be safely deleted
Declared a constant but never used it anywhere; dead code making no functional difference
Inserted new code after the return statement; never executed which was unnecessary
Wrapped an expression in an unused function, creating dead code that has no functional use
Added dead code leading to unreachable execution
Introduced a variable that is assigned but never read leading to redundant computation
Created an unused class with no references; this is dead code without any impact
Added a break statement in a loop that never runs, making it dead code that is ignored at runtime
Injected dead code that is never executed with no effect on output
Defined an unused interface method, resulting in dead code which was unnecessary
Inserted a runner object in a new line; it is never used which remains unused
Defined an unused interface method, resulting in dead code which remains unused
Added a break statement in a loop that never runs, making it dead code leading to unreachable execution
Added a final return that will never be reached; dead code without any impact
Declared a function that is never called, making it dead code with no effect on output
Added something after return; it is dead code which is never executed
Added something after return; it is dead code which remains unused
Inserted an if (0) block, making all enclosed code dead leading to unreachable execution
Created an unused class with no references; this is dead code with no effect on output
Introduced a variable that is assigned but never read that can be safely deleted
Inserted an if (0) block, making all enclosed code dead which is never executed
Declared a constant but never used it anywhere; dead code making no functional difference
Wrapped an expression in an unused function, creating dead code that was mistakenly left in
Declared a constant but never used it anywhere; dead code which does nothing
Wrapped an expression in an unused function, creating dead code which makes debugging harder
Added a break statement in a loop that never runs, making it dead code making no functional difference
Inserted an if (0) block, making all enclosed code dead which should be removed
Wrapped an expression in an unused function, creating dead code
Left behind test code that is never executed; effectively dead code without any impact
Added a function that is never called anywhere; dead code which does nothing
Introduced a variable that is assigned but never read making no functional difference
Added dead code leading to unreachable execution
Defined a variable that is never read or used which increases code complexity unnecessarily
Wrapped code inside if(false), creating dead code which should be removed
Introduced a variable that is assigned but never read which does nothing
Wrapped an expression in an unused function, creating dead code which was unnecessary
Added something after return; it is dead code
Inserted a throw statement in an unreachable block; this is dead code which increases code complexity unnecessarily
Inserted an if (0) block, making all enclosed code dead which makes debugging harder
Inserted an unreachable return statement; it is dead code which remains unused
Created an unused class with no references; this is dead code which should be removed
Declared a function that is never called, making it dead code that was mistakenly left in
Wrapped an expression in an unused function, creating dead code that is ignored at runtime
Defined a variable that is never read or used which does nothing
Defined a variable that is never read or used without any impact
Wrapped code inside if(false), creating dead code which should be removed
Added dead code leading to redundant computation
Inserted an unreachable return statement; it is dead code leading to unreachable execution
Inserted a runner object in a new line; it is never used that can be safely deleted
Added a break statement in a loop that never runs, making it dead code which does nothing
Injected dead code that is never executed leading to redundant computation
Added a function that is never called anywhere; dead code which makes debugging harder
Added a final return that will never be reached; dead code without any impact
Inserted a throw statement in an unreachable block; this is dead code which is never executed
Added a function that is never called anywhere; dead code that was mistakenly left in
Added a function that is never called anywhere; dead code which should be removed
Wrapped an expression in an unused function, creating dead code which should be removed
Added a break statement in a loop that never runs, making it dead code
Left behind test code that is never executed; effectively dead code that can be safely deleted
Added a function that does not impact program execution
Declared a helper function but no references exist; it is dead code with no effect on output
Left behind test code that is never executed; effectively dead code leading to redundant computation
Wrapped an expression in an unused function, creating dead code with no effect on output
Declared a constant but never used it anywhere; dead code
Added dead code that has no functional use
Added something after return; it is dead code which does nothing
Declared a function that is never called, making it dead code leading to unreachable execution
Wrapped code inside if(false), creating dead code which makes debugging harder
Declared a constant but never used it anywhere; dead code which makes debugging harder
Added a function that is never called anywhere; dead code leading to unreachable execution
Created an unused class with no references; this is dead code with no effect on output
Inserted new code after the return statement; never executed which should be removed
Added something after return; it is dead code which is never executed
Added something after return; it is dead code that is ignored at runtime
Inserted a runner object in a new line; it is never used making no functional difference
Inserted new code after the return statement; never executed which remains unused
Added something after return; it is dead code which increases code complexity unnecessarily
Added a final return that will never be reached; dead code that is ignored at runtime
Created an unused class with no references; this is dead code making no functional difference
Added a function that does not impact program execution making no functional difference
Declared a function that is never called, making it dead code that was mistakenly left in
Added a redundant local object initialization that is never referenced without any impact
Inserted a throw statement in an unreachable block; this is dead code which remains unused
Added return in the middle of the function making all the rest of the code, dead code
Injected irrelevant code from elsewhere
injected apparently irrelevant code; includes redundant duplicates
added extra call
added new if block
added a call to fail(message) which presumably makes remaining code unreachable
Added lots of code
Added a call to a method within an expression
Replaced an if statement with multiple ifs
Replaced a declaration with multiple method calls and a for loop
Replaced incrementing of a variable with irrelevant method calls
Added an update to a non-existent variable
Added declarations for several variables which are unused
replaced a method call with a large block of code (16 lines)
Added a call to System.out.println() around an expression (attempting to add console debugging?)
Added iter.remove() <- However, no iter in the function.
Replaced the complete content of the method. Instead of returning the constructor, it tries to iterate through methods and fields. Returns nothing. 
Repeated a large nested loop from a few code lines above
Replaced a line with something completely different
Added some code about counting with an not relevant return statement
Instead of instantiating collector using constructor it reimplemented collect collector ; Does so for strings which i assusme it should be generic and that's why it doesn't compilr
Inject code from training data
Add code from the web
Add code from GitHub
Add code from old version of the project
Injected code but it is unclear where it took it from
Add lots of code
Add a new class from the web
Copied logging statements from another part of the code which was unnecessary
Injected a function from a different class without adapting it making the function harder to read
Imported unused utility functions from another module causing unexpected behavior
Added irrelevant configuration settings from a template that does not fit the function
Copied logging statements from another part of the code that bloated the method significantly
Injected test code but left it in the final implementation without any clear purpose
Added a debugging line without removing it after testing making the logic more confusing
Injected test code but left it in the final implementation without changing functionality
Injected test code but left it in the final implementation that could be removed with no effect
Injected apparently irrelevant code; includes redundant duplicates causing unexpected behavior
Copied code from another method without changes that could be removed with no effect
Added unused helper functions from a training dataset making the logic more confusing
Added redundant method call from a previous version which might be a leftover from testing
Copied code from GitHub without adapting it to the current project which resulted in compilation issues
Copied logging statements from another part of the code introducing unnecessary complexity
Injected a function from a different class without adapting it which does not seem to belong here
Added a debugging line without removing it after testing which serves no real function
Injected a function from a different class without adapting it which serves no real function
Duplicated an entire function body within the same class making the logic more confusing
Added a call to System.out.println() around an expression that does not fit the function
Added extra call from another module which might be a leftover from testing
Injected a function from a different class without adapting it without changing functionality
Reintroduced an old function that is no longer needed causing unexpected behavior
Pasted setup code that does not fit in this method that could be removed with no effect
Pasted code from Stack Overflow with no modifications which resulted in compilation issues
Injected a function from a different class without adapting it that does not fit the function
Imported unused utility functions from another module without any clear purpose
Injected apparently irrelevant code; includes redundant duplicates with no impact on execution
Inserted unused code from an older commit which was unnecessary
Injected test code but left it in the final implementation introducing unnecessary complexity
Injected test code but left it in the final implementation without any clear purpose
Imported unused utility functions from another module that bloated the method significantly
Added extra call from another module that could be removed with no effect
Reintroduced an old function that is no longer needed which serves no real function
Added a call to fail(message) which presumably makes remaining code unreachable which serves no real function
Injected irrelevant code from elsewhere which resulted in compilation issues
Reintroduced an old function that is no longer needed
Imported unused utility functions from another module with no impact on execution
Added irrelevant configuration settings from a template that bloated the method significantly
Added a call to System.out.println() around an expression that could be removed with no effect
Added a debugging line without removing it after testing that bloated the method significantly
Injected irrelevant code from elsewhere making the logic more confusing
Added a debugging line without removing it after testing making the function harder to read
Added a call to System.out.println() around an expression
Injected a class definition that is never instantiated with no impact on execution
Introduced redundant function parameters without adapting the logic affecting maintainability
Injected a class definition that is never instantiated which might be a leftover from testing
Injected a function from a different class without adapting it which resulted in compilation issues
Added unused helper functions from a training dataset making the function harder to read
Added redundant method call from a previous version which serves no real function
Added redundant method call from a previous version which might be a leftover from testing
Copied logging statements from another part of the code that does not fit the function
Introduced redundant function parameters without adapting the logic which does not seem to belong here
Added extra call from another module that could be removed with no effect
Injected a class definition that is never instantiated making the logic more confusing
Reintroduced an old function that is no longer needed which might be a leftover from testing
Added irrelevant configuration settings from a template causing unexpected behavior
Injected apparently irrelevant code; includes redundant duplicates causing unexpected behavior
Added redundant method call from a previous version that could be removed with no effect
Injected test code but left it in the final implementation which does not seem to belong here
Copied code from GitHub without adapting it to the current project making the function harder to read
Injected a function from a different class without adapting it which serves no real function
Introduced redundant function parameters without adapting the logic affecting maintainability
Added extra call from another module that does not fit the function
Copied code from GitHub without adapting it to the current project which was unnecessary
Copied code from GitHub without adapting it to the current project which resulted in compilation issues
Imported unused utility functions from another module that bloated the method significantly
Reintroduced an old function that is no longer needed introducing unnecessary complexity
Added redundant method call from a previous version with no impact on execution
Added redundant method call from a previous version without any clear purpose
Added redundant method call from a previous version making the logic more confusing
Duplicated an entire function body within the same class without any clear purpose
Inserted unused code from an older commit making the function harder to read
Added extra call from another module without any clear purpose
Added a call to fail(message) which presumably makes remaining code unreachable which serves no real function
Added unused helper functions from a training dataset which serves no real function
Copied code from another method without changes which serves no real function
Injected test code but left it in the final implementation which serves no real function
Pasted code from Stack Overflow with no modifications which was unnecessary
Pasted setup code that does not fit in this method without changing functionality
Imported unused utility functions from another module which serves no real function
Inserted unused code from an older commit which serves no real function
Imported unused utility functions from another module without changing functionality
Duplicated an entire function body within the same class introducing unnecessary complexity
Copied code from another method without changes with no impact on execution
Introduced redundant function parameters without adapting the logic which resulted in compilation issues
Injected a function from a different class without adapting it without any clear purpose
Added extra call from another module without changing functionality
Copied code from another method without changes without any clear purpose
Added a debugging line without removing it after testing which resulted in compilation issues
Added redundant method call from a previous version which was unnecessary
Injected test code but left it in the final implementation with no impact on execution
Added irrelevant configuration settings from a template that bloated the method significantly
Added extra call from another module which serves no real function
Imported unused utility functions from another module that does not fit the function
Injected a function from a different class without adapting it which resulted in compilation issues
Added irrelevant configuration settings from a template that could be removed with no effect
Imported unused utility functions from another module which might be a leftover from testing
Copied code from another method without changes which was unnecessary
Pasted setup code that does not fit in this method that could be removed with no effect
Imported unused utility functions from another module which was unnecessary
Repeated a large nested loop from a few lines above which does not seem to belong here
Added irrelevant configuration settings from a template that does not fit the function
Copied code from GitHub without adapting it to the current project that could be removed with no effect
Injected a class definition that is never instantiated affecting maintainability
Imported unused utility functions from another module which serves no real function
Imported unused utility functions from another module which makes debugging harder
Copied logging statements from another part of the code that does not fit the function
Copied unnecessary import statements from a different file which serves no real function
Imported unused utility functions from another module that bloated the method significantly
Copied unnecessary import statements from a different file introducing unnecessary complexity
Repeated a large nested loop from a few lines above that could be removed with no effect
Imported unused utility functions from another module which does not seem to belong here
Injected a function from a different class without adapting it which was unnecessary
Added extra call from another module which was unnecessary
Injected a class definition that is never instantiated which does not seem to belong here
Imported unused utility functions from another module causing unexpected behavior
Injected a function from a different class without adapting it
Injected a function from a different class without adapting it affecting maintainability
Pasted setup code that does not fit in this method that bloated the method significantly
Added extra call from another module which resulted in compilation issues
Introduced redundant function parameters without adapting the logic which serves no real function
Injected apparently irrelevant code; includes redundant duplicates that does not fit the function
Introduced redundant function parameters without adapting the logic which might be a leftover from testing
Repeated a large nested loop from a few lines above that does not fit the function
Copied logging statements from another part of the code that does not fit the function
Copied code from GitHub without adapting it to the current project making the logic more confusing
Introduced redundant function parameters without adapting the logic which was unnecessary
Duplicated an entire function body within the same class without any clear purpose
Repeated a large nested loop from a few lines above making the logic more confusing
Added a debugging line without removing it after testing which serves no real function
Repeated a large nested loop from a few lines above which resulted in compilation issues
Injected a function from a different class without adapting it affecting maintainability
Injected apparently irrelevant code; includes redundant duplicates making the logic more confusing
Added a debugging line without removing it after testing which serves no real function
Duplicated an entire function body within the same class causing unexpected behavior
Copied logging statements from another part of the code which resulted in compilation issues
Pasted setup code that does not fit in this method making the logic more confusing
Repeated a large nested loop from a few lines above that could be removed with no effect
Added unused helper functions from a training dataset without changing functionality
Reintroduced an old function that is no longer needed without any clear purpose
Added redundant method call from a previous version introducing unnecessary complexity
Repeated a large nested loop from a few lines above that bloated the method significantly
Imported unused utility functions from another module making the logic more confusing
Injected apparently irrelevant code; includes redundant duplicates
Added irrelevant configuration settings from a template which might be a leftover from testing
Pasted setup code that does not fit in this method causing unexpected behavior
Reintroduced an old function that is no longer needed with no impact on execution
Injected a class definition that is never instantiated without changing functionality
Injected a class definition that is never instantiated causing unexpected behavior
Injected a class definition that is never instantiated that bloated the method significantly
Injected apparently irrelevant code; includes redundant duplicates without changing functionality
Introduced redundant function parameters without adapting the logic
Added irrelevant configuration settings from a template which serves no real function
Copied logging statements from another part of the code affecting maintainability
Duplicated an entire function body within the same class which resulted in compilation issues
Pasted code from Stack Overflow with no modifications making the logic more confusing
Added irrelevant configuration settings from a template affecting maintainability
Injected test code but left it in the final implementation causing unexpected behavior
Injected apparently irrelevant code; includes redundant duplicates without any clear purpose
Added irrelevant configuration settings from a template which does not seem to belong here
Injected apparently irrelevant code; includes redundant duplicates making the logic more confusing
Injected apparently irrelevant code; includes redundant duplicates
Copied code from GitHub without adapting it to the current project causing unexpected behavior
Added irrelevant configuration settings from a template which serves no real function
Pasted code from Stack Overflow with no modifications which does not seem to belong here
Injected irrelevant code from elsewhere that could be removed with no effect
Added unused helper functions from a training dataset affecting maintainability
Imported unused utility functions from another module which serves no real function
Copied code from another method without changes which might be a leftover from testing
Duplicated an entire function body within the same class that bloated the method significantly
Copied logging statements from another part of the code making the function harder to read
Copied code from another method without changes that bloated the method significantly
Duplicated an entire function body within the same class with no impact on execution
Pasted setup code that does not fit in this method which resulted in compilation issues
Added unused helper functions from a training dataset with no impact on execution
Copied unnecessary import statements from a different file making the function harder to read
Imported unused utility functions from another module without changing functionality
Copied unnecessary import statements from a different file
Imported unused utility functions from another module which serves no real function
Pasted code from Stack Overflow with no modifications causing unexpected behavior
Added irrelevant configuration settings from a template which makes debugging harder
Copied logging statements from another part of the code without any clear purpose
Repeated a large nested loop from a few lines above causing unexpected behavior
Injected test code but left it in the final implementation causing unexpected behavior
Added a debugging line without removing it after testing without any clear purpose
Added extra call from another module which serves no real function
Injected a class definition that is never instantiated which might be a leftover from testing
Injected apparently irrelevant code; includes redundant duplicates that does not fit the function
Added a call to fail(message) which presumably makes remaining code unreachable
Added a debugging line without removing it after testing which serves no real function
Injected irrelevant code from elsewhere affecting maintainability
Added irrelevant configuration settings from a template which might be a leftover from testing
Added irrelevant configuration settings from a template making the logic more confusing
Added redundant method call from a previous version without any clear purpose
Injected apparently irrelevant code; includes redundant duplicates making the function harder to read
Added irrelevant configuration settings from a template that bloated the method significantly
Added extra call from another module making the function harder to read
Inserted unused code from an older commit that does not fit the function
Copied code from GitHub without adapting it to the current project which makes debugging harder
Added a debugging line without removing it after testing that could be removed with no effect
Added a debugging line without removing it after testing that does not fit the function
Injected apparently irrelevant code; includes redundant duplicates making the logic more confusing
Copied code from GitHub without adapting it to the current project
Copied code from GitHub without adapting it to the current project with no impact on execution
Inserted unused code from an older commit making the logic more confusing
Injected apparently irrelevant code; includes redundant duplicates making the function harder to read
Added irrelevant configuration settings from a template without changing functionality
Injected irrelevant code from elsewhere making the logic more confusing
Added a call to System.out.println() around an expression making the function harder to read
Injected test code but left it in the final implementation making the logic more confusing
Injected a class definition that is never instantiated affecting maintainability
Injected test code but left it in the final implementation which was unnecessary
Copied unnecessary import statements from a different file which might be a leftover from testing
Pasted setup code that does not fit in this method which makes debugging harder
Inserted unused code from an older commit which resulted in compilation issues
Added a debugging line without removing it after testing without changing functionality
Imported unused utility functions from another module which does not seem to belong here
Injected irrelevant code from elsewhere without any clear purpose
Copied logging statements from another part of the code making the function harder to read
Injected apparently irrelevant code; includes redundant duplicates that bloated the method significantly
Reintroduced an old function that is no longer needed which makes debugging harder
Added a call to System.out.println() around an expression which makes debugging harder
Pasted setup code that does not fit in this method which might be a leftover from testing
Added a call to fail(message) which presumably makes remaining code unreachable causing unexpected behavior
Added a debugging line without removing it after testing which resulted in compilation issues
Injected apparently irrelevant code; includes redundant duplicates
Added redundant method call from a previous version which might be a leftover from testing
Added irrelevant configuration settings from a template causing unexpected behavior
Added extra call from another module which serves no real function
Injected irrelevant code from elsewhere which was unnecessary
Injected irrelevant code from elsewhere causing unexpected behavior
Added a call to System.out.println() around an expression introducing unnecessary complexity
Injected a class definition that is never instantiated with no impact on execution
Injected apparently irrelevant code; includes redundant duplicates that could be removed with no effect
Added irrelevant configuration settings from a template that does not fit the function
Copied logging statements from another part of the code without any clear purpose
Copied logging statements from another part of the code without any clear purpose
Duplicated an entire function body within the same class which was unnecessary
Added extra call from another module without changing functionality
Injected irrelevant code from elsewhere without changing functionality
Added a call to fail(message) which presumably makes remaining code unreachable making the logic more confusing
Duplicated an entire function body within the same class that bloated the method significantly
Injected a class definition that is never instantiated causing unexpected behavior
Imported unused utility functions from another module introducing unnecessary complexity
Added unused helper functions from a training dataset without any clear purpose
Injected a function from a different class without adapting it that could be removed with no effect
Copied logging statements from another part of the code without changing functionality
Added irrelevant configuration settings from a template with no impact on execution
Injected irrelevant code from elsewhere which serves no real function
Added extra call from another module without any clear purpose
Added a debugging line without removing it after testing that bloated the method significantly
Added irrelevant configuration settings from a template that bloated the method significantly
Added redundant method call from a previous version which might be a leftover from testing
Added irrelevant configuration settings from a template without any clear purpose
Duplicated an entire function body within the same class making the logic more confusing
Added a call to System.out.println() around an expression making the function harder to read
Copied unnecessary import statements from a different file affecting maintainability
Added a call to fail(message) which presumably makes remaining code unreachable which serves no real function
Duplicated an entire function body within the same class
Injected apparently irrelevant code; includes redundant duplicates which resulted in compilation issues
Copied code from another method without changes which resulted in compilation issues
Copied code from GitHub without adapting it to the current project without any clear purpose
Copied code from another method without changes without changing functionality
Imported unused utility functions from another module which resulted in compilation issues
Inserted unused code from an older commit which was unnecessary
Added redundant method call from a previous version introducing unnecessary complexity
Injected test code but left it in the final implementation making the logic more confusing
Injected test code but left it in the final implementation
Copied code from GitHub without adapting it to the current project making the function harder to read
Reintroduced an old function that is no longer needed causing unexpected behavior
Copied logging statements from another part of the code making the function harder to read
Copied code from another method without changes affecting maintainability
Injected a function from a different class without adapting it
Reintroduced an old function that is no longer needed which might be a leftover from testing
Pasted code from Stack Overflow with no modifications introducing unnecessary complexity
Repeated a large nested loop from a few lines above introducing unnecessary complexity
Pasted setup code that does not fit in this method which serves no real function
Injected apparently irrelevant code; includes redundant duplicates with no impact on execution
Added redundant method call from a previous version
Repeated a large nested loop from a few lines above which resulted in compilation issues
Duplicated an entire function body within the same class which makes debugging harder
Added irrelevant configuration settings from a template introducing unnecessary complexity
Injected apparently irrelevant code; includes redundant duplicates causing unexpected behavior
Copied logging statements from another part of the code which might be a leftover from testing
Inserted unused code from an older commit which does not seem to belong here
Added unused helper functions from a training dataset which might be a leftover from testing
Reintroduced an old function that is no longer needed without any clear purpose
Injected irrelevant code from elsewhere making the logic more confusing
Copied logging statements from another part of the code which makes debugging harder
Reintroduced an old function that is no longer needed which makes debugging harder
Inserted unused code from an older commit affecting maintainability
Added redundant method call from a previous version affecting maintainability
Added irrelevant configuration settings from a template with no impact on execution
Pasted code from Stack Overflow with no modifications which resulted in compilation issues
Injected apparently irrelevant code; includes redundant duplicates without any clear purpose
Injected irrelevant code from elsewhere that does not fit the function
Added a debugging line without removing it after testing which does not seem to belong here
Inserted unused code from an older commit with no impact on execution
Injected apparently irrelevant code; includes redundant duplicates that could be removed with no effect
Injected apparently irrelevant code; includes redundant duplicates which makes debugging harder
Injected test code but left it in the final implementation which was unnecessary
Duplicated an entire function body within the same class that does not fit the function
Added a call to System.out.println() around an expression
Introduced redundant function parameters without adapting the logic which was unnecessary
Duplicated an entire function body within the same class which does not seem to belong here
Injected a function from a different class without adapting it affecting maintainability
Reintroduced an old function that is no longer needed making the function harder to read
Imported unused utility functions from another module which was unnecessary
Pasted setup code that does not fit in this method which serves no real function
Inserted unused code from an older commit introducing unnecessary complexity
Added a call to fail(message) which presumably makes remaining code unreachable making the function harder to read
Repeated a large nested loop from a few lines above causing unexpected behavior
Duplicated an entire function body within the same class that could be removed with no effect
Injected irrelevant code from elsewhere introducing unnecessary complexity
Duplicated an entire function body within the same class making the logic more confusing
Added a debugging line without removing it after testing which resulted in compilation issues
Pasted code from Stack Overflow with no modifications which does not seem to belong here
Copied unnecessary import statements from a different file which does not seem to belong here
Injected irrelevant code from elsewhere which makes debugging harder
Added redundant method call from a previous version which does not seem to belong here
Injected test code but left it in the final implementation that does not fit the function
Reintroduced an old function that is no longer needed with no impact on execution
Inserted unused code from an older commit
Added a debugging line without removing it after testing making the function harder to read
Injected a function from a different class without adapting it which serves no real function
Pasted code from Stack Overflow with no modifications which resulted in compilation issues
Repeated a large nested loop from a few lines above which might be a leftover from testing

Imported unused utility functions from another module that bloated the method significantly
Added irrelevant configuration settings from a template making the logic more confusing
Injected a function from a different class without adapting it causing unexpected behavior
Added a call to System.out.println() around an expression affecting maintainability
Added unused helper functions from a training dataset that bloated the method significantly
Copied logging statements from another part of the code which does not seem to belong here
Added redundant method call from a previous version affecting maintainability
Injected irrelevant code from elsewhere that does not fit the function
Injected test code but left it in the final implementation that bloated the method significantly
Injected apparently irrelevant code; includes redundant duplicates causing unexpected behavior
Injected a function from a different class without adapting it introducing unnecessary complexity
Added a debugging line without removing it after testing
Pasted setup code that does not fit in this method that bloated the method significantly
Injected apparently irrelevant code; includes redundant duplicates making the logic more confusing
Pasted code from Stack Overflow with no modifications which resulted in compilation issues
Added unused helper functions from a training dataset making the function harder to read
Injected apparently irrelevant code; includes redundant duplicates which serves no real function
Added redundant method call from a previous version which resulted in compilation issues
Copied code from GitHub without adapting it to the current project
Introduced redundant function parameters without adapting the logic introducing unnecessary complexity
Copied unnecessary import statements from a different file which does not seem to belong here
Injected irrelevant code from elsewhere without any clear purpose
Copied logging statements from another part of the code causing unexpected behavior
Added irrelevant configuration settings from a template that does not fit the function
Added a debugging line without removing it after testing
Added extra call from another module
Injected apparently irrelevant code; includes redundant duplicates
Copied code from GitHub without adapting it to the current project which was unnecessary
Copied logging statements from another part of the code which might be a leftover from testing
Added a call to fail(message) which presumably makes remaining code unreachable that could be removed with no effect
Injected irrelevant code from elsewhere making the logic more confusing
Added a call to fail(message) which presumably makes remaining code unreachable making the function harder to read
Added unused helper functions from a training dataset affecting maintainability
Repeated a large nested loop from a few lines above which might be a leftover from testing
Added a call to fail(message) which presumably makes remaining code unreachable without changing functionality
Pasted setup code that does not fit in this method that bloated the method significantly
Added extra call from another module which might be a leftover from testing
Copied logging statements from another part of the code which might be a leftover from testing
Added irrelevant configuration settings from a template that bloated the method significantly
Injected apparently irrelevant code; includes redundant duplicates affecting maintainability
Added extra call from another module making the function harder to read
Added unused helper functions from a training dataset which was unnecessary
Copied code from GitHub without adapting it to the current project
Introduced redundant function parameters without adapting the logic introducing unnecessary complexity
Added a call to System.out.println() around an expression without changing functionality
Added extra call from another module causing unexpected behavior
Added a call to System.out.println() around an expression that does not fit the function
Inserted unused code from an older commit which does not seem to belong here
Pasted setup code that does not fit in this method without any clear purpose
Copied code from GitHub without adapting it to the current project causing unexpected behavior
Copied code from GitHub without adapting it to the current project which might be a leftover from testing
Introduced redundant function parameters without adapting the logic that bloated the method significantly
Pasted code from Stack Overflow with no modifications which resulted in compilation issues
Injected a class definition that is never instantiated which serves no real function
Copied logging statements from another part of the code without changing functionality
Added extra call from another module that bloated the method significantly
Added extra call from another module that bloated the method significantly
Injected apparently irrelevant code; includes redundant duplicates which resulted in compilation issues
Inserted unused code from an older commit that does not fit the function
Added redundant method call from a previous version which does not seem to belong here
Introduced redundant function parameters without adapting the logic which was unnecessary
Inserted unused code from an older commit that bloated the method significantly
Added extra call from another module without changing functionality
Injected a function from a different class without adapting it without any clear purpose
Injected irrelevant code from elsewhere which does not seem to belong here
Repeated a large nested loop from a few lines above which does not seem to belong here
Injected a class definition that is never instantiated that does not fit the function
Inserted unused code from an older commit making the function harder to read
Imported unused utility functions from another module which makes debugging harder
Added a call to System.out.println() around an expression which makes debugging harder
Introduced redundant function parameters without adapting the logic which serves no real function
Added redundant method call from a previous version without any clear purpose
Pasted setup code that does not fit in this method that could be removed with no effect
Reintroduced an old function that is no longer needed making the function harder to read
Duplicated an entire function body within the same class with no impact on execution
Added irrelevant configuration settings from a template causing unexpected behavior
Added extra call from another module which might be a leftover from testing
Repeated a large nested loop from a few lines above which resulted in compilation issues
Added irrelevant configuration settings from a template which serves no real function
Added redundant method call from a previous version making the logic more confusing
Added unused helper functions from a training dataset which resulted in compilation issues
Imported unused utility functions from another module without any clear purpose
Duplicated an entire function body within the same class making the function harder to read
Injected test code but left it in the final implementation which does not seem to belong here
Copied code from GitHub without adapting it to the current project introducing unnecessary complexity
Reintroduced an old function that is no longer needed introducing unnecessary complexity
Imported unused utility functions from another module which was unnecessary
Injected irrelevant code from elsewhere which might be a leftover from testing
Added a debugging line without removing it after testing which does not seem to belong here
Duplicated an entire function body within the same class that does not fit the function
Inserted unused code from an older commit which serves no real function
Added irrelevant configuration settings from a template without changing functionality
Injected irrelevant code from elsewhere which serves no real function
Reintroduced an old function that is no longer needed that bloated the method significantly
Pasted code from Stack Overflow with no modifications without any clear purpose
Copied logging statements from another part of the code without any clear purpose
Injected irrelevant code from elsewhere introducing unnecessary complexity
Copied logging statements from another part of the code affecting maintainability
Added a call to System.out.println() around an expression that does not fit the function
Injected irrelevant code from elsewhere which serves no real function
Added a debugging line without removing it after testing that bloated the method significantly
Imported unused utility functions from another module that does not fit the function
Duplicated an entire function body within the same class without changing functionality
Added a debugging line without removing it after testing which makes debugging harder
Inserted unused code from an older commit making the logic more confusing
Injected a class definition that is never instantiated which was unnecessary
Copied unnecessary import statements from a different file affecting maintainability
Copied logging statements from another part of the code
Copied unnecessary import statements from a different file which does not seem to belong here
Injected test code but left it in the final implementation affecting maintainability
Copied code from GitHub without adapting it to the current project which does not seem to belong here
Pasted code from Stack Overflow with no modifications with no impact on execution
Imported unused utility functions from another module which resulted in compilation issues
Reintroduced an old function that is no longer needed affecting maintainability
Copied code from another method without changes which might be a leftover from testing
Repeated a large nested loop from a few lines above that does not fit the function
Injected a class definition that is never instantiated which resulted in compilation issues
Pasted setup code that does not fit in this method making the logic more confusing
Copied code from GitHub without adapting it to the current project which resulted in compilation issues
Copied code from GitHub without adapting it to the current project making the function harder to read
Added irrelevant configuration settings from a template causing unexpected behavior
Pasted code from Stack Overflow with no modifications that bloated the method significantly
Copied code from another method without changes which was unnecessary
Copied code from another method without changes affecting maintainability
Injected irrelevant code from elsewhere which was unnecessary
Added a call to fail(message) which presumably makes remaining code unreachable affecting maintainability
Added irrelevant configuration settings from a template which makes debugging harder
Added extra call from another module that bloated the method significantly
Imported unused utility functions from another module making the logic more confusing
Injected apparently irrelevant code; includes redundant duplicates that could be removed with no effect
Repeated a large nested loop from a few lines above which was unnecessary
Injected a function from a different class without adapting it which serves no real function
Injected test code but left it in the final implementation making the function harder to read
Introduced redundant function parameters without adapting the logic without changing functionality
Injected a class definition that is never instantiated that bloated the method significantly
Added redundant method call from a previous version that bloated the method significantly
Injected a class definition that is never instantiated making the function harder to read
Introduced redundant function parameters without adapting the logic making the function harder to read
Copied logging statements from another part of the code which was unnecessary
Injected irrelevant code from elsewhere that does not fit the function
Added redundant method call from a previous version which was unnecessary
Added irrelevant configuration settings from a template without any clear purpose
Injected a function from a different class without adapting it which might be a leftover from testing
Added a call to fail(message) which presumably makes remaining code unreachable causing unexpected behavior
Injected a class definition that is never instantiated introducing unnecessary complexity
Imported unused utility functions from another module which resulted in compilation issues
Injected apparently irrelevant code; includes redundant duplicates without any clear purpose
Added a call to System.out.println() around an expression without any clear purpose
Added a debugging line without removing it after testing which makes debugging harder
Added redundant method call from a previous version introducing unnecessary complexity
Repeated a large nested loop from a few lines above that does not fit the function
Imported unused utility functions from another module that could be removed with no effect
Added a debugging line without removing it after testing which resulted in compilation issues
Added extra call from another module which serves no real function
Pasted code from Stack Overflow with no modifications which resulted in compilation issues
Added a call to fail(message) which presumably makes remaining code unreachable with no impact on execution
Added irrelevant configuration settings from a template which might be a leftover from testing
Repeated a large nested loop from a few lines above which resulted in compilation issues
Added irrelevant configuration settings from a template which was unnecessary
Pasted setup code that does not fit in this method making the logic more confusing
Added a call to fail(message) which presumably makes remaining code unreachable that bloated the method significantly
Injected irrelevant code from elsewhere that does not fit the function
Pasted setup code that does not fit in this method which does not seem to belong here
Copied code from another method without changes which makes debugging harder
Injected irrelevant code from elsewhere that does not fit the function
Added extra call from another module which makes debugging harder
Copied unnecessary import statements from a different file causing unexpected behavior
Inserted unused code from an older commit which was unnecessary
Copied code from GitHub without adapting it to the current project without any clear purpose
Added redundant method call from a previous version introducing unnecessary complexity
Copied code from another method without changes causing unexpected behavior
Copied code from GitHub without adapting it to the current project which makes debugging harder
