15	I'm happy to help! However, I don't see a Java diff to summarize. Please provide the code snippets you'd like me to compare, and I'll be happy to condense the result into exactly 15 words.
15	No change
15	no diff
15	nothing changed
15	No change
15	No changes? Could not find any changes in the diff
15	No change
15	No Diff
15	No difference
15	No edits detected were found
15	Unchanged content observed
15	Unchanged content at all
15	No alterations
15	No alterations observed
15	No differences in the diff
14	Identical code seen
15	No detected changes
15	No change observed
15	Nothing changed in the analysis
15	No modification detected in the analysis
15	No discrepancies were found
15	No edits detected in review
15	No edits detected detected
15	No file modifications observed
14	Identical code confirmed
15	No file modifications seen
14	Identical code in the diff
15	Nothing changed when comparing
15	No alterations at all
15	Unchanged content when comparing
15	Files are the same when comparing
15	No file modifications noted
15	Files are the same seen
15	No change between files
15	No modification detected in the diff
15	No alterations in the diff
15	No modification detected between files
14	Identical code in review
15	No modification detected between files
15	Nothing changed in the diff
15	No changes found noted
15	Unchanged content between files
15	No discrepancies in the diff
15	No edits detected in the analysis
14	Identical code detected
15	No file modifications in the analysis
15	No alterations after comparison
15	No updates
15	No differences noted
15	No updates in the analysis
15	No edits detected at all
15	Nothing changed between files
15	No change at all
15	No updates were found
15	Unchanged content at all
15	No alterations
15	No modification detected in the analysis
14	Identical files between files
15	No diff between files
15	No modification detected observed
15	No differences at all
15	No detected changes in the diff
15	No detected changes seen
15	No variations found in review
15	No changes found noted
15	No file modifications at all
15	No alterations in the analysis
15	No discrepancies were found
14	Identical code seen
15	No difference detected
15	Unchanged content were found
15	No variations found confirmed
15	No edits detected after comparison
15	No variations in comparison
15	No discrepancies in the analysis
15	No variations found at all
15	No updates at all
15	No change after comparison
15	No differences in the diff
15	No detected changes seen
15	No difference were found
15	No updates noted
15	No alterations in review
15	No variations found seen
15	Identical files in the analysis
14	Identical code confirmed
15	Nothing changed after comparison
15	Identical files noted
14	Identical code observed
15	No diff observed
15	Nothing changed noted
15	No differences noted
15	No variations found in comparison
15	No differences confirmed
15	No file modifications in review
15	Files are the same between files
15	No edits detected in the diff
15	Same before and after at all
15	No changes found observed
15	Unchanged content between files
15	No alterations at all
14	Same before and after detected
15	No detected changes after comparison
15	No modification detected after comparison
15	No difference observed
15	No changes found in comparison
15	No variations found seen
15	No variations found seen
15	Identical files detected
15	No diff at all
14	Identical code were found
15	Unchanged content at all
15	Identical files
15	No edits detected in comparison
15	Files are the same after comparison
15	No change in the diff
15	No edits detected at all
15	Same before and after in the analysis
15	No changes found after comparison
14	Identical code in review
15	No file modifications between files
15	No modification detected seen
15	No updates
15	No discrepancies in review
15	Files are the same were found
15	No updates between files
14	Identical code in review
15	No edits detected noted
15	No modification detected
15	No differences seen
15	No differences in the analysis
15	No discrepancies were found
15	No alterations at all
15	No edits detected in the analysis
15	No difference in the analysis
15	No alterations in the analysis
15	Identical files in comparison
15	Nothing changed in the analysis
15	No diff in comparison
15	No detected changes in the analysis
15	No updates in comparison
15	No edits detected were found
15	No difference in the analysis
15	No modification detected after comparison
15	Nothing changed in the analysis
15	No modification detected in the diff
15	Files are the same in review
15	No change observed
15	No alterations when comparing
15	No updates at all
15	No detected changes in the analysis
15	No updates between files
15	No detected changes in comparison
15	No discrepancies in comparison
15	Same before and after in the diff
15	No alterations in the diff
15	No variations detected
14	Same before and after when comparing
15	No change at all
15	No change seen
15	Identical files in the analysis
15	No differences were found
15	No detected changes noted
15	No file modifications between files
15	No variations detected
15	No detected changes confirmed
15	No change when comparing
15	No discrepancies seen
15	No detected changes were found
15	Unchanged content were found
14	Identical code when comparing
15	Identical files in the analysis
15	Unchanged content
15	No edits detected in the diff
15	No variations in review
15	No edits detected confirmed
14	Identical code observed
15	No updates detected
14	Identical code when comparing
15	No diff confirmed
14	Identical code
15	No modification detected in review
15	Files are the same between files
15	Unchanged content seen
15	No difference seen
15	No changes found
14	Identical code in review
15	Files are the same detected
15	No changes found noted
15	No change
14	Identical code after comparison
15	Nothing changed noted
15	No updates seen
15	Unchanged content in comparison
15	No edits detected seen
15	No alterations after comparison
15	Files are the same detected
15	No discrepancies confirmed
14	Identical code at all
15	No detected changes seen
15	No alterations
15	No variations found between files
15	No variations found detected
15	No edits detected in comparison
15	No discrepancies seen
15	No edits detected confirmed
15	No detected changes confirmed
15	No discrepancies seen
15	No detected changes when comparing
15	No modification detected detected
15	No variations detected
15	No difference noted
15	Nothing changed when comparing
15	No variations found
15	No modification detected
15	No variations found were found
15	No diff in comparison
15	Nothing changed in the analysis
15	Identical files in the diff
15	No change seen
15	No modification detected were found
15	Files are the same were found
15	No discrepancies in review
15	No variations found in review
15	Nothing changed when comparing
15	No modification detected when comparing
15	Unchanged content seen
15	No variations found between files
15	No file modifications in the diff
15	No alterations observed
15	No updates seen
15	No changes found seen
15	No detected changes between files
14	Identical code noted
15	No edits detected after comparison
15	No modification detected noted
15	No differences when comparing
15	No alterations when comparing
15	Identical files in the analysis
15	No differences observed
15	No updates in review
15	Nothing changed were found
15	Identical files noted
15	No diff observed
15	No variations found confirmed
15	No changes found in the analysis
15	Nothing changed when comparing
14	Same before and after
15	No differences observed
15	Nothing changed in the analysis
15	No diff
15	Identical files in comparison
15	Identical files in the analysis
15	No file modifications in review
15	No variations found between files
15	No changes found observed
15	No variations found after comparison
15	No variations noted
15	No diff noted
15	No modification detected at all
15	Identical files in review
15	No diff confirmed
15	No detected changes detected
14	Same before and after observed
15	Unchanged content seen
15	No discrepancies
15	No variations confirmed
15	No edits detected were found
15	Nothing changed in review
15	No variations between files
15	No variations found confirmed
15	No diff in comparison
15	No file modifications seen
15	No change were found
15	No alterations detected
15	Identical files observed
15	No file modifications in review
15	No file modifications between files
15	No change after comparison
15	No discrepancies were found
15	Nothing changed noted
15	No file modifications after comparison
14	Identical code when comparing
14	Identical code were found
15	Nothing changed confirmed
15	No diff in comparison
15	No variations found seen
15	Unchanged content between files
15	No updates in the analysis
14	Identical code after comparison
15	No variations found noted
15	No change seen
15	Same before and after were found
15	No discrepancies when comparing
15	No variations were found
15	No changes found in review
15	No changes found were found
15	No file modifications in comparison
15	No file modifications observed
15	No edits detected when comparing
15	No variations seen
15	Same before and after in review
15	No difference in review
15	No differences after comparison
15	No variations found when comparing
14	Identical code in the diff
15	Nothing changed after comparison
15	No differences in comparison
15	No variations in the analysis
15	Nothing changed in review
15	No variations found when comparing
14	Identical code
15	No edits detected detected
15	No alterations detected
15	No file modifications between files
15	No variations found when comparing
15	No variations found after comparison
15	Unchanged content were found
15	No change noted
15	No modification detected noted
15	Nothing changed in the analysis
15	Identical files noted
15	Files are the same in review
15	No modification detected
14	Same before and after detected
15	No detected changes detected
15	Nothing changed between files
15	No updates in the diff
15	No alterations when comparing
14	Same before and after
15	No diff in comparison
14	Same before and after after comparison
15	No differences in comparison
14	Identical code in comparison
15	No alterations at all
15	Identical files
15	Unchanged content confirmed
15	Nothing changed were found
15	No updates in the analysis
15	Unchanged content seen
15	Unchanged content in the diff
15	No changes found in the analysis
15	No detected changes confirmed
15	No updates in the analysis
15	No change observed
15	No alterations in comparison
15	No edits detected in the analysis
15	No discrepancies observed
15	Nothing changed in the analysis
15	No diff at all
15	No discrepancies
15	Files are the same observed
15	No discrepancies seen
15	No alterations confirmed
15	No edits detected seen
15	No modification detected after comparison
14	Identical code seen
15	No detected changes detected
15	No alterations when comparing
15	No difference detected
15	Identical files when comparing
15	Files are the same observed
15	No updates in review
15	Files are the same confirmed
15	Identical files in review
15	No differences at all
14	Identical code
15	No detected changes confirmed
15	No file modifications detected
14	Same before and after between files
15	No changes found confirmed
15	No updates detected
15	No difference in review
15	Nothing changed detected
15	No modification detected at all
15	No file modifications between files
15	No file modifications when comparing
15	Nothing changed at all
15	No detected changes in the analysis
14	Identical code after comparison
15	Files are the same at all
15	Same before and after confirmed
15	No updates were found
15	Identical files at all
15	No edits detected observed
15	No differences in comparison
15	No edits detected noted
14	Same before and after
15	No variations between files
15	No difference were found
15	No difference
15	No differences noted
14	Same before and after observed
15	No change seen
15	No modification detected in review
15	No differences after comparison
15	No edits detected observed
15	No discrepancies
15	No difference in the analysis
15	No change when comparing
15	No edits detected detected
14	Identical code in the analysis
15	No variations between files
15	Unchanged content noted
15	Unchanged content in the diff
15	Unchanged content at all
15	No detected changes after comparison
15	Identical files noted
14	Same before and after in comparison
15	No alterations at all
15	No change
15	No detected changes seen
15	No alterations between files
15	Unchanged content seen
14	Identical code seen
15	No variations found between files
15	No change detected
15	Same before and after confirmed
15	No file modifications
15	No modification detected noted
15	Nothing changed in review
15	No variations found
15	No changes found detected
15	No variations detected
15	No variations noted
14	Identical code seen
15	No alterations in comparison
15	Identical files in the diff
15	No file modifications confirmed
15	No variations found when comparing
15	No diff
15	No difference in the diff
14	Same before and after
15	No difference in review
15	No file modifications when comparing
15	No variations at all
14	Identical code in review
14	Identical code between files
14	Same before and after when comparing
15	No file modifications seen
15	No difference in review
14	Same before and after between files
15	No alterations noted
15	No detected changes confirmed
15	No variations found in the diff
15	No alterations in the analysis
15	Files are the same detected
15	No variations observed
15	No variations were found
15	No differences detected
15	No difference in comparison
15	No file modifications in comparison
14	Identical code in review
15	No file modifications observed
15	No discrepancies seen
15	No file modifications observed
15	Unchanged content when comparing
15	No detected changes at all
15	No discrepancies in the diff
15	No differences at all
15	No alterations between files
15	Nothing changed in comparison
15	No variations found between files
15	No diff noted
15	No diff confirmed
15	No detected changes observed
15	No variations seen
15	No change when comparing
15	No difference were found
15	No alterations detected
15	No modification detected confirmed
15	No file modifications between files
15	No modification detected in the diff
15	No variations found noted
15	No variations found at all
15	No changes found in the analysis
15	No differences detected
14	Identical code detected
15	No difference detected
15	No discrepancies after comparison
15	Files are the same were found
15	No discrepancies in the diff
15	No updates between files
15	Files are the same when comparing
15	No differences observed
15	No file modifications in comparison
15	No updates detected
15	No edits detected in the diff
15	Nothing changed in comparison
14	Identical code seen
15	Nothing changed
15	Unchanged content when comparing
15	No detected changes in the analysis
15	Nothing changed noted
14	Identical code seen
15	No changes found observed
15	No change in comparison
15	No variations between files
15	No diff when comparing
15	Identical files after comparison
15	No modification detected in comparison
15	No edits detected seen
15	Identical files in review
15	Same before and after in the analysis
15	No detected changes observed
15	No difference in comparison
15	No file modifications were found
15	Same before and after in the analysis
15	Same before and after in the diff
15	skipped - no patch
15	no diff
15	no diff
15	no diff
15	no diff
15	empty diff
15	no diff
15	no diff
15	no diff
15	no diff
15	no diff
15	no diff
15	no diff
15	empty diff
15	no diff
15	no diff
15	empty diff
15	empty diff
15	identical
15	no changes
15	skipped - no patch
15	no diff
15	nothing changed
15	no diff
15	nothing changed
15	nothing changed
15	nothing changed
15	No change
15	No change
15	No changes? Could not find any changes in the diff
15	No changes? Could not find any changes in the diff
15	No change
15	No change
15	No change
15	folder missing
15	no diff
15	folder missing
15	folder missing
15	folder missing
2	Modified a comment (add/remove/edit)
12	inserted comments
12	added comments (start/end of implementation)
2	Added meaningless comments (line 1,2,3)
2	Replaced comments with new ones stating the obvious;
12	pointless comment added ("implementation 1:")
2	Added a comment which says nothing ("this is a multiline comment")
2	other comment
2	one deletes a comment
2	add comment
2	replaced comments
2	add comment block
2	commented
2	no functional difference (deleted comment)
2	deleted comment
2	del comment
2	added comments
2	Modified a comment (add/remove/edit)
2	added comment
2	Just comment(s) added
2	Just added useless comments
12	Adds also a comment that it is assuming the getter exists
2	Removes the comment about scaling.
2	adds a comment
2	Added mostly a lot of comments
2	Added a comment
2	add  a comment explaining it
2	Edit a comment
2	Added a comment
2	Adds a space to a comment + adds new comment
2	Adss 2 comments
2	Modified a comment (add/remove/edit)
2	Added comments
12	Added a comment explaining the method
2	Modified a comment (add/remove/edit)
2	Remove comments as it is clear what it does
2	replace comment
12	inject comments
12	No functional difference (deleted comment) in the method description
2	Replaced a comment with another explaining the logic
2	Removed a comment which says nothing
2	Modified a comment (add/remove/edit) stating the obvious
2	Just comment(s) added stating the obvious
2	Modified a comment (add/remove/edit) for clarification
2	Modified a comment (add/remove/edit) which was unnecessary
2	Removed a comment about scaling
12	Replaced a comment with another assuming the getter exists
2	Deleted comment to be more explicit
2	Replaced comments about scaling
12	Updated comment assuming the getter exists
2	Add comment block to be more explicit
12	Replaced a comment with another assuming the getter exists
2	Removed a comment not needed anymore
12	Injected comments which says nothing
12	Replaced comments assuming the getter exists
2	Replaced a comment with another about scaling
12	Edited comment about implementation
12	Inserted comments to be more explicit
2	Added mostly a lot of comments to be more explicit
12	Changed comment wording at the start of the function
2	Pointless comment added stating the obvious
12	Modified a comment (add/remove/edit) at the start of the function
2	Added a comment which says nothing which was unnecessary
12	Inserted comments which says nothing
2	Deleted comment for better readability
12	Replaced comments at the start of the function
12	No functional difference (deleted comment) about implementation
12	No functional difference (deleted comment) assuming the getter exists
12	Added comments assuming the getter exists
2	Adjusted comments for clarity for better readability
12	Just comment(s) added at the start of the function
2	Replaced a comment with another which was unnecessary
2	Just comment(s) added
2	Added meaningless comments about scaling
12	Added comments about implementation
2	Removed a comment which was unnecessary
2	Removed a comment which says nothing
12	Injected comments which says nothing
12	Added comments at the start of the function
2	Changed comment wording for better readability
2	Edited comment about scaling
12	Replaced comments assuming the getter exists
12	Inserted comments to be more explicit
12	Modified a comment (add/remove/edit) at the start of the function
12	Removed a comment at the start of the function
2	Adjusted comments for clarity explaining the logic
12	Added meaningless comments assuming the getter exists
2	Adjusted comments for clarity to be more explicit
2	Add comment block explaining the logic
12	Added a comment which says nothing at the end of the function
2	Just comment(s) added
2	Added a comment explaining it for clarification
2	Removed a comment explaining the logic
12	Add comment block at the start of the function
2	Added mostly a lot of comments which says nothing
2	Replaced comments which was unnecessary
2	Added meaningless comments
12	Added a comment explaining it about implementation
12	Edited comment about implementation
12	Inserted comments at the start of the function
2	Just comment(s) added about scaling
2	Removed a comment for better readability
2	Replaced a comment with another
12	Injected comments explaining the logic
2	Removed a comment about scaling
2	Added a comment which says nothing which was unnecessary
2	Modified a comment (add/remove/edit) which says nothing
2	Add comment block explaining the logic
2	Edited comment which says nothing
2	Added a comment explaining it about scaling
12	Edited comment at the start of the function
12	Added a comment which says nothing at the start of the function
2	Just comment(s) added for better readability
2	Added mostly a lot of comments about implementation
12	Deleted comment at the start of the function
2	Inserted comments for clarification
2	Inserted comments about scaling
2	Added a comment which says nothing not needed anymore
12	Injected comments at the start of the function
12	Injected comments about scaling
2	Adjusted comments for clarity explaining the logic
2	Modified a comment (add/remove/edit) which says nothing
2	Edited comment which was unnecessary
2	Pointless comment added
2	Added mostly a lot of comments which says nothing
12	Injected comments assuming the getter exists
12	Added mostly a lot of comments at the start of the function
2	Modified a comment (add/remove/edit) explaining the logic
2	Added a comment which says nothing which says nothing
2	Deleted comment
2	Added a comment which says nothing to be more explicit
12	Replaced a comment with another about implementation
12	Adjusted comments for clarity at the end of the function
2	Replaced a comment with another to be more explicit
2	Modified a comment (add/remove/edit)
2	Replaced a comment with another explaining the logic
2	Removed a comment explaining the logic
2	Add comment block explaining the logic
2	Replaced comments not needed anymore
2	Added mostly a lot of comments which says nothing
12	Added comments assuming the getter exists
2	Inserted comments explaining the logic
2	Replaced a comment with another for better readability
12	Just comment(s) added about implementation
12	Added a comment explaining it at the end of the function
12	Injected comments not needed anymore
12	Add comment block at the start of the function
2	Added mostly a lot of comments stating the obvious
12	Adjusted comments for clarity in the method description
12	Modified a comment (add/remove/edit) at the end of the function
2	Updated comment
12	Added a comment which says nothing about implementation
12	Adjusted comments for clarity in the method description
12	Replaced comments in the method description
2	Added comments to be more explicit
2	Changed comment wording not needed anymore
2	Added a comment which says nothing stating the obvious
2	Replaced a comment with another for better readability
12	Injected comments about scaling
12	Injected comments to be more explicit
12	Edited comment at the end of the function
12	Added a comment explaining it at the end of the function
12	Edited comment at the end of the function
2	Inserted comments which was unnecessary
2	No functional difference (deleted comment) for better readability
12	Added comments in the method description
2	Pointless comment added stating the obvious
2	Just comment(s) added
2	Inserted comments for clarification
2	Removed a comment to be more explicit
2	Adjusted comments for clarity for clarification
2	Added mostly a lot of comments which says nothing
2	Pointless comment added about scaling
12	Injected comments for better readability
2	Added meaningless comments
2	Added a comment which says nothing explaining the logic
12	Removed a comment assuming the getter exists
12	Removed a comment in the method description
12	Added mostly a lot of comments at the end of the function
2	Deleted comment
12	Added meaningless comments about implementation
2	Adjusted comments for clarity about implementation
2	Just comment(s) added not needed anymore
12	Inserted comments assuming the getter exists
12	Added meaningless comments at the end of the function
12	Modified a comment (add/remove/edit) in the method description
2	Changed comment wording which was unnecessary
12	Deleted comment at the start of the function
2	Added comments stating the obvious
2	Removed a comment not needed anymore
2	Added comments explaining the logic
12	No functional difference (deleted comment) about implementation
2	Added a comment explaining it which says nothing
2	Added meaningless comments for better readability
2	Replaced comments for better readability
2	No functional difference (deleted comment) which says nothing
12	Replaced a comment with another assuming the getter exists
2	Updated comment for clarification
2	Changed comment wording which says nothing
12	Adjusted comments for clarity in the method description
12	Inserted comments at the start of the function
12	Inserted comments about implementation
12	Adjusted comments for clarity assuming the getter exists
2	Added comments to be more explicit
2	Adjusted comments for clarity to be more explicit
12	Injected comments at the end of the function
12	Added mostly a lot of comments at the start of the function
12	Inserted comments at the end of the function
12	Add comment block at the start of the function
2	No functional difference (deleted comment) which was unnecessary
2	Modified a comment (add/remove/edit) which says nothing
2	Removed a comment for clarification
2	Replaced comments about scaling
2	Added a comment which says nothing not needed anymore
2	Replaced a comment with another for clarification
2	Adjusted comments for clarity for better readability
2	Changed comment wording for better readability
2	Pointless comment added to be more explicit
12	Injected comments not needed anymore
2	Added a comment explaining it stating the obvious
12	Updated comment at the end of the function
2	Replaced comments about scaling
2	Changed comment wording for better readability
2	Add comment block about scaling
2	Just comment(s) added about scaling
2	Adjusted comments for clarity explaining the logic
2	Added mostly a lot of comments stating the obvious
2	No functional difference (deleted comment) explaining the logic
12	Adjusted comments for clarity at the end of the function
2	Added a comment explaining it stating the obvious
12	Modified a comment (add/remove/edit) assuming the getter exists
12	Inserted comments in the method description
2	Add comment block stating the obvious
2	Just comment(s) added which was unnecessary
12	Add comment block in the method description
12	Edited comment in the method description
12	Just comment(s) added about implementation
2	Added comments which was unnecessary
12	Added mostly a lot of comments in the method description
2	No functional difference (deleted comment) about scaling
2	No functional difference (deleted comment) about scaling
2	Added comments for clarification
2	Add comment block for better readability
2	Updated comment about scaling
2	Removed a comment to be more explicit
2	Pointless comment added explaining the logic
2	Added meaningless comments stating the obvious
2	Adjusted comments for clarity which was unnecessary
2	No functional difference (deleted comment) which says nothing
2	Changed comment wording explaining the logic
12	Added meaningless comments at the end of the function
2	Changed comment wording about scaling
12	Added comments assuming the getter exists
12	Added comments in the method description
2	Updated comment explaining the logic
12	Inserted comments about implementation
12	Modified a comment (add/remove/edit) at the start of the function
2	Just comment(s) added which says nothing
2	Just comment(s) added about scaling
12	Injected comments stating the obvious
2	Just comment(s) added which was unnecessary
12	Just comment(s) added assuming the getter exists
2	Replaced comments stating the obvious
12	Deleted comment about implementation
2	Added comments for clarification
2	Adjusted comments for clarity which was unnecessary
2	Added meaningless comments stating the obvious
2	Adjusted comments for clarity for better readability
2	No functional difference (deleted comment) not needed anymore
12	Added comments about implementation
12	Added meaningless comments about implementation
2	Just comment(s) added explaining the logic
12	Added a comment which says nothing assuming the getter exists
2	Modified a comment (add/remove/edit) not needed anymore
2	Replaced a comment with another about scaling
12	Just comment(s) added assuming the getter exists
2	Added meaningless comments not needed anymore
2	Changed comment wording which was unnecessary
2	Edited comment which was unnecessary
12	Add comment block at the start of the function
2	Added meaningless comments which was unnecessary
2	Pointless comment added which was unnecessary
12	Replaced comments assuming the getter exists
2	Replaced comments
2	Replaced a comment with another not needed anymore
2	Updated comment for clarification
2	Updated comment explaining the logic
2	Just comment(s) added explaining the logic
2	No functional difference (deleted comment)
12	Removed a comment at the end of the function
2	Updated comment for better readability
2	Removed a comment which says nothing
2	Deleted comment about scaling
12	Modified a comment (add/remove/edit) assuming the getter exists
2	Added meaningless comments which was unnecessary
2	Added mostly a lot of comments for better readability
2	Added comments explaining the logic
12	Added mostly a lot of comments in the method description
12	No functional difference (deleted comment) at the start of the function
12	Injected comments explaining the logic
12	Replaced comments about implementation
2	Edited comment stating the obvious
12	Added a comment explaining it in the method description
2	Edited comment which says nothing
2	Removed a comment not needed anymore
2	Added mostly a lot of comments not needed anymore
2	Removed a comment stating the obvious
2	Pointless comment added which says nothing
2	Added mostly a lot of comments about scaling
2	Added meaningless comments for clarification
2	Pointless comment added about scaling
12	Edited comment in the method description
2	Added a comment explaining it to be more explicit
12	Pointless comment added at the start of the function
2	Adjusted comments for clarity to be more explicit
2	Add comment block not needed anymore
12	Added meaningless comments at the start of the function
2	Just comment(s) added about scaling
2	Added meaningless comments
2	Replaced a comment with another
12	Changed comment wording in the method description
2	Edited comment for better readability
2	Removed a comment not needed anymore
2	Edited comment which says nothing
2	Replaced comments stating the obvious
2	Added mostly a lot of comments to be more explicit
2	Updated comment explaining the logic
12	Added comments at the end of the function
12	No functional difference (deleted comment) at the start of the function
2	Just comment(s) added which was unnecessary
12	Inserted comments for better readability
12	Modified a comment (add/remove/edit) assuming the getter exists
12	Edited comment at the end of the function
2	Add comment block stating the obvious
2	Replaced comments which was unnecessary
12	Injected comments not needed anymore
2	Pointless comment added which says nothing
12	Replaced a comment with another at the start of the function
2	Edited comment which was unnecessary
12	Just comment(s) added assuming the getter exists
2	Added comments stating the obvious
2	Just comment(s) added
2	Modified a comment (add/remove/edit) not needed anymore
12	Injected comments at the start of the function
12	Added a comment explaining it in the method description
12	Adjusted comments for clarity at the start of the function
2	Deleted comment not needed anymore
2	Added comments to be more explicit
2	Added meaningless comments explaining the logic
2	Replaced comments explaining the logic
12	Just comment(s) added in the method description
2	Replaced a comment with another not needed anymore
2	Updated comment not needed anymore
2	Added mostly a lot of comments for clarification
12	Injected comments assuming the getter exists
12	Just comment(s) added at the end of the function
2	Added comments explaining the logic
2	Added a comment which says nothing explaining the logic
12	No functional difference (deleted comment) in the method description
2	Just comment(s) added about scaling
2	No functional difference (deleted comment) explaining the logic
2	Removed a comment explaining the logic
12	Adjusted comments for clarity at the end of the function
2	Added mostly a lot of comments about implementation
12	Deleted comment assuming the getter exists
12	Just comment(s) added at the end of the function
12	Replaced a comment with another in the method description
12	Removed a comment at the start of the function
12	No functional difference (deleted comment) in the method description
2	Added meaningless comments which was unnecessary
12	Injected comments stating the obvious
2	Deleted comment which was unnecessary
2	Adjusted comments for clarity stating the obvious
2	Inserted comments stating the obvious
2	Removed a comment about scaling
12	No functional difference (deleted comment) at the end of the function
2	Replaced comments stating the obvious
2	No functional difference (deleted comment) explaining the logic
2	Pointless comment added for clarification
12	Modified a comment (add/remove/edit) at the start of the function
12	Injected comments
12	Injected comments to be more explicit
12	Added a comment which says nothing assuming the getter exists
12	Add comment block assuming the getter exists
2	Add comment block explaining the logic
2	Adjusted comments for clarity which says nothing
2	Changed comment wording not needed anymore
2	Add comment block stating the obvious
2	Added a comment which says nothing for better readability
2	Added a comment which says nothing about scaling
2	Add comment block about scaling
2	Updated comment for clarification
12	No functional difference (deleted comment) at the end of the function
2	Added a comment explaining it to be more explicit
12	Modified a comment (add/remove/edit) at the end of the function
12	Replaced a comment with another in the method description
12	Injected comments about implementation
2	Added comments not needed anymore
12	Changed comment wording assuming the getter exists
2	Replaced comments
2	Changed comment wording not needed anymore
2	Changed comment wording which was unnecessary
2	Just comment(s) added for clarification
2	Deleted comment to be more explicit
2	Replaced a comment with another
12	Added comments assuming the getter exists
2	Added a comment explaining it explaining the logic
2	Added comments to be more explicit
2	Added meaningless comments for better readability
12	Injected comments to be more explicit
2	Add comment block stating the obvious
2	Replaced a comment with another not needed anymore
12	Deleted comment assuming the getter exists
2	Replaced comments not needed anymore
12	Injected comments to be more explicit
2	Add comment block
12	Added mostly a lot of comments at the end of the function
12	Updated comment about implementation
2	No functional difference (deleted comment) for better readability
2	Adjusted comments for clarity not needed anymore
12	Edited comment at the start of the function
2	Changed comment wording to be more explicit
12	Added meaningless comments assuming the getter exists
2	Inserted comments stating the obvious
2	No functional difference (deleted comment) not needed anymore
12	Injected comments at the start of the function
12	Add comment block at the start of the function
12	Changed comment wording at the end of the function
12	Added meaningless comments in the method description
12	Changed comment wording assuming the getter exists
2	Deleted comment to be more explicit
2	Edited comment to be more explicit
12	Add comment block about implementation
12	Added comments assuming the getter exists
2	Inserted comments stating the obvious
12	Added a comment which says nothing at the end of the function
2	Modified a comment (add/remove/edit) stating the obvious
12	Removed a comment at the start of the function
12	Removed a comment in the method description
12	Added a comment explaining it about implementation
12	Added comments at the end of the function
2	Edited comment explaining the logic
2	Replaced a comment with another which was unnecessary
12	Added meaningless comments about implementation
2	Add comment block which says nothing
12	Just comment(s) added about implementation
2	Just comment(s) added about scaling
12	Inserted comments which says nothing
12	Deleted comment at the start of the function
12	Replaced a comment with another at the start of the function
2	Added mostly a lot of comments about scaling
2	Adjusted comments for clarity which was unnecessary
12	Changed comment wording assuming the getter exists
12	Added meaningless comments at the end of the function
2	Added a comment explaining it which says nothing
12	No functional difference (deleted comment) assuming the getter exists
2	Add comment block which was unnecessary
12	Changed comment wording at the start of the function
12	Added meaningless comments assuming the getter exists
2	Replaced comments stating the obvious
12	Added comments in the method description
12	Inserted comments
2	Just comment(s) added to be more explicit
2	Added a comment which says nothing stating the obvious
2	Replaced a comment with another explaining the logic
2	Adjusted comments for clarity about scaling
12	Modified a comment (add/remove/edit) about implementation
12	Injected comments which was unnecessary
2	Add comment block not needed anymore
2	Changed comment wording explaining the logic
2	Just comment(s) added to be more explicit
12	Added comments assuming the getter exists
12	Injected comments
2	Added a comment which says nothing for clarification
12	Replaced comments in the method description
2	Changed comment wording about scaling
2	Added meaningless comments about scaling
2	Inserted comments stating the obvious
12	Replaced comments at the start of the function
12	Replaced a comment with another at the start of the function
12	Injected comments at the start of the function
2	Adjusted comments for clarity about scaling
12	Modified a comment (add/remove/edit) at the end of the function
2	Modified a comment (add/remove/edit) about scaling
12	Add comment block about implementation
2	Added a comment which says nothing to be more explicit
2	Add comment block not needed anymore
2	No functional difference (deleted comment)
2	Added meaningless comments not needed anymore
12	Added a comment explaining it at the start of the function
12	Changed comment wording in the method description
2	Modified a comment (add/remove/edit) to be more explicit
2	Deleted comment
12	Added comments at the start of the function
12	Adjusted comments for clarity assuming the getter exists
12	Added mostly a lot of comments at the end of the function
2	Removed a comment not needed anymore
2	Replaced comments
2	Removed a comment not needed anymore
2	Added mostly a lot of comments
12	Inserted comments at the end of the function
12	Add comment block at the start of the function
2	Adjusted comments for clarity not needed anymore
2	Removed a comment
12	Changed comment wording at the start of the function
12	Replaced comments assuming the getter exists
12	Added a comment which says nothing assuming the getter exists
2	Add comment block about scaling
2	Pointless comment added which says nothing
12	Edited comment at the start of the function
2	Added mostly a lot of comments not needed anymore
2	Added a comment explaining it for better readability
2	Adjusted comments for clarity explaining the logic
2	Added a comment which says nothing not needed anymore
2	Adjusted comments for clarity
2	Add comment block for clarification
12	Added comments assuming the getter exists
12	Just comment(s) added at the end of the function
12	Just comment(s) added about implementation
2	Deleted comment
12	Removed a comment in the method description
12	Added mostly a lot of comments at the end of the function
2	Pointless comment added not needed anymore
2	Added meaningless comments for better readability
12	Added a comment which says nothing at the start of the function
12	Inserted comments for better readability
2	Modified a comment (add/remove/edit) to be more explicit
12	Modified a comment (add/remove/edit) at the start of the function
12	Added a comment which says nothing at the start of the function
12	Add comment block at the start of the function
2	Adjusted comments for clarity about scaling
2	Added mostly a lot of comments stating the obvious
2	Added meaningless comments for clarification
12	Pointless comment added in the method description
12	Injected comments stating the obvious
2	Changed comment wording which was unnecessary
2	No functional difference (deleted comment) for better readability
2	Changed comment wording which says nothing
2	Changed comment wording about scaling
12	Inserted comments
12	No functional difference (deleted comment) at the start of the function
2	Added meaningless comments which says nothing
2	Replaced a comment with another for clarification
2	Inserted comments explaining the logic
2	Modified a comment (add/remove/edit) which says nothing
12	Injected comments in the method description
12	No functional difference (deleted comment) at the start of the function
2	Updated comment
12	No functional difference (deleted comment) at the start of the function
2	No functional difference (deleted comment) stating the obvious
2	Deleted comment which says nothing
12	Added mostly a lot of comments at the start of the function
2	Adjusted comments for clarity to be more explicit
12	Changed comment wording assuming the getter exists
12	Inserted comments about implementation
2	Add comment block which says nothing
12	Injected comments explaining the logic
2	Changed comment wording which was unnecessary
2	Deleted comment to be more explicit
2	Inserted comments stating the obvious
12	Inserted comments not needed anymore
2	Just comment(s) added for clarification
12	Injected comments not needed anymore
12	Add comment block at the start of the function
2	Added comments for better readability
2	Deleted comment explaining the logic
2	Added mostly a lot of comments which was unnecessary
2	Modified a comment (add/remove/edit) for clarification
2	Removed a comment which says nothing
2	Updated comment stating the obvious
12	Added meaningless comments at the start of the function
2	Added mostly a lot of comments for clarification
12	Added meaningless comments at the start of the function
2	Replaced a comment with another to be more explicit
2	Replaced a comment with another which says nothing
12	Inserted comments in the method description
2	Add comment block for clarification
2	Updated comment stating the obvious
12	Added comments at the start of the function
2	Added a comment explaining it explaining the logic
2	Added mostly a lot of comments stating the obvious
2	Adjusted comments for clarity stating the obvious
12	Adjusted comments for clarity at the end of the function
2	Added meaningless comments explaining the logic
2	Added comments
12	Deleted comment at the start of the function
12	Injected comments at the start of the function
12	Injected comments at the start of the function
2	Add comment block about scaling
12	Deleted comment at the end of the function
2	Added comments which was unnecessary
2	Just comment(s) added
2	No functional difference (deleted comment) not needed anymore
2	Adjusted comments for clarity about scaling
12	No functional difference (deleted comment) in the method description
2	Changed comment wording to be more explicit
2	Replaced comments stating the obvious
2	Edited comment about scaling
2	Added mostly a lot of comments about implementation
2	Adjusted comments for clarity for clarification
2	Adjusted comments for clarity which was unnecessary
12	Added a comment which says nothing about implementation
2	Removed a comment not needed anymore
12	Just comment(s) added about implementation
12	Injected comments to be more explicit
2	Adjusted comments for clarity which was unnecessary
12	Deleted comment about implementation
2	Updated comment not needed anymore
2	Changed comment wording
2	Added mostly a lot of comments about scaling
2	Modified a comment (add/remove/edit)
2	Changed comment wording which was unnecessary
2	Modified a comment (add/remove/edit) for clarification
12	Edited comment in the method description
12	Replaced comments at the end of the function
12	Added a comment explaining it assuming the getter exists
12	Added a comment which says nothing at the start of the function
2	Changed comment wording explaining the logic
12	Adjusted comments for clarity assuming the getter exists
2	Replaced a comment with another which was unnecessary
12	Added a comment which says nothing at the end of the function
2	Deleted comment which was unnecessary
12	Add comment block about implementation
2	Replaced a comment with another which was unnecessary
2	No functional difference (deleted comment) stating the obvious
12	Added a comment explaining it assuming the getter exists
2	Adjusted comments for clarity about implementation
2	Edited comment stating the obvious
2	No functional difference (deleted comment) which says nothing
12	Injected comments stating the obvious
12	Modified a comment (add/remove/edit) at the start of the function
2	Inserted comments which was unnecessary
12	No functional difference (deleted comment) about implementation
12	Added mostly a lot of comments at the end of the function
12	Inserted comments assuming the getter exists
12	Inserted comments at the end of the function
2	Just comment(s) added which says nothing
12	Added meaningless comments at the start of the function
2	Adjusted comments for clarity explaining the logic
12	Changed comment wording at the start of the function
2	Added comments explaining the logic
2	Inserted comments explaining the logic
12	Added a comment which says nothing assuming the getter exists
12	Inserted comments at the end of the function
12	Modified a comment (add/remove/edit) about implementation
2	Just comment(s) added
12	Added a comment which says nothing about implementation
2	Added a comment which says nothing
2	Edited comment stating the obvious
2	Updated comment for better readability
2	Inserted comments about scaling
2	Added mostly a lot of comments stating the obvious
12	Injected comments explaining the logic
12	Added a comment explaining it about implementation
2	Replaced comments about scaling
12	Deleted comment at the start of the function
2	Added comments which was unnecessary
2	Added a comment explaining it which was unnecessary
12	Pointless comment added assuming the getter exists
2	Changed comment wording explaining the logic
2	No functional difference (deleted comment) which was unnecessary
2	Add comment block for clarification
2	Removed a comment which says nothing
12	Added comments at the start of the function
12	Added comments in the method description
12	Inserted comments at the end of the function
2	Adjusted comments for clarity explaining the logic
2	Added comments for clarification
12	Pointless comment added in the method description
2	Changed comment wording explaining the logic
12	Added comments at the end of the function
12	Updated comment about implementation
2	Inserted comments which was unnecessary
12	Inserted comments assuming the getter exists
2	Pointless comment added not needed anymore
12	Updated comment in the method description
2	Edited comment explaining the logic
2	Replaced comments about scaling
12	Pointless comment added at the end of the function
2	Added a comment explaining it which was unnecessary
2	Added mostly a lot of comments about implementation
2	Changed comment wording about scaling
2	Added a comment which says nothing for clarification
12	Updated comment at the end of the function
12	Just comment(s) added assuming the getter exists
2	Removed a comment for better readability
12	Replaced a comment with another assuming the getter exists
12	Inserted comments in the method description
2	No functional difference (deleted comment) to be more explicit
12	Just comment(s) added about implementation
12	Injected comments for clarification
12	Added a comment explaining it at the end of the function
2	Inserted comments which was unnecessary
12	Edited comment about implementation
2	Adjusted comments for clarity about scaling
2	Just comment(s) added to be more explicit
2	Updated comment which says nothing
2	Just comment(s) added which says nothing
12	Added mostly a lot of comments assuming the getter exists
2	Pointless comment added about scaling
2	Pointless comment added explaining the logic
2	Replaced comments which was unnecessary
2	Added a comment explaining it for clarification
2	Pointless comment added not needed anymore
12	Injected comments which was unnecessary
2	No functional difference (deleted comment) stating the obvious
2	Updated comment for clarification
2	Added a comment which says nothing which was unnecessary
2	Added a comment explaining it for better readability
12	Replaced comments at the start of the function
12	Added meaningless comments at the end of the function
2	Updated comment explaining the logic
12	Edited comment at the start of the function
2	Just comment(s) added for better readability
12	Edited comment about implementation
12	Added a comment which says nothing assuming the getter exists
2	No functional difference (deleted comment) which says nothing
2	Add comment block for clarification
2	Modified a comment (add/remove/edit) about scaling
2	Added mostly a lot of comments not needed anymore
2	Inserted comments about scaling
2	Added meaningless comments about scaling
2	Added mostly a lot of comments about scaling
2	Adjusted comments for clarity not needed anymore
12	Replaced a comment with another about implementation
2	Replaced a comment with another to be more explicit
2	Replaced a comment with another explaining the logic
2	Inserted comments which was unnecessary
2	Added meaningless comments about scaling
2	Adjusted comments for clarity about implementation
12	Modified a comment (add/remove/edit) about implementation
12	Updated comment about implementation
2	Just comment(s) added for clarification
2	Replaced comments which says nothing
2	Pointless comment added to be more explicit
2	Changed comment wording not needed anymore
12	Added a comment explaining it at the end of the function
2	Edited comment for better readability
12	Add comment block in the method description
12	Edited comment at the end of the function
12	Added comments assuming the getter exists
12	Add comment block about implementation
2	Replaced a comment with another explaining the logic
2	No functional difference (deleted comment) explaining the logic
12	Injected comments about implementation
12	Added a comment explaining it assuming the getter exists
2	Added comments which was unnecessary
12	Modified a comment (add/remove/edit) assuming the getter exists
2	Adjusted comments for clarity
2	Updated comment for clarification
2	Edited comment for better readability
2	Edited comment stating the obvious
12	Inserted comments at the start of the function
12	Inserted comments about implementation
12	Pointless comment added about implementation
2	Adjusted comments for clarity for clarification
2	Added comments stating the obvious
12	Pointless comment added assuming the getter exists
12	Injected comments stating the obvious
2	Just comment(s) added to be more explicit
2	Added mostly a lot of comments
2	Adjusted comments for clarity which says nothing
12	Edited comment assuming the getter exists
12	Add comment block in the method description
12	Removed a comment in the method description
12	Added mostly a lot of comments assuming the getter exists
2	Just comment(s) added about scaling
2	Added mostly a lot of comments for better readability
2	Replaced a comment with another which was unnecessary
2	Added a comment explaining it
12	Added a comment which says nothing in the method description
2	Modified a comment (add/remove/edit)
2	Replaced comments not needed anymore
2	Adjusted comments for clarity about scaling
12	Injected comments about implementation
2	Add comment block for better readability
12	Edited comment at the end of the function
2	Pointless comment added which was unnecessary
2	Pointless comment added not needed anymore
12	Injected comments about implementation
12	Modified a comment (add/remove/edit) about implementation
12	Pointless comment added at the start of the function
12	Modified a comment (add/remove/edit) at the start of the function
2	Deleted comment stating the obvious
2	Pointless comment added
2	Pointless comment added for better readability
2	Replaced comments not needed anymore
2	Deleted comment for better readability
12	No functional difference (deleted comment) assuming the getter exists
2	Added a comment which says nothing for better readability
2	Changed comment wording not needed anymore
12	Pointless comment added at the end of the function
2	Added mostly a lot of comments about scaling
2	Deleted comment to be more explicit
12	No functional difference (deleted comment) assuming the getter exists
12	Injected comments to be more explicit
12	Injected comments to be more explicit
12	Removed a comment in the method description
12	Added meaningless comments assuming the getter exists
2	Added mostly a lot of comments
12	Edited comment assuming the getter exists
2	Modified a comment (add/remove/edit) for clarification
12	Injected comments not needed anymore
12	Edited comment in the method description
2	Pointless comment added which says nothing
12	Add comment block at the end of the function
2	Deleted comment
2	Just comment(s) added for clarification
2	Add comment block for better readability
12	Deleted comment in the method description
2	Inserted comments about scaling
2	Edited comment not needed anymore
12	Adjusted comments for clarity assuming the getter exists
2	Added mostly a lot of comments for better readability
12	Edited comment in the method description
12	Injected comments which says nothing
12	No functional difference (deleted comment) assuming the getter exists
12	Added a comment explaining it at the start of the function
12	Just comment(s) added in the method description
2	Added a comment explaining it which says nothing
2	No functional difference (deleted comment) which was unnecessary
12	Add comment block assuming the getter exists
2	Updated comment which was unnecessary
2	Inserted comments which was unnecessary
2	Just comment(s) added to be more explicit
2	Add comment block not needed anymore
2	Added meaningless comments which was unnecessary
12	Changed comment wording at the end of the function
2	Added meaningless comments explaining the logic
2	Edited comment to be more explicit
2	Replaced a comment with another which was unnecessary
12	Deleted comment in the method description
2	Changed comment wording for clarification
12	Added a comment explaining it about implementation
2	Edited comment about scaling
2	Edited comment for clarification
12	Replaced comments at the end of the function
2	Added meaningless comments explaining the logic
2	Add comment block about scaling
2	Added comments
2	Replaced comments explaining the logic
2	Edited comment stating the obvious
2	Pointless comment added which says nothing
2	Added mostly a lot of comments explaining the logic
12	Added comments about implementation
12	Injected comments explaining the logic
2	Removed a comment for clarification
2	Added mostly a lot of comments stating the obvious
2	Deleted comment for clarification
12	Modified a comment (add/remove/edit) assuming the getter exists
2	Replaced comments not needed anymore
12	Pointless comment added assuming the getter exists
12	Added a comment explaining it about implementation
2	Added mostly a lot of comments which was unnecessary
2	Edited comment explaining the logic
2	Inserted comments explaining the logic
12	Injected comments explaining the logic
2	Added a comment which says nothing stating the obvious
12	Injected comments at the start of the function
2	No functional difference (deleted comment)
2	Added mostly a lot of comments stating the obvious
12	Replaced a comment with another at the end of the function
12	Added a comment explaining it assuming the getter exists
12	Changed comment wording in the method description
2	Added meaningless comments which was unnecessary
2	Just comment(s) added about scaling
2	Added a comment which says nothing
2	Replaced a comment with another which was unnecessary
2	No functional difference (deleted comment) stating the obvious
2	Added a comment which says nothing explaining the logic
12	Inserted comments at the start of the function
12	Removed a comment at the start of the function
2	Added mostly a lot of comments not needed anymore
2	Edited comment
12	Removed a comment at the start of the function
2	Updated comment
2	No functional difference (deleted comment) about scaling
2	Added comments to be more explicit
2	Add comment block which was unnecessary
2	Added a comment which says nothing for clarification
12	Pointless comment added at the start of the function
12	Replaced a comment with another at the end of the function
12	Added comments in the method description
2	Added a comment explaining it stating the obvious
2	Added a comment explaining it not needed anymore
12	No functional difference (deleted comment) at the end of the function
2	Added a comment which says nothing explaining the logic
12	Added meaningless comments at the start of the function
2	Added comments which says nothing
12	Added mostly a lot of comments assuming the getter exists
2	Removed a comment which was unnecessary
2	Pointless comment added for better readability
2	Added a comment explaining it which says nothing
2	Added a comment which says nothing which says nothing
2	Removed a comment which says nothing
12	Inserted comments which says nothing
2	Deleted comment for clarification
2	Added meaningless comments for clarification
12	Pointless comment added at the start of the function
2	No functional difference (deleted comment) which was unnecessary
2	Updated comment which was unnecessary
2	No functional difference (deleted comment) not needed anymore
2	Replaced comments to be more explicit
2	Modified a comment (add/remove/edit) for clarification
12	Adjusted comments for clarity in the method description
12	Added comments at the start of the function
12	Inserted comments in the method description
12	Changed comment wording about implementation
2	Added comments to be more explicit
2	Edited comment explaining the logic
2	Changed comment wording to be more explicit
12	Pointless comment added assuming the getter exists
2	Modified a comment (add/remove/edit) to be more explicit
2	Added a comment explaining it to be more explicit
12	Pointless comment added assuming the getter exists
12	Adjusted comments for clarity in the method description
2	Added meaningless comments which was unnecessary
12	Pointless comment added assuming the getter exists
2	Added comments not needed anymore
2	Deleted comment which was unnecessary
2	Removed a comment stating the obvious
12	Replaced comments about implementation
12	Modified a comment (add/remove/edit) in the method description
12	Inserted comments not needed anymore
2	Added mostly a lot of comments not needed anymore
12	Deleted comment at the end of the function
2	Updated comment to be more explicit
2	Added a comment explaining it for better readability
12	Modified a comment (add/remove/edit) at the end of the function
2	No functional difference (deleted comment) about scaling
2	Inserted comments about scaling
12	Pointless comment added assuming the getter exists
12	Added a comment which says nothing assuming the getter exists
2	Added a comment explaining it for better readability
2	Edited comment for clarification
2	Deleted comment stating the obvious
2	Added a comment which says nothing for clarification
12	Added a comment explaining it at the start of the function
2	Deleted comment to be more explicit
12	Pointless comment added about implementation
12	Added a comment explaining it at the end of the function
12	Added a comment which says nothing assuming the getter exists
12	Inserted comments assuming the getter exists
12	Removed a comment in the method description
2	Replaced a comment with another which says nothing
2	Added comments for better readability
12	Updated comment in the method description
12	Pointless comment added about implementation
2	Removed a comment for better readability
2	Removed a comment which was unnecessary
12	Deleted comment at the start of the function
2	Deleted comment which says nothing
2	Deleted comment stating the obvious
2	Adjusted comments for clarity about implementation
2	Edited comment for better readability
2	Added comments for clarification
12	Removed a comment assuming the getter exists
12	Deleted comment at the start of the function
2	Updated comment for better readability
12	Pointless comment added at the end of the function
2	Changed comment wording not needed anymore
2	Add comment block to be more explicit
2	Just comment(s) added which says nothing
12	No functional difference (deleted comment) about implementation
2	Adjusted comments for clarity not needed anymore
2	Added comments which says nothing
2	Added mostly a lot of comments explaining the logic
2	Replaced a comment with another about scaling
12	Add comment block at the start of the function
2	Added comments
12	Injected comments for better readability
12	Added a comment explaining it at the start of the function
2	Added a comment which says nothing for better readability
2	Replaced a comment with another about scaling
2	No functional difference (deleted comment) for better readability
2	Add comment block for better readability
2	Removed a comment to be more explicit
2	Modified a comment (add/remove/edit) which was unnecessary
12	Changed comment wording assuming the getter exists
2	Inserted comments about scaling
2	Added comments stating the obvious
2	Removed a comment stating the obvious
2	Just comment(s) added explaining the logic
2	Add comment block for better readability
12	Replaced a comment with another at the end of the function
2	Adjusted comments for clarity
2	Replaced a comment with another for better readability
12	Added a comment which says nothing assuming the getter exists
2	Deleted comment to be more explicit
2	Add comment block for clarification
2	Pointless comment added stating the obvious
2	Edited comment which says nothing
2	Removed a comment to be more explicit
12	Injected comments to be more explicit
2	Changed comment wording explaining the logic
2	No functional difference (deleted comment) which says nothing
2	No functional difference (deleted comment) for clarification
12	Add comment block at the start of the function
12	Modified a comment (add/remove/edit) about implementation
2	Added a comment which says nothing for clarification
2	Inserted comments which was unnecessary
12	Inserted comments not needed anymore
2	Changed comment wording which says nothing
12	Add comment block assuming the getter exists
2	Added comments not needed anymore
12	No functional difference (deleted comment) in the method description
2	Updated comment not needed anymore
12	Injected comments stating the obvious
2	Updated comment which was unnecessary
2	Modified a comment (add/remove/edit) not needed anymore
2	Changed comment wording to be more explicit
12	Modified a comment (add/remove/edit) assuming the getter exists
12	Modified a comment (add/remove/edit) assuming the getter exists
2	Edited comment which says nothing
12	Replaced comments at the start of the function
2	Add comment block to be more explicit
12	Edited comment at the end of the function
2	Modified a comment (add/remove/edit) stating the obvious
2	Replaced a comment with another about scaling
2	Just comment(s) added which was unnecessary
2	Replaced comments explaining the logic
2	Replaced comments which says nothing
12	Pointless comment added at the start of the function
12	Added comments at the end of the function
12	Pointless comment added in the method description
2	Add comment block which says nothing
2	Adjusted comments for clarity for better readability
2	Modified a comment (add/remove/edit) for clarification
12	Modified a comment (add/remove/edit) assuming the getter exists
12	Deleted comment at the start of the function
2	Pointless comment added explaining the logic
2	Edited comment
12	Modified a comment (add/remove/edit) about implementation
2	Added comments which was unnecessary
12	Removed a comment in the method description
12	No functional difference (deleted comment) assuming the getter exists
2	Added meaningless comments stating the obvious
2	Replaced comments which was unnecessary
2	Replaced a comment with another stating the obvious
2	Pointless comment added to be more explicit
12	Updated comment in the method description
2	Pointless comment added explaining the logic
2	Added comments explaining the logic
2	Just comment(s) added explaining the logic
2	Changed comment wording which says nothing
12	No functional difference (deleted comment) at the end of the function
2	Added comments explaining the logic
2	Pointless comment added for clarification
12	Added a comment which says nothing assuming the getter exists
12	Injected comments
2	Add comment block to be more explicit
2	Changed comment wording explaining the logic
12	Add comment block assuming the getter exists
12	Updated comment at the end of the function
2	Replaced comments for clarification
12	Replaced a comment with another at the start of the function
2	Add comment block to be more explicit
2	Adjusted comments for clarity
12	Added comments at the end of the function
2	Added a comment which says nothing to be more explicit
2	Modified a comment (add/remove/edit) to be more explicit
12	Injected comments explaining the logic
12	Injected comments about scaling
2	Added mostly a lot of comments which was unnecessary
2	Add comment block
12	Edited comment at the end of the function
2	Just comment(s) added for clarification
2	Added mostly a lot of comments which was unnecessary
12	Adjusted comments for clarity assuming the getter exists
2	Just comment(s) added which says nothing
12	Pointless comment added in the method description
2	Modified a comment (add/remove/edit) not needed anymore
2	Removed a comment explaining the logic
12	Replaced a comment with another about implementation
12	Inserted comments
12	Updated comment at the start of the function
2	Added comments for better readability
12	Added a comment which says nothing at the start of the function
2	Deleted comment about scaling
12	Edited comment at the end of the function
2	Adjusted comments for clarity about scaling
2	Added a comment which says nothing to be more explicit
12	Injected comments for clarification
2	Added a comment explaining it not needed anymore
12	Inserted comments for better readability
12	Inserted comments about implementation
2	Pointless comment added stating the obvious
2	Added mostly a lot of comments for clarification
2	Modified a comment (add/remove/edit) which says nothing
12	Injected comments in the method description
2	Pointless comment added to be more explicit
12	Added a comment which says nothing in the method description
2	Updated comment to be more explicit
12	Removed a comment in the method description
2	Added a comment explaining it which says nothing
2	Just comment(s) added to be more explicit
12	Added a comment which says nothing about implementation
12	No functional difference (deleted comment) in the method description
12	Added meaningless comments in the method description
2	Updated comment which was unnecessary
2	Deleted comment explaining the logic
2	Replaced comments
2	Modified a comment (add/remove/edit) about scaling
2	Replaced a comment with another not needed anymore
2	Inserted comments about scaling
2	Add comment block for better readability
12	Just comment(s) added at the start of the function
12	Injected comments at the end of the function
2	Modified a comment (add/remove/edit) explaining the logic
12	Modified a comment (add/remove/edit) in the method description
12	Inserted comments not needed anymore
2	Add comment block which says nothing
2	Changed comment wording for clarification
2	Pointless comment added for clarification
2	Added meaningless comments explaining the logic
2	Edited comment explaining the logic
12	Added a comment which says nothing assuming the getter exists
12	Added mostly a lot of comments assuming the getter exists
2	Deleted comment about scaling
12	Added comments at the start of the function
2	Replaced a comment with another which was unnecessary
2	Added a comment which says nothing to be more explicit
12	Add comment block at the start of the function
2	Added mostly a lot of comments about implementation
2	Updated comment for better readability
2	Modified a comment (add/remove/edit) which was unnecessary
2	Modified a comment (add/remove/edit) not needed anymore
2	Deleted comment which says nothing
2	Added mostly a lot of comments which was unnecessary
12	Modified a comment (add/remove/edit) in the method description
2	Added a comment explaining it not needed anymore
12	Added meaningless comments about implementation
2	Added mostly a lot of comments for better readability
2	Updated comment stating the obvious
12	Replaced a comment with another at the end of the function
2	Added mostly a lot of comments for clarification
2	Modified a comment (add/remove/edit) explaining the logic
12	Changed comment wording at the end of the function
2	Replaced comments explaining the logic
12	Adjusted comments for clarity at the start of the function
2	No functional difference (deleted comment) for clarification
2	Pointless comment added to be more explicit
2	Added a comment which says nothing for better readability
12	Pointless comment added at the end of the function
2	Added meaningless comments about scaling
12	Injected comments at the start of the function
2	No functional difference (deleted comment) which says nothing
12	Just comment(s) added about implementation
12	Add comment block in the method description
12	Injected comments for better readability
12	Injected comments explaining the logic
2	Updated comment for clarification
2	No functional difference (deleted comment) stating the obvious
2	Deleted comment explaining the logic
12	No functional difference (deleted comment) at the start of the function
12	Add comment block at the end of the function
2	Added comments which says nothing
2	Changed comment wording for clarification
2	Added comments which says nothing
2	Pointless comment added explaining the logic
2	Replaced a comment with another explaining the logic
12	Edited comment at the end of the function
12	Changed comment wording at the start of the function
12	Replaced comments about implementation
2	Deleted comment for clarification
12	Added comments assuming the getter exists
12	Injected comments which was unnecessary
2	Added a comment explaining it stating the obvious
2	Adjusted comments for clarity not needed anymore
2	Changed comment wording not needed anymore
12	Removed a comment assuming the getter exists
2	Replaced comments for clarification
2	Deleted comment which was unnecessary
2	Add comment block stating the obvious
2	Changed comment wording which says nothing
12	Deleted comment about implementation
12	Add comment block assuming the getter exists
12	Edited comment in the method description
12	Just comment(s) added at the end of the function
12	Added comments at the start of the function
2	Added a comment explaining it which was unnecessary
2	Deleted comment for clarification
12	Adjusted comments for clarity in the method description
12	Injected comments to be more explicit
12	No functional difference (deleted comment) about implementation
2	Deleted comment to be more explicit
2	Replaced a comment with another to be more explicit
12	Injected comments in the method description
2	Changed comment wording not needed anymore
12	Replaced comments in the method description
2	Added meaningless comments explaining the logic
12	Pointless comment added at the start of the function
2	No functional difference (deleted comment) stating the obvious
2	Added mostly a lot of comments for clarification
12	Replaced comments in the method description
2	Added a comment explaining it not needed anymore
12	Injected comments at the start of the function
2	Adjusted comments for clarity to be more explicit
2	Replaced comments not needed anymore
2	Removed a comment not needed anymore
2	Adjusted comments for clarity about scaling
2	Added mostly a lot of comments for clarification
2	Replaced comments which says nothing
2	Modified a comment (add/remove/edit) about scaling
12	Injected comments which says nothing
2	Replaced a comment with another for better readability
12	Replaced a comment with another about implementation
2	Added meaningless comments about scaling
2	Added comments for better readability
2	Changed comment wording for clarification
12	Adjusted comments for clarity in the method description
2	Inserted comments explaining the logic
12	Injected comments for clarification
2	Updated comment for clarification
2	Replaced comments about scaling
2	Added mostly a lot of comments which was unnecessary
12	Inserted comments for better readability
2	Edited comment which says nothing
2	Pointless comment added not needed anymore
2	Added a comment explaining it about scaling
12	Injected comments at the start of the function
12	Added meaningless comments at the start of the function
2	Changed comment wording stating the obvious
12	Injected comments at the end of the function
12	Removed a comment assuming the getter exists
2	Adjusted comments for clarity
2	Replaced comments not needed anymore
2	Added comments not needed anymore
12	Just comment(s) added assuming the getter exists
2	Deleted comment explaining the logic
2	Adjusted comments for clarity which says nothing
2	Pointless comment added which says nothing
2	Adjusted comments for clarity which was unnecessary
2	Added comments for better readability
12	Replaced comments about implementation
2	Adjusted comments for clarity about scaling
2	Added a comment which says nothing explaining the logic
2	Updated comment to be more explicit
12	Injected comments about implementation
2	Modified a comment (add/remove/edit) about scaling
2	Pointless comment added explaining the logic
2	Added comments for better readability
2	Add comment block stating the obvious
2	Added a comment explaining it stating the obvious
2	Inserted comments about scaling
2	Removed a comment for clarification
2	Added comments which was unnecessary
2	Adjusted comments for clarity about implementation
2	Replaced comments about scaling
12	Added a comment explaining it at the end of the function
2	Changed comment wording for better readability
2	Just comment(s) added explaining the logic
2	Edited comment for better readability
12	Pointless comment added in the method description
12	Changed comment wording at the end of the function
2	Added comments for clarification
2	Pointless comment added not needed anymore
12	Changed comment wording at the start of the function
12	Added a comment which says nothing assuming the getter exists
2	Removed a comment stating the obvious
2	Added a comment which says nothing explaining the logic
2	Changed comment wording which says nothing
2	Modified a comment (add/remove/edit) explaining the logic
12	Changed comment wording at the start of the function
2	Added a comment explaining it about scaling
2	Added mostly a lot of comments about scaling
12	Deleted comment in the method description
2	Added a comment which says nothing which was unnecessary
2	Deleted comment about scaling
12	Injected comments to be more explicit
2	Removed a comment explaining the logic
12	Added a comment explaining it in the method description
12	Inserted comments
2	Changed comment wording for clarification
2	Added comments explaining the logic
12	Edited comment about implementation
12	Added a comment which says nothing in the method description
2	Deleted comment stating the obvious
12	Added meaningless comments at the start of the function
12	Pointless comment added at the end of the function
2	Just comment(s) added
2	Add comment block stating the obvious
2	Pointless comment added which says nothing
2	Replaced a comment with another not needed anymore
2	Added a comment explaining it
12	Added comments assuming the getter exists
2	Removed a comment which was unnecessary
12	Removed a comment at the start of the function
12	Deleted comment at the start of the function
12	Replaced comments at the end of the function
2	Replaced a comment with another for better readability
12	Inserted comments at the end of the function
2	Just comment(s) added stating the obvious
12	Added comments about implementation
12	Add comment block about implementation
2	Changed comment wording not needed anymore
2	Pointless comment added stating the obvious
2	Added comments for clarification
2	Edited comment explaining the logic
2	Updated comment to be more explicit
12	Changed comment wording at the end of the function
12	Injected comments about scaling
2	Added a comment explaining it which says nothing
12	Injected comments about implementation
12	Inserted comments about implementation
12	No functional difference (deleted comment) at the start of the function
2	No functional difference (deleted comment) about scaling
12	Deleted comment at the start of the function
2	Deleted comment which says nothing
12	Added a comment which says nothing at the end of the function
2	Adjusted comments for clarity for clarification
2	Deleted comment not needed anymore
2	Pointless comment added about scaling
12	Just comment(s) added at the start of the function
2	Edited comment which says nothing
12	Added a comment which says nothing assuming the getter exists
2	Add comment block
2	Changed comment wording
2	Removed a comment which says nothing
12	Changed comment wording assuming the getter exists
12	Edited comment at the start of the function
12	Add comment block in the method description
2	Modified a comment (add/remove/edit) for better readability
2	Modified a comment (add/remove/edit) for better readability
2	Add comment block not needed anymore
2	Added mostly a lot of comments which was unnecessary
2	Updated comment which was unnecessary
12	Deleted comment at the end of the function
2	No functional difference (deleted comment) about scaling
2	No functional difference (deleted comment) for better readability
2	Just comment(s) added not needed anymore
2	Deleted comment about scaling
12	Updated comment assuming the getter exists
2	Just comment(s) added for clarification
2	Added mostly a lot of comments which was unnecessary
2	Added a comment which says nothing which was unnecessary
2	Changed comment wording for better readability
12	Added meaningless comments at the end of the function
2	Updated comment explaining the logic
12	Inserted comments at the end of the function
2	Added mostly a lot of comments explaining the logic
2	Replaced a comment with another about scaling
2	Added meaningless comments which was unnecessary
12	Adjusted comments for clarity in the method description
2	Deleted comment about scaling
2	Adjusted comments for clarity not needed anymore
2	Removed a comment for better readability
2	Added mostly a lot of comments about implementation
2	Added a comment explaining it which says nothing
2	Pointless comment added
2	Modified a comment (add/remove/edit) about scaling
12	Replaced a comment with another assuming the getter exists
2	Added meaningless comments not needed anymore
12	Removed a comment in the method description
2	Added meaningless comments which says nothing
2	Adjusted comments for clarity explaining the logic
2	Added comments explaining the logic
12	Added meaningless comments about implementation
2	Pointless comment added not needed anymore
12	Added mostly a lot of comments at the end of the function
12	Removed a comment about implementation
12	Replaced a comment with another at the start of the function
2	Added comments stating the obvious
12	Injected comments not needed anymore
2	No functional difference (deleted comment) stating the obvious
12	Updated comment at the start of the function
2	Added mostly a lot of comments which was unnecessary
12	Removed a comment about implementation
12	Added a comment which says nothing assuming the getter exists
2	Added a comment which says nothing explaining the logic
2	Added comments not needed anymore
2	Updated comment which was unnecessary
2	Inserted comments which was unnecessary
2	Edited comment about scaling
2	Adjusted comments for clarity which was unnecessary
2	Added a comment explaining it about scaling
12	Added meaningless comments about implementation
2	Added mostly a lot of comments explaining the logic
2	Add comment block which was unnecessary
12	Changed comment wording assuming the getter exists
2	Replaced a comment with another for better readability
2	Added mostly a lot of comments about scaling
2	No functional difference (deleted comment) for clarification
2	Adjusted comments for clarity about implementation
12	Changed comment wording assuming the getter exists
2	Added comments which was unnecessary
2	Replaced comments which says nothing
2	Replaced comments which was unnecessary
2	Inserted comments for clarification
2	Replaced a comment with another explaining the logic
2	Added comments which says nothing
12	Added a comment which says nothing about implementation
2	No functional difference (deleted comment)
2	Changed comment wording
2	Changed comment wording which was unnecessary
2	Pointless comment added not needed anymore
12	Injected comments assuming the getter exists
12	Changed comment wording at the end of the function
12	Add comment block in the method description
12	Edited comment at the start of the function
2	Just comment(s) added about scaling
2	Changed comment wording to be more explicit
2	Modified a comment (add/remove/edit) not needed anymore
12	Changed comment wording at the end of the function
12	Injected comments at the start of the function
2	Added meaningless comments
2	Modified a comment (add/remove/edit) which says nothing
2	Pointless comment added not needed anymore
2	Replaced a comment with another which was unnecessary
2	No functional difference (deleted comment) which says nothing
12	Added a comment explaining it at the end of the function
12	Added a comment which says nothing at the end of the function
12	Modified a comment (add/remove/edit) in the method description
2	Added meaningless comments not needed anymore
2	Replaced comments which says nothing
2	Modified a comment (add/remove/edit) for better readability
2	Adjusted comments for clarity stating the obvious
2	Replaced a comment with another for better readability
2	Adjusted comments for clarity to be more explicit
2	Added a comment explaining it to be more explicit
12	Injected comments at the end of the function
2	Added comments which was unnecessary
12	Inserted comments for better readability
2	Replaced comments for clarification
2	No functional difference (deleted comment) for better readability
12	Injected comments to be more explicit
2	Added a comment which says nothing about scaling
2	No functional difference (deleted comment) about scaling
12	Add comment block at the start of the function
2	Modified a comment (add/remove/edit) which says nothing
2	Add comment block which says nothing
2	Added a comment explaining it which says nothing
12	Add comment block at the end of the function
2	Edited comment which was unnecessary
12	Pointless comment added assuming the getter exists
2	Pointless comment added
2	Updated comment explaining the logic
12	Modified a comment (add/remove/edit) about implementation
12	Inserted comments about implementation
2	Changed comment wording about scaling
2	Replaced a comment with another stating the obvious
12	Injected comments
12	Inserted comments assuming the getter exists
2	Adjusted comments for clarity not needed anymore
12	Adjusted comments for clarity at the end of the function
2	Added a comment explaining it explaining the logic
12	Replaced a comment with another at the start of the function
2	Replaced a comment with another not needed anymore
2	Added comments explaining the logic
12	No functional difference (deleted comment) assuming the getter exists
12	Just comment(s) added about implementation
12	Inserted comments at the end of the function
2	Adjusted comments for clarity which was unnecessary
2	Pointless comment added
12	Added a comment explaining it assuming the getter exists
12	Injected comments in the method description
2	Updated comment explaining the logic
2	Modified a comment (add/remove/edit) for clarification
12	Add comment block about implementation
2	Removed a comment stating the obvious
2	Replaced comments which says nothing
2	Added a comment which says nothing for better readability
2	Add comment block for better readability
2	Add comment block
12	Modified a comment (add/remove/edit) at the end of the function
12	Adjusted comments for clarity assuming the getter exists
2	Deleted comment stating the obvious
2	Adjusted comments for clarity which says nothing
2	Adjusted comments for clarity which was unnecessary
2	Added a comment explaining it which says nothing
2	Changed comment wording to be more explicit
12	Inserted comments which says nothing
2	Added meaningless comments which was unnecessary
2	Just comment(s) added
2	Added comments for better readability
12	Edited comment at the end of the function
2	Changed comment wording to be more explicit
12	Adjusted comments for clarity at the end of the function
2	Modified a comment (add/remove/edit) for better readability
2	Add comment block for clarification
12	Added a comment which says nothing at the end of the function
12	Injected comments which says nothing
2	Added comments for clarification
12	Replaced a comment with another at the start of the function
12	Pointless comment added at the start of the function
12	Inserted comments at the start of the function
12	Add comment block at the end of the function
2	Added mostly a lot of comments not needed anymore
12	Removed a comment about implementation
2	No functional difference (deleted comment) about scaling
12	Added meaningless comments in the method description
2	Modified a comment (add/remove/edit) stating the obvious
2	Added mostly a lot of comments not needed anymore
2	Edited comment for clarification
12	Inserted comments in the method description
2	Added a comment explaining it explaining the logic
2	Deleted comment to be more explicit
12	Inserted comments about implementation
2	Replaced a comment with another not needed anymore
12	Replaced comments about implementation
2	Just comment(s) added to be more explicit
12	Injected comments assuming the getter exists
12	Pointless comment added assuming the getter exists
12	Injected comments in the method description
12	Add comment block assuming the getter exists
12	Modified a comment (add/remove/edit) about implementation
2	Pointless comment added stating the obvious
2	Modified a comment (add/remove/edit) for better readability
2	Replaced a comment with another explaining the logic
12	Added comments assuming the getter exists
2	Edited comment explaining the logic
2	Add comment block explaining the logic
12	Added a comment which says nothing about implementation
12	Deleted comment at the end of the function
2	Added a comment explaining it about scaling
2	Removed a comment explaining the logic
2	Added a comment explaining it which was unnecessary
12	Injected comments assuming the getter exists
12	Just comment(s) added assuming the getter exists
2	Added comments to be more explicit
12	Injected comments explaining the logic
12	Updated comment at the end of the function
2	Changed comment wording explaining the logic
2	Added meaningless comments which was unnecessary
12	Added a comment which says nothing assuming the getter exists
2	Edited comment
12	Added meaningless comments assuming the getter exists
12	Replaced a comment with another in the method description
2	Changed comment wording stating the obvious
12	Replaced comments assuming the getter exists
2	Modified a comment (add/remove/edit) which says nothing
2	Just comment(s) added stating the obvious
12	Replaced comments assuming the getter exists
12	Pointless comment added about implementation
2	Added mostly a lot of comments which says nothing
12	No functional difference (deleted comment) in the method description
2	Added a comment which says nothing for clarification
12	No functional difference (deleted comment) in the method description
15	diff should be as non-noOp
12	added comments (start/end of implementation)
2	added comment (and an incorrect one at that)
2	Added meaningless comments (line 1,2,3)
12	Replaced comments with new ones stating the obvious; added an unreachable throw of an exception (comes after a return statement)
12	pointless comment added ("implementation 1:")
2	Added a comment which says nothing ("this is a multiline comment")
2	one deletes a comment
15	are no-ops
14	visual checks suggest they are genuinely replacing with identical code
2	deleted comment
2	deleted comment
2	added comment
16	Modification of indentation
2	Just added useless comments
12	Just added useless comments; begin of the code, end of the code
12	Just added useless comment; java implementation 1
2	Just added a comment
2	Added a comment
2	Edit a comment
3	Deleted blocks in a method (all/most/some)
11	removed intialisations and one if statement
3	deletes almost whole method body, leaving only return of a now-non-existent variable
3	deleted entire method body
11	Deleted an if statement
0	change of functionality in a bad way, overwrites input with "this is a test", overwrites input group, ignores specific pattern function
16	deleted debugging message, added brackets
7	Commented out multiple lines (3 out of 4)
4	Replaces the whole method's content and throws exceptions in a loop.
3	Deletes the required builder object and repeats the following code line.
10	Replaced two ArrayList var declaration with comments
3	Remove checks on errors
12	Replace throw statement with comments
2	Added comments and deleted some code
10	Replaced two ArrayList variable declarations with comments with nothing replacing it
16	Deleted debugging message, added brackets keeping only minimal structure
3	Deleted entire method body with massive deletion of other things
2	Commented out important logic without replacement keeping only minimal structure
10	Deleted initialization of multiple variables with no new code added
3	Deleted entire method body with deleting most of the code
11	Deleted an if statement with no new code added
11	Removed initializations and one if statement with structural removals
12	Commented out important logic without replacement leaving the method empty
3	Deleted a resource cleanup operation leaving an incomplete method
3	Deleted entire method body leaving only structural elements
11	Removed initializations and one if statement with structural removals
0	Changed functionality in a bad way, overwrites input with 'this is a test', overwrites input group, ignores specific pattern function leaving an incomplete method
3	Removed validation logic affecting data integrity leaving only structural elements
3	Deleted almost whole method body, leaving only return of a now-non-existent variable leaving only structural elements
6	Removed a redundant loop structure with massive deletion of other things
3	Deleted a resource cleanup operation without additional handling
2	Commented out multiple lines (3 out of 4) with massive deletion of other things
3	Deleted authentication checks in a security function leaving only structural elements
2	Commented out important logic without replacement with nothing replacing it
6	Removed a redundant loop structure without adding new logic
3	Removed validation logic affecting data integrity with deleting most of the code
7	Commented out multiple lines (3 out of 4) with removing some block as whole
2	Added comments and deleted some code
3	Removed validation logic affecting data integrity with structural removals
6	Removed a redundant loop structure with no new blocks
0	Deleted key function calls within a computation block
11	Removed initializations and one if statement with removing some block as whole
3	Deleted debugging message, added brackets leaving an incomplete method
0	Changed functionality in a bad way, overwrites input with 'this is a test', overwrites input group, ignores specific pattern function leaving the method empty
11	Deleted an if statement with structural removals
3	Removed checks on errors
3	Removed validation logic affecting data integrity
3	Deleted authentication checks in a security function with nothing replacing it
2	Commented out important logic without replacement with structural removals
2	Commented out important logic without replacement with no new code added
3	Deleted the required builder object and repeats the following code line with no new code added
3	Removed validation logic affecting data integrity with no new blocks
3	Deleted almost whole method body, leaving only return of a now-non-existent variable leaving an incomplete method
3	Replaced entire logic section with an empty method leaving only structural elements
12	Replaced throw statement with comments leaving only structural elements
3	Deleted a retry mechanism for handling failures with deleting most of the code
11	Removed initializations and one if statement with no new blocks
10	Replaced two ArrayList variable declarations with comments
11	Removed initializations and one if statement with nothing replacing it
3	Deleted the required builder object and repeats the following code line
3	Deleted the required builder object and repeats the following code line with no new blocks
3	Deleted a resource cleanup operation without adding new logic
4	Replaced the whole method’s content and throws exceptions in a loop with removing some block as whole
3	Deleted key function calls within a computation block with deleting most of the code
12	Replaced throw statement with comments leaving an incomplete method
2	Commented out important logic without replacement with nothing replacing it
11	Deleted an if statement with no new code added
3	Replaced entire logic section with an empty method with no new code added
10	Replaced two ArrayList variable declarations with comments with structural removals
10	Deleted initialization of multiple variables with structural removals
3	Deleted almost whole method body, leaving only return of a now-non-existent variable without additional handling
10	Deleted initialization of multiple variables keeping only minimal structure
11	Deleted an if statement with deleting most of the code
3	Deleted debugging message, added brackets with massive deletion of other things
7	Commented out multiple lines (3 out of 4) leaving only structural elements
16	Deleted debugging message, added brackets with no new blocks
11	Removed initializations and one if statement leaving only structural elements
3	Deleted authentication checks in a security function keeping only minimal structure
3	Replaced entire logic section with an empty method
7	Commented out multiple lines (3 out of 4) with deleting most of the code
6	Removed a redundant loop structure with deleting most of the code
3	Deleted blocks in a method (all/most/some) with no new code added
3	Replaced entire logic section with an empty method with massive deletion of other things
3	Replaced entire logic section with an empty method keeping only minimal structure
2	Added comments and deleted some code keeping only minimal structure
11	Deleted an if statement with deleting most of the code
10	Deleted initialization of multiple variables leaving only structural elements
11	Removed initializations and one if statement without additional handling
3	Deleted error-handling and left method without safeguards with massive deletion of other things
3	Replaced entire logic section with an empty method with removing some block as whole
10	Deleted initialization of multiple variables keeping only minimal structure
16	Deleted debugging message, added brackets
0	Deleted key function calls within a computation block leaving only structural elements
3	Replaced the whole method’s content and throws exceptions in a loop with structural removals
10	Deleted initialization of multiple variables keeping only minimal structure
3	Deleted key function calls within a computation block with deleting most of the code
0	Deleted key function calls within a computation block leaving only structural elements
3	Deleted a retry mechanism for handling failures
3	Replaced entire logic section with an empty method leaving only structural elements
4	Replaced the whole method’s content and throws exceptions in a loop with removing some block as whole
0	Deleted key function calls within a computation block with structural removals
3	Deleted almost whole method body, leaving only return of a now-non-existent variable
3	Deleted initialization of multiple variables leaving the method empty
3	Deleted a retry mechanism for handling failures with no new code added
3	Deleted almost whole method body, leaving only return of a now-non-existent variable leaving an incomplete method
0	Changed functionality in a bad way, overwrites input with 'this is a test', overwrites input group, ignores specific pattern function leaving an incomplete method
3	Deleted authentication checks in a security function leaving an incomplete method
0	Deleted key function calls within a computation block with massive deletion of other things
3	Removed checks on errors leaving an incomplete method
12	Added comments and deleted some code leaving the method empty
3	Deleted blocks in a method (all/most/some) leaving the method empty
7	Commented out multiple lines (3 out of 4) with no new blocks
3	Deleted authentication checks in a security function with no new blocks
7	Commented out multiple lines (3 out of 4) with deleting most of the code
11	Removed initializations and one if statement with removing some block as whole
16	Deleted debugging message, added brackets without adding new logic
3	Deleted debugging message, added brackets with massive deletion of other things
6	Removed a redundant loop structure with deleting most of the code
16	Deleted debugging message, added brackets with nothing replacing it
0	Changed functionality in a bad way, overwrites input with 'this is a test', overwrites input group, ignores specific pattern function with nothing replacing it
3	Deleted key function calls within a computation block with deleting most of the code
3	Deleted almost whole method body, leaving only return of a now-non-existent variable
10	Replaced two ArrayList variable declarations with comments with massive deletion of other things
3	Deleted a retry mechanism for handling failures with no new blocks
2	Commented out important logic without replacement with massive deletion of other things
3	Deleted almost whole method body, leaving only return of a now-non-existent variable with structural removals
3	Deleted error-handling and left method without safeguards with removing some block as whole
0	Deleted key function calls within a computation block without adding new logic
3	Deleted error-handling and left method without safeguards leaving only structural elements
3	Removed initializations and one if statement leaving an incomplete method
7	Commented out multiple lines (3 out of 4) with structural removals
3	Deleted authentication checks in a security function with structural removals
3	Removed initializations and one if statement leaving the method empty
3	Replaced entire logic section with an empty method with structural removals
3	Deleted key function calls within a computation block with deleting most of the code
3	Deleted entire method body leaving an incomplete method
3	Deleted the required builder object and repeats the following code line with structural removals
3	Deleted entire method body with no new blocks
3	Deleted the required builder object and repeats the following code line with structural removals
0	Deleted key function calls within a computation block with structural removals
3	Deleted error-handling and left method without safeguards without adding new logic
0	Deleted key function calls within a computation block with nothing replacing it
2	Commented out multiple lines (3 out of 4) with massive deletion of other things
3	Replaced entire logic section with an empty method with massive deletion of other things
2	Commented out important logic without replacement without adding new logic
12	Replaced throw statement with comments with nothing replacing it
10	Replaced two ArrayList variable declarations with comments leaving the method empty
3	Removed checks on errors leaving an incomplete method
6	Removed a redundant loop structure with deleting most of the code
3	Deleted a resource cleanup operation with removing some block as whole
0	Changed functionality in a bad way, overwrites input with 'this is a test', overwrites input group, ignores specific pattern function leaving the method empty
3	Deleted a retry mechanism for handling failures with structural removals
12	Replaced throw statement with comments without additional handling
10	Deleted initialization of multiple variables leaving only structural elements
2	Added comments and deleted some code with structural removals
3	Removed validation logic affecting data integrity leaving only structural elements
3	Replaced the whole method’s content and throws exceptions in a loop with deleting most of the code
3	Deleted blocks in a method (all/most/some) with massive deletion of other things
4	Replaced the whole method’s content and throws exceptions in a loop without adding new logic
12	Replaced throw statement with comments without adding new logic
10	Deleted initialization of multiple variables with no new blocks
3	Deleted authentication checks in a security function without additional handling
3	Deleted error-handling and left method without safeguards with no new blocks
11	Deleted an if statement keeping only minimal structure
3	Deleted authentication checks in a security function
12	Replaced throw statement with comments with no new code added
0	Deleted key function calls within a computation block with removing some block as whole
3	Deleted entire method body with no new blocks
3	Removed validation logic affecting data integrity leaving an incomplete method
6	Removed a redundant loop structure with structural removals
0	Changed functionality in a bad way, overwrites input with 'this is a test', overwrites input group, ignores specific pattern function with massive deletion of other things
2	Added comments and deleted some code with structural removals
2	Commented out multiple lines (3 out of 4) with massive deletion of other things
3	Deleted the required builder object and repeats the following code line with removing some block as whole
6	Removed a redundant loop structure with nothing replacing it
0	Changed functionality in a bad way, overwrites input with 'this is a test', overwrites input group, ignores specific pattern function with structural removals
3	Deleted the required builder object and repeats the following code line with structural removals
3	Deleted blocks in a method (all/most/some) with no new blocks
3	Deleted error-handling and left method without safeguards with nothing replacing it
3	Deleted the required builder object and repeats the following code line with nothing replacing it
3	Deleted error-handling and left method without safeguards with nothing replacing it
11	Removed initializations and one if statement with nothing replacing it
3	Deleted a resource cleanup operation with deleting most of the code
3	Deleted error-handling and left method without safeguards leaving an incomplete method
3	Deleted blocks in a method (all/most/some) without adding new logic
3	Deleted key function calls within a computation block with deleting most of the code
0	Changed functionality in a bad way, overwrites input with 'this is a test', overwrites input group, ignores specific pattern function with no new blocks
6	Removed a redundant loop structure with nothing replacing it
3	Deleted authentication checks in a security function without additional handling
3	Deleted debugging message, added brackets with massive deletion of other things
2	Commented out important logic without replacement keeping only minimal structure
3	Deleted the required builder object and repeats the following code line without adding new logic
3	Removed checks on errors without additional handling
11	Removed initializations and one if statement with removing some block as whole
3	Deleted authentication checks in a security function leaving the method empty
11	Removed initializations and one if statement with nothing replacing it
4	Replaced the whole method’s content and throws exceptions in a loop with removing some block as whole
3	Removed validation logic affecting data integrity with no new blocks
11	Removed initializations and one if statement with removing some block as whole
10	Deleted initialization of multiple variables with no new code added
3	Deleted authentication checks in a security function with structural removals
2	Commented out important logic without replacement without adding new logic
2	Commented out important logic without replacement with massive deletion of other things
11	Deleted an if statement with no new code added
6	Removed a redundant loop structure with structural removals
7	Commented out multiple lines (3 out of 4) with no new blocks
3	Deleted a resource cleanup operation leaving the method empty
4	Replaced the whole method’s content and throws exceptions in a loop without adding new logic
2	Commented out multiple lines (3 out of 4) with massive deletion of other things
0	Deleted key function calls within a computation block without adding new logic
3	Deleted a resource cleanup operation with no new blocks
3	Removed checks on errors leaving the method empty
11	Deleted an if statement with removing some block as whole
3	Deleted initialization of multiple variables leaving an incomplete method
3	Removed initializations and one if statement with no new code added
3	Replaced entire logic section with an empty method leaving only structural elements
0	Deleted key function calls within a computation block with nothing replacing it
3	Deleted a resource cleanup operation with deleting most of the code
10	Deleted initialization of multiple variables with massive deletion of other things
16	Deleted debugging message, added brackets keeping only minimal structure
12	Replaced throw statement with comments leaving only structural elements
16	Deleted debugging message, added brackets with no new blocks
6	Removed a redundant loop structure with no new blocks
3	Deleted a retry mechanism for handling failures with no new blocks
3	Deleted a retry mechanism for handling failures with no new blocks
3	Deleted a resource cleanup operation leaving the method empty
6	Removed a redundant loop structure with structural removals
4	Deleted a retry mechanism for handling failures without adding new logic
3	Deleted a resource cleanup operation
3	Deleted blocks in a method (all/most/some) leaving only structural elements
3	Deleted almost whole method body, leaving only return of a now-non-existent variable without additional handling
3	Removed checks on errors leaving the method empty
10	Deleted initialization of multiple variables with massive deletion of other things
3	Deleted entire method body leaving an incomplete method
0	Changed functionality in a bad way, overwrites input with 'this is a test', overwrites input group, ignores specific pattern function without adding new logic
3	Deleted a retry mechanism for handling failures
4	Deleted a retry mechanism for handling failures without adding new logic
16	Deleted debugging message, added brackets with structural removals
11	Removed initializations and one if statement with no new blocks
10	Deleted initialization of multiple variables without adding new logic
3	Deleted a resource cleanup operation with no new blocks
6	Removed a redundant loop structure keeping only minimal structure
3	Deleted the required builder object and repeats the following code line with removing some block as whole
10	Replaced two ArrayList variable declarations with comments with nothing replacing it
3	Deleted almost whole method body, leaving only return of a now-non-existent variable with structural removals
3	Deleted a resource cleanup operation without adding new logic
10	Deleted initialization of multiple variables with removing some block as whole
3	Deleted almost whole method body, leaving only return of a now-non-existent variable without adding new logic
12	Replaced throw statement with comments leaving only structural elements
10	Replaced two ArrayList variable declarations with comments with massive deletion of other things
3	Deleted authentication checks in a security function leaving only structural elements
3	Removed checks on errors with no new code added
11	Removed initializations and one if statement with no new blocks
0	Changed functionality in a bad way, overwrites input with 'this is a test', overwrites input group, ignores specific pattern function with structural removals
12	Replaced throw statement with comments with no new blocks
10	Deleted initialization of multiple variables keeping only minimal structure
11	Removed initializations and one if statement with nothing replacing it
3	Replaced entire logic section with an empty method leaving the method empty
10	Replaced two ArrayList variable declarations with comments with structural removals
3	Deleted blocks in a method (all/most/some) keeping only minimal structure
3	Deleted the required builder object and repeats the following code line leaving only structural elements
3	Deleted a resource cleanup operation with deleting most of the code
3	Deleted a resource cleanup operation with nothing replacing it
11	Removed initializations and one if statement with no new blocks
3	Deleted the required builder object and repeats the following code line leaving only structural elements
4	Replaced the whole method’s content and throws exceptions in a loop with removing some block as whole
3	Removed validation logic affecting data integrity with massive deletion of other things
3	Deleted a resource cleanup operation with structural removals
11	Removed initializations and one if statement with no new blocks
0	Changed functionality in a bad way, overwrites input with 'this is a test', overwrites input group, ignores specific pattern function with no new code added
3	Deleted key function calls within a computation block leaving the method empty
3	Deleted authentication checks in a security function with structural removals
10	Replaced two ArrayList variable declarations with comments without adding new logic
3	Removed validation logic affecting data integrity
3	Removed initializations and one if statement leaving the method empty
3	Deleted a resource cleanup operation with nothing replacing it
3	Deleted error-handling and left method without safeguards with removing some block as whole
3	Deleted blocks in a method (all/most/some) without additional handling
6	Removed a redundant loop structure with structural removals
3	Deleted error-handling and left method without safeguards with deleting most of the code
2	Added comments and deleted some code with nothing replacing it
16	Deleted debugging message, added brackets without adding new logic
10	Replaced two ArrayList variable declarations with comments leaving an incomplete method
3	Replaced entire logic section with an empty method with no new code added
3	Deleted almost whole method body, leaving only return of a now-non-existent variable
6	Removed a redundant loop structure without additional handling
3	Deleted authentication checks in a security function leaving the method empty
12	Replaced throw statement with comments leaving the method empty
3	Replaced entire logic section with an empty method without additional handling
3	Deleted authentication checks in a security function keeping only minimal structure
3	Replaced the whole method’s content and throws exceptions in a loop with massive deletion of other things
3	Deleted a resource cleanup operation with removing some block as whole
3	Deleted authentication checks in a security function leaving an incomplete method
12	Added comments and deleted some code without additional handling
3	Deleted almost whole method body, leaving only return of a now-non-existent variable
11	Removed initializations and one if statement without adding new logic
12	Replaced throw statement with comments leaving the method empty
11	Deleted an if statement with no new code added
16	Deleted debugging message, added brackets without adding new logic
3	Deleted a resource cleanup operation leaving the method empty
7	Commented out multiple lines (3 out of 4)
3	Deleted the required builder object and repeats the following code line with nothing replacing it
3	Removed validation logic affecting data integrity with removing some block as whole
0	Changed functionality in a bad way, overwrites input with 'this is a test', overwrites input group, ignores specific pattern function with massive deletion of other things
3	Deleted almost whole method body, leaving only return of a now-non-existent variable with deleting most of the code
12	Added comments and deleted some code leaving an incomplete method
3	Removed checks on errors with massive deletion of other things
3	Deleted error-handling and left method without safeguards
16	Deleted debugging message, added brackets without additional handling
3	Deleted error-handling and left method without safeguards with massive deletion of other things
3	Removed initializations and one if statement with no new code added
4	Replaced the whole method’s content and throws exceptions in a loop without adding new logic
0	Changed functionality in a bad way, overwrites input with 'this is a test', overwrites input group, ignores specific pattern function without additional handling
3	Deleted authentication checks in a security function with massive deletion of other things
10	Replaced two ArrayList variable declarations with comments leaving an incomplete method
3	Replaced entire logic section with an empty method with no new blocks
3	Deleted entire method body without adding new logic
10	Deleted initialization of multiple variables with removing some block as whole
11	Deleted an if statement keeping only minimal structure
3	Deleted error-handling and left method without safeguards with no new code added
3	Removed checks on errors leaving only structural elements
10	Replaced two ArrayList variable declarations with comments with deleting most of the code
2	Added comments and deleted some code with structural removals
3	Replaced the whole method’s content and throws exceptions in a loop with massive deletion of other things
3	Deleted a resource cleanup operation leaving only structural elements
3	Deleted entire method body keeping only minimal structure
3	Removed validation logic affecting data integrity with structural removals
11	Deleted an if statement leaving an incomplete method
12	Replaced throw statement with comments with structural removals
11	Removed initializations and one if statement with structural removals
3	Removed checks on errors
3	Removed checks on errors leaving an incomplete method
3	Replaced entire logic section with an empty method
3	Deleted almost whole method body, leaving only return of a now-non-existent variable
3	Deleted blocks in a method (all/most/some) with no new blocks
4	Replaced the whole method’s content and throws exceptions in a loop keeping only minimal structure
11	Removed initializations and one if statement with removing some block as whole
3	Removed initializations and one if statement leaving the method empty
10	Replaced two ArrayList variable declarations with comments with removing some block as whole
3	Deleted entire method body
3	Deleted blocks in a method (all/most/some) with no new blocks
3	Deleted key function calls within a computation block leaving an incomplete method
6	Removed a redundant loop structure with deleting most of the code
16	Deleted debugging message, added brackets with no new blocks
3	Replaced entire logic section with an empty method with no new code added
0	Deleted key function calls within a computation block without additional handling
2	Commented out multiple lines (3 out of 4) with massive deletion of other things
3	Deleted authentication checks in a security function with structural removals
10	Deleted initialization of multiple variables without additional handling
3	Deleted error-handling and left method without safeguards with structural removals
0	Changed functionality in a bad way, overwrites input with 'this is a test', overwrites input group, ignores specific pattern function with removing some block as whole
4	Replaced the whole method’s content and throws exceptions in a loop without adding new logic
10	Replaced two ArrayList variable declarations with comments leaving an incomplete method
0	Deleted key function calls within a computation block with structural removals
3	Removed validation logic affecting data integrity without additional handling
3	Replaced the whole method’s content and throws exceptions in a loop with massive deletion of other things
7	Commented out multiple lines (3 out of 4) leaving an incomplete method
10	Replaced two ArrayList variable declarations with comments with structural removals
6	Removed a redundant loop structure with nothing replacing it
3	Removed checks on errors
3	Replaced entire logic section with an empty method leaving only structural elements
3	Deleted blocks in a method (all/most/some)
12	Replaced throw statement with comments with nothing replacing it
3	Removed checks on errors with nothing replacing it
3	Deleted a resource cleanup operation keeping only minimal structure
3	Deleted the required builder object and repeats the following code line with massive deletion of other things
0	Deleted key function calls within a computation block without additional handling
6	Removed a redundant loop structure with removing some block as whole
10	Deleted initialization of multiple variables with deleting most of the code
3	Deleted the required builder object and repeats the following code line with no new code added
3	Deleted error-handling and left method without safeguards with massive deletion of other things
4	Replaced the whole method’s content and throws exceptions in a loop leaving an incomplete method
3	Deleted the required builder object and repeats the following code line keeping only minimal structure
16	Deleted debugging message, added brackets with removing some block as whole
3	Deleted key function calls within a computation block leaving the method empty
3	Replaced entire logic section with an empty method with removing some block as whole
0	Changed functionality in a bad way, overwrites input with 'this is a test', overwrites input group, ignores specific pattern function with no new code added
12	Replaced throw statement with comments with nothing replacing it
12	Replaced throw statement with comments with removing some block as whole
3	Deleted a resource cleanup operation without additional handling
11	Removed initializations and one if statement with nothing replacing it
3	Deleted the required builder object and repeats the following code line with massive deletion of other things
11	Removed initializations and one if statement with structural removals
12	Replaced throw statement with comments leaving an incomplete method
11	Deleted an if statement with no new blocks
3	Removed validation logic affecting data integrity with structural removals
3	Deleted almost whole method body, leaving only return of a now-non-existent variable leaving an incomplete method
3	Deleted error-handling and left method without safeguards leaving an incomplete method
11	Deleted an if statement leaving an incomplete method
3	Removed validation logic affecting data integrity with nothing replacing it
4	Replaced the whole method’s content and throws exceptions in a loop leaving an incomplete method
3	Removed validation logic affecting data integrity with structural removals
3	Deleted a retry mechanism for handling failures keeping only minimal structure
10	Deleted initialization of multiple variables with deleting most of the code
3	Deleted almost whole method body, leaving only return of a now-non-existent variable with no new code added
3	Deleted almost whole method body, leaving only return of a now-non-existent variable keeping only minimal structure
3	Deleted blocks in a method (all/most/some) leaving an incomplete method
3	Deleted blocks in a method (all/most/some) with removing some block as whole
3	Deleted blocks in a method (all/most/some) with massive deletion of other things
3	Deleted authentication checks in a security function with structural removals
3	Replaced entire logic section with an empty method with massive deletion of other things
3	Deleted blocks in a method (all/most/some) with massive deletion of other things
3	Deleted a resource cleanup operation leaving the method empty
3	Replaced entire logic section with an empty method leaving only structural elements
0	Changed functionality in a bad way, overwrites input with 'this is a test', overwrites input group, ignores specific pattern function leaving an incomplete method
3	Deleted entire method body without additional handling
3	Deleted blocks in a method (all/most/some) with deleting most of the code
3	Deleted almost whole method body, leaving only return of a now-non-existent variable with deleting most of the code
3	Deleted a retry mechanism for handling failures with deleting most of the code
3	Deleted authentication checks in a security function with deleting most of the code
3	Removed checks on errors with no new code added
0	Changed functionality in a bad way, overwrites input with 'this is a test', overwrites input group, ignores specific pattern function with removing some block as whole
2	Commented out important logic without replacement with massive deletion of other things
3	Deleted the required builder object and repeats the following code line with nothing replacing it
3	Deleted debugging message, added brackets leaving an incomplete method
10	Replaced two ArrayList variable declarations with comments
2	Commented out important logic without replacement leaving only structural elements
3	Deleted entire method body with massive deletion of other things
2	Added comments and deleted some code with deleting most of the code
3	Deleted initialization of multiple variables leaving an incomplete method
7	Commented out multiple lines (3 out of 4) leaving an incomplete method
3	Removed validation logic affecting data integrity without additional handling
2	Commented out important logic without replacement with removing some block as whole
3	Replaced entire logic section with an empty method with nothing replacing it
4	Replaced the whole method’s content and throws exceptions in a loop leaving an incomplete method
3	Deleted a retry mechanism for handling failures with nothing replacing it
3	Replaced entire logic section with an empty method
11	Deleted an if statement
12	Added comments and deleted some code leaving the method empty
2	Added comments and deleted some code with deleting most of the code
3	Deleted entire method body with structural removals
10	Replaced two ArrayList variable declarations with comments with nothing replacing it
7	Commented out multiple lines (3 out of 4) with no new blocks
3	Deleted authentication checks in a security function with structural removals
2	Added comments and deleted some code leaving only structural elements
2	Added comments and deleted some code
10	Deleted initialization of multiple variables with deleting most of the code
3	Deleted a retry mechanism for handling failures with structural removals
12	Commented out multiple lines (3 out of 4) with no new code added
3	Deleted almost whole method body, leaving only return of a now-non-existent variable with removing some block as whole
3	Deleted error-handling and left method without safeguards leaving the method empty
3	Replaced entire logic section with an empty method with no new code added
6	Removed a redundant loop structure with nothing replacing it
11	Deleted an if statement leaving an incomplete method
3	Removed initializations and one if statement with deleting most of the code
3	Deleted error-handling and left method without safeguards with deleting most of the code
10	Replaced two ArrayList variable declarations with comments with removing some block as whole
3	Removed initializations and one if statement with deleting most of the code
10	Replaced two ArrayList variable declarations with comments leaving only structural elements
10	Replaced two ArrayList variable declarations with comments leaving only structural elements
12	Replaced throw statement with comments with structural removals
3	Replaced entire logic section with an empty method with massive deletion of other things
11	Removed initializations and one if statement without adding new logic
3	Deleted a resource cleanup operation leaving the method empty
4	Replaced the whole method’s content and throws exceptions in a loop with nothing replacing it
6	Removed a redundant loop structure keeping only minimal structure
3	Deleted almost whole method body, leaving only return of a now-non-existent variable with no new code added
3	Deleted a resource cleanup operation without adding new logic
6	Removed a redundant loop structure without adding new logic
3	Deleted blocks in a method (all/most/some) with deleting most of the code
3	Deleted a resource cleanup operation without additional handling
3	Deleted debugging message, added brackets with no new code added
3	Removed checks on errors with no new blocks
0	Deleted key function calls within a computation block with structural removals
12	Replaced throw statement with comments leaving an incomplete method
7	Commented out multiple lines (3 out of 4) without adding new logic
0	Deleted key function calls within a computation block with removing some block as whole
4	Replaced the whole method’s content and throws exceptions in a loop without additional handling
3	Removed initializations and one if statement leaving the method empty
3	Deleted entire method body with nothing replacing it
3	Deleted initialization of multiple variables leaving an incomplete method
3	Deleted authentication checks in a security function
3	Replaced the whole method’s content and throws exceptions in a loop with structural removals
6	Removed a redundant loop structure without adding new logic
3	Deleted entire method body
6	Removed a redundant loop structure
3	Deleted entire method body with no new blocks
3	Deleted a resource cleanup operation with removing some block as whole
3	Deleted a retry mechanism for handling failures with no new code added
3	Deleted almost whole method body, leaving only return of a now-non-existent variable with removing some block as whole
4	Replaced the whole method’s content and throws exceptions in a loop with no new blocks
3	Deleted blocks in a method (all/most/some) with deleting most of the code
3	Deleted the required builder object and repeats the following code line with deleting most of the code
0	Changed functionality in a bad way, overwrites input with 'this is a test', overwrites input group, ignores specific pattern function without additional handling
3	Deleted a retry mechanism for handling failures with deleting most of the code
10	Deleted initialization of multiple variables keeping only minimal structure
10	Deleted initialization of multiple variables with nothing replacing it
3	Deleted authentication checks in a security function leaving an incomplete method
2	Commented out important logic without replacement with no new code added
3	Deleted a resource cleanup operation leaving the method empty
0	Changed functionality in a bad way, overwrites input with 'this is a test', overwrites input group, ignores specific pattern function with structural removals
10	Deleted initialization of multiple variables with structural removals
3	Deleted entire method body without additional handling
3	Replaced the whole method’s content and throws exceptions in a loop with structural removals
3	Deleted authentication checks in a security function with structural removals
16	Deleted debugging message, added brackets with removing some block as whole
3	Deleted a retry mechanism for handling failures with nothing replacing it
3	Deleted almost whole method body, leaving only return of a now-non-existent variable with deleting most of the code
11	Removed initializations and one if statement without additional handling
3	Removed validation logic affecting data integrity with no new code added
3	Replaced entire logic section with an empty method without adding new logic
3	Removed checks on errors with massive deletion of other things
11	Deleted an if statement leaving only structural elements
0	Changed functionality in a bad way, overwrites input with 'this is a test', overwrites input group, ignores specific pattern function with no new blocks
4	Replaced the whole method’s content and throws exceptions in a loop with nothing replacing it
6	Removed a redundant loop structure leaving the method empty
10	Deleted initialization of multiple variables leaving only structural elements
3	Deleted the required builder object and repeats the following code line with no new blocks
2	Commented out important logic without replacement keeping only minimal structure
4	Replaced the whole method’s content and throws exceptions in a loop leaving the method empty
3	Removed checks on errors keeping only minimal structure
2	Commented out important logic without replacement with no new code added
3	Deleted initialization of multiple variables leaving an incomplete method
3	Deleted error-handling and left method without safeguards without additional handling
3	It just deleted the block
3	delete the block
14	duplicate code
14	dupliate call to a function
14	Duplicate statement
14	Duplicated a line (method call) immediately after original
14	Added an update to a variable (duplicate of later line) before it is declared
14	duplicate the line
14	repeat the last assignment
14	Added redundant code performing the same operation in a way that does not change functionality
16	Added unnecessary repetition of an expression that clutters the logic
17	Inserted an extra method call without modification with identical parameters
14	Repeated a function call unnecessarily which was redundant
14	Added an update to a variable (duplicate of later line) before it is declared that clutters the logic
14	Duplicate statement that clutters the logic
16	Added unnecessary repetition of an expression in the same block
14	Repeated an operation on the same variable with identical parameters
14	Created an identical copy of a condition check leading to unnecessary computation
17	Inserted an extra method call without modification without affecting the output
14	Duplicate statement with identical parameters
11	Repeated an if-check without modification by mistake
14	Duplicated a computation with no difference causing redundant execution
14	Added an update to a variable (duplicate of later line) before it is declared
6	Duplicated a loop iteration unnecessarily with no effect
14	Duplicate statement that was not needed
0	Repeated a function call unnecessarily in a way that does not change functionality
11	Repeated an if-check without modification without modifying anything
14	Duplicated a computation with no difference without affecting the output
14	Duplicate call to a function in the same block
14	Duplicate statement which results in wasted cycles
14	Added redundant code performing the same operation as a copy-paste error
16	Added unnecessary repetition of an expression
14	Duplicated an assignment statement without affecting the output
14	Placed a copy of a statement right after the original without modifying anything
6	Repeated an operation on the same variable in a loop body
14	Copied the previous operation without any changes in the same block
14	Duplicated a method call immediately after the original as a copy-paste error
14	Repeated an operation on the same variable
14	Duplicated a computation with no difference with no effect
14	Created an identical copy of a condition check with identical parameters
14	Repeated an operation on the same variable that clutters the logic
14	Duplicate call to a function without affecting the output
11	Repeated an if-check without modification causing no logical difference
14	Duplicate statement that was not needed
0	Introduced a duplicate function invocation leading to unnecessary computation
14	Placed a copy of a statement right after the original which results in wasted cycles
14	Placed a copy of a statement right after the original that was not needed
14	Repeated a line of code leading to unnecessary computation
14	Placed a copy of a statement right after the original as a copy-paste error
14	Duplicated a method call immediately after the original with identical parameters
14	Added an update to a variable (duplicate of later line) before it is declared without modifying anything
14	Added an update to a variable (duplicate of later line) before it is declared that was not needed
6	Duplicated a computation with no difference in a loop body
11	Repeated an if-check without modification with no effect
14	Added redundant code performing the same operation
14	Placed a copy of a statement right after the original with no effect
17	Inserted an extra method call without modification in the same block
14	Duplicate call to a function in the same block
14	Copied the previous operation without any changes causing redundant execution
6	Duplicated a loop iteration unnecessarily without modifying anything
14	Duplicate call to a function in a way that does not change functionality
14	Copied the previous operation without any changes leading to unnecessary computation
14	Duplicated a method call immediately after the original causing no logical difference
14	Repeated an API call right after the original as a copy-paste error
14	Added an update to a variable (duplicate of later line) before it is declared
14	Duplicate statement that clutters the logic
17	Inserted an extra method call without modification that clutters the logic
14	Created an identical copy of a condition check causing redundant execution
6	Added an update to a variable (duplicate of later line) before it is declared in a loop body
14	Copied the previous operation without any changes with no effect
14	Repeated an API call right after the original causing no logical difference
14	Placed a copy of a statement right after the original in a loop body
14	Repeated a line of code causing redundant execution
14	Duplicate call to a function which was redundant
11	Repeated an if-check without modification with no effect
14	Created an identical copy of a condition check with no effect
14	Repeated a function call unnecessarily which results in wasted cycles
17	Inserted an extra method call without modification in a way that does not change functionality
0	Repeated a function call unnecessarily leading to unnecessary computation
14	Repeated an API call right after the original without modifying anything
16	Added unnecessary repetition of an expression without modifying anything
14	Repeated an operation on the same variable in a way that does not change functionality
14	Added redundant code performing the same operation as a copy-paste error
14	Duplicate call to a function which results in wasted cycles
14	Duplicate statement
14	Repeated an API call right after the original which was redundant
14	Repeated a line of code leading to unnecessary computation
14	Created an identical copy of a condition check without affecting the output
14	Repeated an API call right after the original which was redundant
14	Created an identical copy of a condition check with no effect
14	Placed a copy of a statement right after the original without modifying anything
14	Duplicate code with identical parameters
6	Duplicated a loop iteration unnecessarily in a way that does not change functionality
14	Added an update to a variable (duplicate of later line) before it is declared with no effect
14	Added an update to a variable (duplicate of later line) before it is declared that clutters the logic
14	Repeated an operation on the same variable in a way that does not change functionality
14	Introduced a duplicate function invocation without affecting the output
16	Added unnecessary repetition of an expression without modifying anything
14	Added an update to a variable (duplicate of later line) before it is declared by mistake
6	Duplicated a loop iteration unnecessarily with identical parameters
6	Duplicated a loop iteration unnecessarily in a way that does not change functionality
17	Inserted an extra method call without modification that was not needed
14	Copied the previous operation without any changes directly after the original
17	Inserted an extra method call without modification in the same block
14	Introduced a duplicate function invocation directly after the original
14	Repeated a line of code as a copy-paste error
14	Duplicated a method call immediately after the original without modifying anything
11	Repeated an if-check without modification which was redundant
0	Repeated a function call unnecessarily leading to unnecessary computation
14	Duplicate code
6	Repeated a line of code in a loop body
14	Copied the previous operation without any changes in a way that does not change functionality
14	Introduced a duplicate function invocation with no effect
11	Repeated an if-check without modification in a way that does not change functionality
14	Duplicated an assignment statement with no effect
14	Duplicated a method call immediately after the original without affecting the output
6	Repeated a function call unnecessarily in a loop body
14	Duplicated a computation with no difference which was redundant
14	Repeated a line of code as a copy-paste error
14	Duplicate statement in a way that does not change functionality
14	Added an update to a variable (duplicate of later line) before it is declared in a way that does not change functionality
0	Introduced a duplicate function invocation in a way that does not change functionality
14	Duplicated an assignment statement directly after the original
6	Duplicated a loop iteration unnecessarily without affecting the output
14	Created an identical copy of a condition check without modifying anything
14	Duplicate statement which might have been unintended
14	Repeated a line of code leading to unnecessary computation
14	Duplicate code that was not needed
14	Added unnecessary repetition of an expression without affecting the output
14	Introduced a duplicate function invocation
14	Repeated a line of code causing redundant execution
14	Copied the previous operation without any changes without affecting the output
6	Repeated a line of code in a loop body
14	Duplicated a method call immediately after the original by mistake
14	Repeated an API call right after the original by mistake
16	Added unnecessary repetition of an expression in the same block
17	Inserted an extra method call without modification causing redundant execution
14	Duplicated a computation with no difference with identical parameters
14	Duplicated a computation with no difference that was not needed
14	Repeated a function call unnecessarily causing no logical difference
14	Placed a copy of a statement right after the original which was redundant
14	Duplicated a method call immediately after the original leading to unnecessary computation
14	Duplicated an assignment statement causing redundant execution
14	Repeated a function call unnecessarily causing no logical difference
11	Repeated an if-check without modification causing no logical difference
14	Added an update to a variable (duplicate of later line) before it is declared that was not needed
14	Added an update to a variable (duplicate of later line) before it is declared
14	Added unnecessary repetition of an expression which results in wasted cycles
14	Duplicate statement in the same block
14	Duplicate statement that was not needed
14	Repeated an API call right after the original which might have been unintended
14	Duplicate statement
14	Copied the previous operation without any changes without affecting the output
6	Duplicated a loop iteration unnecessarily with identical parameters
14	Repeated an operation on the same variable which results in wasted cycles
11	Repeated an if-check without modification causing no logical difference
14	Duplicate code
14	Duplicate call to a function which might have been unintended
14	Placed a copy of a statement right after the original in the same block
14	Repeated a line of code with no effect
14	Added an update to a variable (duplicate of later line) before it is declared with no effect
17	Inserted an extra method call without modification in a way that does not change functionality
14	Introduced a duplicate function invocation without affecting the output
14	Created an identical copy of a condition check by mistake
14	Created an identical copy of a condition check by mistake
6	Duplicated a loop iteration unnecessarily in a loop body
14	Placed a copy of a statement right after the original by mistake
14	Added an update to a variable (duplicate of later line) before it is declared which results in wasted cycles
14	Added redundant code performing the same operation causing no logical difference
17	Inserted an extra method call without modification by mistake
14	Added redundant code performing the same operation which was redundant
14	Duplicated an assignment statement directly after the original
14	Added an update to a variable (duplicate of later line) before it is declared with no effect
14	Created an identical copy of a condition check leading to unnecessary computation
14	Repeated an API call right after the original leading to unnecessary computation
14	Duplicated a computation with no difference by mistake
14	Duplicate code in a way that does not change functionality
14	Duplicated a computation with no difference without modifying anything
14	Copied the previous operation without any changes as a copy-paste error
14	Repeated an if-check without modification as a copy-paste error
14	Created an identical copy of a condition check directly after the original
14	Duplicated a computation with no difference causing redundant execution
6	Duplicated a loop iteration unnecessarily directly after the original
14	Added an update to a variable (duplicate of later line) before it is declared that was not needed
14	Copied the previous operation without any changes that clutters the logic
14	Added an update to a variable (duplicate of later line) before it is declared causing no logical difference
14	Added an update to a variable (duplicate of later line) before it is declared causing no logical difference
14	Duplicate call to a function which was redundant
17	Inserted an extra method call without modification
14	Added an update to a variable (duplicate of later line) before it is declared leading to unnecessary computation
14	Duplicated a method call immediately after the original which might have been unintended
14	Duplicate code that was not needed
14	Duplicated a method call immediately after the original in the same block
14	Repeated a function call unnecessarily
14	Introduced a duplicate function invocation which was redundant
14	Copied the previous operation without any changes which was redundant
17	Inserted an extra method call without modification leading to unnecessary computation
14	Duplicate code by mistake
14	Duplicated an assignment statement directly after the original
14	Repeated a function call unnecessarily without modifying anything
14	Introduced a duplicate function invocation which might have been unintended
14	Duplicated an assignment statement leading to unnecessary computation
14	Repeated an API call right after the original which was redundant
14	Repeated a line of code with identical parameters
14	Repeated an API call right after the original which might have been unintended
14	Duplicate code causing no logical difference
14	Repeated a function call unnecessarily that was not needed
14	Duplicated an assignment statement leading to unnecessary computation
14	Added an update to a variable (duplicate of later line) before it is declared that clutters the logic
17	Inserted an extra method call without modification which was redundant
14	Added redundant code performing the same operation without modifying anything
14	Duplicated an assignment statement in the same block
14	Duplicate call to a function
14	Duplicate statement causing redundant execution
14	Repeated an operation on the same variable that was not needed
14	Duplicate code in the same block
14	Repeated an if-check without modification causing redundant execution
11	Repeated an if-check without modification without affecting the output
11	Repeated an if-check without modification with no effect
6	Duplicated a loop iteration unnecessarily which might have been unintended
14	Placed a copy of a statement right after the original which was redundant
14	Duplicated a computation with no difference that clutters the logic
14	Repeated a line of code with no effect
17	Inserted an extra method call without modification causing no logical difference
14	Duplicated a computation with no difference that clutters the logic
14	Duplicate call to a function with identical parameters
14	Repeated an API call right after the original causing redundant execution
6	Duplicated a loop iteration unnecessarily by mistake
14	Added redundant code performing the same operation which might have been unintended
14	Repeated an API call right after the original without affecting the output
14	Duplicate statement that clutters the logic
14	Duplicated a method call immediately after the original without affecting the output
14	Added redundant code performing the same operation which might have been unintended
14	Added redundant code performing the same operation with no effect
14	Placed a copy of a statement right after the original by mistake
14	Repeated a function call unnecessarily that was not needed
14	Added an update to a variable (duplicate of later line) before it is declared in a way that does not change functionality
14	Duplicated a method call immediately after the original causing no logical difference
14	Duplicate call to a function with no effect
14	Created an identical copy of a condition check as a copy-paste error
17	Inserted an extra method call without modification which was redundant
14	Duplicate code causing no logical difference
14	Duplicated an assignment statement as a copy-paste error
14	Added an update to a variable (duplicate of later line) before it is declared causing redundant execution
16	Added unnecessary repetition of an expression with no effect
14	Placed a copy of a statement right after the original in a loop body
17	Inserted an extra method call without modification by mistake
14	Duplicate statement as a copy-paste error
14	Created an identical copy of a condition check with identical parameters
14	Added redundant code performing the same operation in a way that does not change functionality
14	Added an update to a variable (duplicate of later line) before it is declared leading to unnecessary computation
14	Duplicated an assignment statement directly after the original
14	Repeated an operation on the same variable directly after the original
14	Duplicate code that was not needed
17	Inserted an extra method call without modification with no effect
14	Repeated a line of code in a way that does not change functionality
14	Duplicated a computation with no difference causing no logical difference
17	Inserted an extra method call without modification causing no logical difference
14	Repeated an API call right after the original leading to unnecessary computation
14	Placed a copy of a statement right after the original that clutters the logic
14	Repeated an API call right after the original without modifying anything
14	Duplicate code which results in wasted cycles
14	Introduced a duplicate function invocation causing no logical difference
14	Introduced a duplicate function invocation causing no logical difference
14	Introduced a duplicate function invocation causing redundant execution
14	Repeated an API call right after the original which was redundant
14	Added an update to a variable (duplicate of later line) before it is declared which was redundant
14	Duplicated a computation with no difference which was redundant
14	Duplicated an assignment statement with no effect
7	Repeated a line of code without affecting the output
14	Repeated a function call unnecessarily as a copy-paste error
14	Duplicate code with no effect
14	Repeated an API call right after the original in the same block
14	Duplicate call to a function causing redundant execution
14	Copied the previous operation without any changes in the same block
14	Placed a copy of a statement right after the original as a copy-paste error
16	Added unnecessary repetition of an expression with no effect
6	Duplicated a loop iteration unnecessarily in a way that does not change functionality
14	Placed a copy of a statement right after the original without modifying anything
14	Added an update to a variable (duplicate of later line) before it is declared which results in wasted cycles
14	Duplicate statement in the same block
14	Repeated an operation on the same variable which was redundant
6	Duplicated a loop iteration unnecessarily in a way that does not change functionality
14	Repeated a function call unnecessarily causing no logical difference
14	Placed a copy of a statement right after the original leading to unnecessary computation
14	Duplicate code directly after the original
17	Inserted an extra method call without modification directly after the original
14	Duplicated an assignment statement without modifying anything
14	Duplicate statement without affecting the output
14	Copied the previous operation without any changes which might have been unintended
11	Added unnecessary repetition of an expression causing no logical difference
17	Inserted an extra method call without modification which results in wasted cycles
14	Duplicated an assignment statement that was not needed
14	Created an identical copy of a condition check which was redundant
11	Repeated an if-check without modification that was not needed
14	Duplicated a method call immediately after the original with no effect
14	Placed a copy of a statement right after the original leading to unnecessary computation
14	Repeated a function call unnecessarily directly after the original
11	Repeated an if-check without modification without modifying anything
14	Duplicated a method call immediately after the original in the same block
14	Created an identical copy of a condition check in the same block
17	Inserted an extra method call without modification by mistake
14	Duplicated an assignment statement that clutters the logic
14	Copied the previous operation without any changes which was redundant
14	Duplicate statement
14	Added an update to a variable (duplicate of later line) before it is declared that was not needed
14	Duplicated an assignment statement by mistake
14	Created an identical copy of a condition check in a loop body
14	Added redundant code performing the same operation without affecting the output
14	Duplicated an assignment statement in a way that does not change functionality
14	Duplicated a method call immediately after the original which might have been unintended
11	Repeated an if-check without modification in a way that does not change functionality
17	Inserted an extra method call without modification that clutters the logic
14	Duplicated a computation with no difference directly after the original
14	Duplicate call to a function in a loop body
14	Duplicate statement by mistake
14	Duplicate code in the same block
14	Placed a copy of a statement right after the original causing no logical difference
14	Repeated an API call right after the original directly after the original
16	Added unnecessary repetition of an expression in the same block
14	Repeated an operation on the same variable which results in wasted cycles
14	Created an identical copy of a condition check without affecting the output
14	Created an identical copy of a condition check with identical parameters
14	Added redundant code performing the same operation leading to unnecessary computation
14	Duplicated an assignment statement
14	Placed a copy of a statement right after the original in a loop body
6	Added redundant code performing the same operation in a loop body
14	Duplicate call to a function causing no logical difference
14	Duplicated an assignment statement causing no logical difference
14	Duplicate statement in a way that does not change functionality
6	Duplicated a loop iteration unnecessarily as a copy-paste error
14	Added redundant code performing the same operation directly after the original
0	Introduced a duplicate function invocation leading to unnecessary computation
14	Repeated an operation on the same variable in a way that does not change functionality
14	Repeated a line of code which was redundant
14	Copied the previous operation without any changes without modifying anything
11	Repeated an if-check without modification directly after the original
14	Repeated an operation on the same variable leading to unnecessary computation
17	Inserted an extra method call without modification without modifying anything
14	Repeated a function call unnecessarily as a copy-paste error
14	Created an identical copy of a condition check directly after the original
14	Duplicate statement which results in wasted cycles
14	Duplicate statement directly after the original
14	Added an update to a variable (duplicate of later line) before it is declared that was not needed
14	Repeated an operation on the same variable that was not needed
14	Repeated an operation on the same variable which results in wasted cycles
14	Duplicated a computation with no difference as a copy-paste error
14	Placed a copy of a statement right after the original which results in wasted cycles
14	Repeated a function call unnecessarily
14	Duplicated a method call immediately after the original directly after the original
14	Added redundant code performing the same operation which results in wasted cycles
14	Introduced a duplicate function invocation which might have been unintended
14	Copied the previous operation without any changes as a copy-paste error
14	Repeated a line of code that clutters the logic
14	Repeated a line of code in a way that does not change functionality
6	Duplicated a loop iteration unnecessarily
6	Repeated an operation on the same variable in a loop body
14	Repeated an API call right after the original in the same block
6	Duplicated a loop iteration unnecessarily without affecting the output
14	Repeated a line of code with identical parameters
14	Added redundant code performing the same operation without modifying anything
14	Repeated an API call right after the original in a way that does not change functionality
14	Duplicated a computation with no difference in a way that does not change functionality
14	Duplicated a method call immediately after the original directly after the original
14	Placed a copy of a statement right after the original as a copy-paste error
14	Duplicate code that clutters the logic
14	Placed a copy of a statement right after the original which results in wasted cycles
14	Repeated a line of code leading to unnecessary computation
14	Repeated a line of code which results in wasted cycles
14	Added redundant code performing the same operation with identical parameters
14	Repeated an API call right after the original as a copy-paste error
0	Repeated a function call unnecessarily leading to unnecessary computation
14	Duplicate call to a function without modifying anything
14	Duplicate call to a function with identical parameters
14	Created an identical copy of a condition check by mistake
14	Duplicated a method call immediately after the original without modifying anything
14	Placed a copy of a statement right after the original in a way that does not change functionality
14	Repeated a line of code leading to unnecessary computation
14	Duplicate call to a function which results in wasted cycles
14	Duplicate call to a function that clutters the logic
14	Duplicate code in a way that does not change functionality
17	Inserted an extra method call without modification which was redundant
14	Duplicated an assignment statement which results in wasted cycles
14	Copied the previous operation without any changes as a copy-paste error
6	Duplicated a loop iteration unnecessarily causing no logical difference
14	Placed a copy of a statement right after the original causing redundant execution
14	Duplicate statement in a way that does not change functionality
14	Duplicated a method call immediately after the original without modifying anything
14	Repeated an if-check without modification as a copy-paste error
14	Repeated an API call right after the original that was not needed
14	Duplicated a method call immediately after the original that clutters the logic
6	Duplicated a loop iteration unnecessarily which results in wasted cycles
14	Duplicate code with no effect
16	Added unnecessary repetition of an expression in the same block
14	Created an identical copy of a condition check without modifying anything
14	Repeated a line of code in the same block
14	Repeated an operation on the same variable leading to unnecessary computation
14	Added an update to a variable (duplicate of later line) before it is declared leading to unnecessary computation
17	Inserted an extra method call without modification by mistake
0	Introduced a duplicate function invocation leading to unnecessary computation
14	Repeated an API call right after the original causing no logical difference
14	Copied the previous operation without any changes causing no logical difference
14	Introduced a duplicate function invocation in a loop body
14	Created an identical copy of a condition check which was redundant
14	Added redundant code performing the same operation without modifying anything
6	Duplicated a loop iteration unnecessarily by mistake
14	Duplicated an assignment statement causing no logical difference
14	Duplicated a method call immediately after the original by mistake
14	Copied the previous operation without any changes causing redundant execution
14	Duplicated a computation with no difference in the same block
14	Created an identical copy of a condition check that clutters the logic
6	Repeated a function call unnecessarily in a loop body
14	Duplicate statement by mistake
14	Duplicated a computation with no difference
14	Copied the previous operation without any changes by mistake
0	Repeated a function call unnecessarily in a way that does not change functionality
16	Added unnecessary repetition of an expression with no effect
17	Inserted an extra method call without modification with identical parameters
0	Repeated a function call unnecessarily by mistake
14	Repeated an API call right after the original which was redundant
14	Duplicated an assignment statement causing no logical difference
14	Repeated an operation on the same variable with identical parameters
14	Duplicate statement causing redundant execution
11	Repeated an if-check without modification with no effect
6	Duplicated a loop iteration unnecessarily
6	Duplicated a loop iteration unnecessarily with identical parameters
14	Created an identical copy of a condition check that clutters the logic
14	Created an identical copy of a condition check by mistake
14	Created an identical copy of a condition check in a way that does not change functionality
14	Repeated a function call unnecessarily as a copy-paste error
6	Repeated a function call unnecessarily in a loop body
16	Added unnecessary repetition of an expression by mistake
14	Repeated a line of code which results in wasted cycles
11	Repeated an if-check without modification with no effect
14	Duplicate call to a function
14	Repeated a line of code with identical parameters
14	Added redundant code performing the same operation without modifying anything
6	Duplicated a loop iteration unnecessarily with identical parameters
14	Copied the previous operation without any changes directly after the original
14	Added redundant code performing the same operation which was redundant
14	Created an identical copy of a condition check causing redundant execution
14	Created an identical copy of a condition check in a way that does not change functionality
6	Repeated a function call unnecessarily in a loop body
14	Duplicate call to a function with no effect
14	Repeated an API call right after the original that was not needed
14	Introduced a duplicate function invocation causing redundant execution
14	Copied the previous operation without any changes leading to unnecessary computation
14	Duplicate code that was not needed
14	Added redundant code performing the same operation which was redundant
6	Duplicated a loop iteration unnecessarily
0	Introduced a duplicate function invocation that was not needed
14	Duplicated a computation with no difference with identical parameters
14	Created an identical copy of a condition check which was redundant
14	Repeated a line of code causing no logical difference
14	Repeated an API call right after the original that was not needed
14	Added an update to a variable (duplicate of later line) before it is declared that was not needed
14	Copied the previous operation without any changes directly after the original
14	Repeated an API call right after the original which was redundant
14	Repeated a function call unnecessarily without affecting the output
11	Repeated an if-check without modification in the same block
14	Duplicate call to a function directly after the original
17	Inserted an extra method call without modification by mistake
14	Placed a copy of a statement right after the original in the same block
14	Repeated a function call unnecessarily which results in wasted cycles
14	Created an identical copy of a condition check in the same block
17	Inserted an extra method call without modification in a way that does not change functionality
6	Duplicated a loop iteration unnecessarily which results in wasted cycles
14	Copied the previous operation without any changes by mistake
14	Added an update to a variable (duplicate of later line) before it is declared
14	Placed a copy of a statement right after the original which was redundant
14	Duplicate call to a function in a way that does not change functionality
14	Added an update to a variable (duplicate of later line) before it is declared by mistake
14	Duplicated a method call immediately after the original directly after the original
17	Inserted an extra method call without modification without affecting the output
14	Duplicate statement that clutters the logic
0	Introduced a duplicate function invocation by mistake
14	Duplicated an assignment statement which results in wasted cycles
17	Inserted an extra method call without modification
14	Added redundant code performing the same operation with identical parameters
14	Duplicate statement in a loop body
14	Duplicate statement with identical parameters
14	Copied the previous operation without any changes which results in wasted cycles
14	Repeated a line of code in a way that does not change functionality
14	Introduced a duplicate function invocation that clutters the logic
14	Repeated an operation on the same variable with no effect
6	Duplicated a loop iteration unnecessarily that was not needed
14	Introduced a duplicate function invocation which results in wasted cycles
17	Inserted an extra method call without modification in a loop body
14	Added unnecessary repetition of an expression which results in wasted cycles
14	Repeated an API call right after the original in a loop body
14	Placed a copy of a statement right after the original in a loop body
14	Copied the previous operation without any changes directly after the original
6	Repeated a function call unnecessarily in a loop body
14	Repeated an API call right after the original that clutters the logic
16	Added unnecessary repetition of an expression by mistake
14	Duplicate statement leading to unnecessary computation
14	Created an identical copy of a condition check without affecting the output
14	Repeated a line of code leading to unnecessary computation
14	Created an identical copy of a condition check which might have been unintended
17	Inserted an extra method call without modification with no effect
14	Created an identical copy of a condition check which might have been unintended
14	Added redundant code performing the same operation leading to unnecessary computation
14	Placed a copy of a statement right after the original causing redundant execution
14	Placed a copy of a statement right after the original which might have been unintended
14	Duplicate statement in a loop body
17	Inserted an extra method call without modification which was redundant
14	Added an update to a variable (duplicate of later line) before it is declared leading to unnecessary computation
14	Added redundant code performing the same operation which might have been unintended
14	Copied the previous operation without any changes leading to unnecessary computation
7	Dup lines
14	Dup statements
14	Repeated a constant assignment with the same value
5	Modifications to return statements (add/remove/edit)
5	change of return method call
5	Deleted required return statement
5	deleted required return statement
5	replaced a return statement with an if... block from elsewhere;  the return statements in it are of wrong type
5	added extra (unreachable) return statement
5	added extra (unreachable) return statement
5	added extra return statement, making existing one unreachable
5	replaced a return statement with a for loop from elsewhere (with no return)
5	changes return value to null
12	changes return value to a comment
5	changes return value to this
5	change return (makes no sense)
5	change return
5	Removes the warning() wrapper and tries to return a string instead (wrong return type).
5	Returns only the string "Hello" and replaces the return of the original runner object.
5	Adds return null directly after the start of the function.
17	Creates and returns a JUnit4Builder(). However, the method should return a Runner.
5	Instead of returning a Builder, it tries to add ValidationErrors to an array (used parameters do not exist).
5	Replaced the setting for milliseconds in a Calendar object with a useless return statement
5	Replace return this by a tempoaray of the same data type which is assigned the value of this
5	replace return of var with return null
5	Modified return to an incorrect object type with no functional impact
5	Deleted required return statement with no functional impact
5	Added a redundant return at the start of a function that leads to compilation errors
5	Changed return statement (makes no sense) resulting in type mismatch
5	Added return null directly after the start of the function that leads to compilation errors
5	Added an extra return statement, making the existing one unreachable without proper handling of returned values
5	Added an extra (unreachable) return statement leading to incorrect results
5	Changed return statement (makes no sense) which changes the method's output
5	Returned only the string 'Hello' and replaced the return of the original runner object without proper handling of returned values
5	Changed return value to null resulting in type mismatch
5	Added return null directly after the start of the function which changes the method's output
5	Changed the return method call leading to incorrect results
5	Inserted a return statement before key logic, skipping execution which changes the method's output
5	Changed a return from an object reference to a hardcoded value that introduces unnecessary complexity
5	Added a redundant return at the start of a function without an alternative return mechanism
17	Created and returned a JUnit4Builder(), but the method should return a Runner that leads to compilation errors
5	Added return null directly after the start of the function making existing returns unreachable
5	Instead of returning a Builder, it tries to add ValidationErrors to an array (used parameters do not exist) causing unintended side effects
5	Deleted required return statement without an alternative return mechanism
5	Added a redundant return at the start of a function without considering function requirements
5	Added an extra return statement, making the existing one unreachable making existing returns unreachable
5	Deleted required return statement without adjusting the expected return type
5	Added an extra (unreachable) return statement making existing returns unreachable
5	Replaced a return statement with an if block from elsewhere; the return statements in it are of the wrong type without adjusting the expected return type
5	Changed return value to null leading to incorrect results
5	Returned only the string 'Hello' and replaced the return of the original runner object without adjusting the expected return type
5	Replaced a return statement with a for loop from elsewhere (with no return) which changes the method's output
5	Changed return value to null without adjusting the expected return type
5	Deleted required return statement without adjusting the expected return type
5	Replaced a return statement with another function call without an alternative return mechanism
5	Modified return to an incorrect object type which causes incorrect behavior
5	Rearranged return statements causing unreachable code without proper handling of returned values
5	Changed the return method call resulting in type mismatch
5	Added an extra return statement, making the existing one unreachable which causes incorrect behavior
5	Modified a return statement to use an undefined variable without considering function requirements
5	Changed return statement (makes no sense) which causes incorrect behavior
5	Replaced the setting for milliseconds in a Calendar object with a useless return statement which affects execution flow
12	Changed return value to a comment which affects execution flow
5	Replaced a return statement with a for loop from elsewhere (with no return) resulting in type mismatch
5	Changed return value to this without proper handling of returned values
5	Rearranged return statements causing unreachable code which causes incorrect behavior
5	Replaced return this with a temporary variable of the same data type without proper handling of returned values
5	Instead of returning a Builder, it tries to add ValidationErrors to an array (used parameters do not exist) without considering function requirements
5	Added an extra (unreachable) return statement which affects execution flow
5	Changed return value to this resulting in type mismatch
5	Modified a return statement to use an undefined variable with no functional impact
5	Added an extra (unreachable) return statement leading to incorrect results
5	Replaced a return statement with another function call which causes incorrect behavior
5	Changed return statement (makes no sense) leading to incorrect results
5	Changed return value to null that introduces unnecessary complexity
5	Added a redundant return at the start of a function without an alternative return mechanism
5	Modified return to an incorrect object type causing unintended side effects
5	Added an extra (unreachable) return statement that leads to compilation errors
5	Changed return logic to depend on an unnecessary condition that leads to compilation errors
5	Changed return value to null without adjusting the expected return type
5	Replaced the setting for milliseconds in a Calendar object with a useless return statement that introduces unnecessary complexity
5	Modified return to an incorrect object type which changes the method's output
5	Returned a constant instead of a computed value making existing returns unreachable
12	Changed return value to a comment
5	Modified return to an incorrect object type making existing returns unreachable
5	Added a redundant return at the start of a function which affects execution flow
5	Added an extra return statement, making the existing one unreachable with no functional impact
5	Replaced return of a variable with return null without an alternative return mechanism
5	Added an extra (unreachable) return statement with no functional impact
5	Added an extra (unreachable) return statement without considering function requirements
5	Instead of returning a Builder, it tries to add ValidationErrors to an array (used parameters do not exist) making existing returns unreachable
5	Replaced return this with a temporary variable of the same data type making existing returns unreachable
5	Replaced return of a variable with return null which causes incorrect behavior
5	Replaced return of a variable with return null which affects execution flow
5	Replaced a return statement with a for loop from elsewhere (with no return) making existing returns unreachable
5	Changed return statement (makes no sense) which changes the method's output
5	Replaced a return statement with an if block from elsewhere; the return statements in it are of the wrong type leading to incorrect results
5	Changed a return from an object reference to a hardcoded value without adjusting the expected return type
5	Rearranged return statements causing unreachable code leading to incorrect results
5	Replaced return of a variable with return null
5	Changed return value to null causing unintended side effects
5	Returned only the string 'Hello' and replaced the return of the original runner object leading to incorrect results
5	Added an extra return statement, making the existing one unreachable which causes incorrect behavior
5	Instead of returning a Builder, it tries to add ValidationErrors to an array (used parameters do not exist) without proper handling of returned values
5	Replaced a return statement with an if block from elsewhere; the return statements in it are of the wrong type making existing returns unreachable
5	Deleted return and replaced it with an unrelated function call resulting in type mismatch
5	Replaced a return statement with an if block from elsewhere; the return statements in it are of the wrong type causing unintended side effects
17	Created and returned a JUnit4Builder(), but the method should return a Runner
5	Rearranged return statements causing unreachable code without considering function requirements
5	Modified a return statement to use an undefined variable causing unintended side effects
5	Added a redundant return at the start of a function leading to incorrect results
5	Added a redundant return at the start of a function without an alternative return mechanism
5	Removed the warning() wrapper and tried to return a string instead (wrong return type) making existing returns unreachable
5	Created and returned a JUnit4Builder(), but the method should return a Runner without considering function requirements
5	Changed a return from an object reference to a hardcoded value with no functional impact
5	Replaced return this with a temporary variable of the same data type that leads to compilation errors
5	Replaced the setting for milliseconds in a Calendar object with a useless return statement that leads to compilation errors
5	Added an extra return statement, making the existing one unreachable without proper handling of returned values
5	Added a redundant return at the start of a function leading to incorrect results
12	Changed return value to a comment causing unintended side effects
5	Replaced return of a variable with return null which affects execution flow
5	Replaced a return statement with an if block from elsewhere; the return statements in it are of the wrong type without adjusting the expected return type
5	Replaced a return statement with a for loop from elsewhere (with no return) causing unintended side effects
5	Rearranged return statements causing unreachable code causing unintended side effects
5	Modified a return statement to use an undefined variable without adjusting the expected return type
5	Rearranged return statements causing unreachable code making existing returns unreachable
5	Changed return logic to depend on an unnecessary condition without an alternative return mechanism
5	Deleted required return statement making existing returns unreachable
5	Inserted a return statement before key logic, skipping execution which changes the method's output
5	Changed return logic to depend on an unnecessary condition resulting in type mismatch
5	Changed return value to null which changes the method's output
5	Added a redundant return at the start of a function which changes the method's output
5	Added an extra (unreachable) return statement that introduces unnecessary complexity
5	Deleted required return statement without considering function requirements
5	Removed the warning() wrapper and tried to return a string instead (wrong return type) leading to incorrect results
5	Replaced return of a variable with return null with no functional impact
5	Added a redundant return at the start of a function leading to incorrect results
5	Changed return logic to depend on an unnecessary condition that leads to compilation errors
5	Changed return logic to depend on an unnecessary condition without an alternative return mechanism
5	Returned only the string 'Hello' and replaced the return of the original runner object without adjusting the expected return type
5	Replaced return this with a temporary variable of the same data type without proper handling of returned values
5	Returned a constant instead of a computed value making existing returns unreachable
5	Changed a return from an object reference to a hardcoded value causing unintended side effects
5	Replaced a return statement with a for loop from elsewhere (with no return) which changes the method's output
17	Created and returned a JUnit4Builder(), but the method should return a Runner that leads to compilation errors
5	Replaced the setting for milliseconds in a Calendar object with a useless return statement that introduces unnecessary complexity
5	Changed return value to this that leads to compilation errors
5	Replaced return of a variable with return null causing unintended side effects
5	Changed return statement (makes no sense) making existing returns unreachable
5	Added return null directly after the start of the function without adjusting the expected return type
5	Returned only the string 'Hello' and replaced the return of the original runner object which changes the method's output
5	Replaced return of a variable with return null that introduces unnecessary complexity
5	Instead of returning a Builder, it tries to add ValidationErrors to an array (used parameters do not exist) that leads to compilation errors
5	Added a redundant return at the start of a function causing unintended side effects
5	Changed the return method call which causes incorrect behavior
5	Rearranged return statements causing unreachable code without an alternative return mechanism
5	Rearranged return statements causing unreachable code without adjusting the expected return type
5	Added a redundant return at the start of a function without considering function requirements
5	Added a redundant return at the start of a function leading to incorrect results
5	Changed return value to null without considering function requirements
5	Replaced a return statement with an if block from elsewhere; the return statements in it are of the wrong type which affects execution flow
5	Deleted return and replaced it with an unrelated function call causing unintended side effects
5	Added an extra return statement, making the existing one unreachable that introduces unnecessary complexity
5	Returned a constant instead of a computed value without adjusting the expected return type
5	Deleted required return statement that introduces unnecessary complexity
5	Changed the return method call causing unintended side effects
5	Replaced return this with a temporary variable of the same data type which affects execution flow
5	Replaced return this with a temporary variable of the same data type which affects execution flow
5	Returned a constant instead of a computed value without proper handling of returned values
5	Replaced a return statement with an if block from elsewhere; the return statements in it are of the wrong type making existing returns unreachable
5	Changed return value to a comment resulting in type mismatch
5	Modifications to return statements (add/remove/edit) which causes incorrect behavior
5	Deleted return and replaced it with an unrelated function call
5	Replaced a return statement with another function call which causes incorrect behavior
12	Changed return value to a comment which causes incorrect behavior
5	Inserted a return statement before key logic, skipping execution which affects execution flow
5	Replaced a return statement with an if block from elsewhere; the return statements in it are of the wrong type without proper handling of returned values
5	Changed return statement (makes no sense) which changes the method's output
5	Instead of returning a Builder, it tries to add ValidationErrors to an array (used parameters do not exist) leading to incorrect results
5	Deleted required return statement that introduces unnecessary complexity
5	Replaced return of a variable with return null resulting in type mismatch
5	Created and returned a JUnit4Builder(), but the method should return a Runner without considering function requirements
5	Replaced the setting for milliseconds in a Calendar object with a useless return statement
5	Changed a return from an object reference to a hardcoded value without considering function requirements
5	Created and returned a JUnit4Builder(), but the method should return a Runner leading to incorrect results
5	Added a redundant return at the start of a function without proper handling of returned values
5	Deleted required return statement that leads to compilation errors
5	Returned only the string 'Hello' and replaced the return of the original runner object resulting in type mismatch
5	Returned only the string 'Hello' and replaced the return of the original runner object without considering function requirements
5	Deleted required return statement that leads to compilation errors
5	Deleted required return statement without adjusting the expected return type
5	Changed the return method call without an alternative return mechanism
5	Changed return value to a comment that leads to compilation errors
5	Changed the return method call resulting in type mismatch
5	Returned a constant instead of a computed value which changes the method's output
5	Replaced a return statement with another function call which causes incorrect behavior
5	Modified return to an incorrect object type
5	Inserted a return statement before key logic, skipping execution that introduces unnecessary complexity
5	Instead of returning a Builder, it tries to add ValidationErrors to an array (used parameters do not exist) leading to incorrect results
5	Returned a constant instead of a computed value leading to incorrect results
5	Returned a constant instead of a computed value without an alternative return mechanism
5	Removed the warning() wrapper and tried to return a string instead (wrong return type) without an alternative return mechanism
5	Replaced a return statement with a for loop from elsewhere (with no return) causing unintended side effects
5	Replaced a return statement with a for loop from elsewhere (with no return) that leads to compilation errors
5	Deleted required return statement that introduces unnecessary complexity
5	Changed return statement (makes no sense) leading to incorrect results
5	Modified a return statement to use an undefined variable with no functional impact
5	Replaced a return statement with an if block from elsewhere; the return statements in it are of the wrong type that leads to compilation errors
5	Changed return value to this which changes the method's output
5	Added an extra return statement, making the existing one unreachable with no functional impact
5	Modifications to return statements (add/remove/edit) leading to incorrect results
5	Returned only the string 'Hello' and replaced the return of the original runner object without proper handling of returned values
17	Created and returned a JUnit4Builder(), but the method should return a Runner causing unintended side effects
5	Added an extra (unreachable) return statement which causes incorrect behavior
1	Changed a return from an object reference to a hardcoded value resulting in type mismatch
5	Added an extra (unreachable) return statement without considering function requirements
5	Rearranged return statements causing unreachable code that leads to compilation errors
5	Changed the return method call resulting in type mismatch
5	Returned a constant instead of a computed value
5	Modified a return statement to use an undefined variable without an alternative return mechanism
5	Replaced return this with a temporary variable of the same data type making existing returns unreachable
5	Changed the return method call making existing returns unreachable
1	Changed a return from an object reference to a hardcoded value resulting in type mismatch
5	Deleted return and replaced it with an unrelated function call that leads to compilation errors
5	Deleted required return statement making existing returns unreachable
5	Removed the warning() wrapper and tried to return a string instead (wrong return type) without considering function requirements
5	Changed the return method call making existing returns unreachable
5	Replaced a return statement with an if block from elsewhere; the return statements in it are of the wrong type making existing returns unreachable
5	Added a redundant return at the start of a function resulting in type mismatch
5	Added return null directly after the start of the function which causes incorrect behavior
5	Added an extra (unreachable) return statement without proper handling of returned values
5	Added a redundant return at the start of a function resulting in type mismatch
5	Changed return value to null resulting in type mismatch
5	Changed return value to null without adjusting the expected return type
5	Replaced a return statement with another function call resulting in type mismatch
5	Added return null directly after the start of the function which affects execution flow
5	Replaced a return statement with a for loop from elsewhere (with no return) which changes the method's output
5	Modified a return statement to use an undefined variable without proper handling of returned values
5	Changed return statement (makes no sense)
5	Replaced return this with a temporary variable of the same data type which changes the method's output
5	Created and returned a JUnit4Builder(), but the method should return a Runner without adjusting the expected return type
5	Changed return statement (makes no sense) which affects execution flow
5	Changed return value to null that leads to compilation errors
5	Created and returned a JUnit4Builder(), but the method should return a Runner without proper handling of returned values
5	Rearranged return statements causing unreachable code with no functional impact
12	Changed return value to a comment
5	Returned a constant instead of a computed value which changes the method's output
5	Added an extra (unreachable) return statement without considering function requirements
5	Modified return to an incorrect object type leading to incorrect results
5	Returned only the string 'Hello' and replaced the return of the original runner object resulting in type mismatch
5	Added return null directly after the start of the function without an alternative return mechanism
5	Deleted return and replaced it with an unrelated function call that introduces unnecessary complexity
5	Removed the warning() wrapper and tried to return a string instead (wrong return type) that leads to compilation errors
5	Deleted required return statement resulting in type mismatch
5	Instead of returning a Builder, it tries to add ValidationErrors to an array (used parameters do not exist) which changes the method's output
5	Returned only the string 'Hello' and replaced the return of the original runner object that leads to compilation errors
5	Replaced the setting for milliseconds in a Calendar object with a useless return statement that leads to compilation errors
5	Added return null directly after the start of the function resulting in type mismatch
5	Replaced a return statement with a for loop from elsewhere (with no return) making existing returns unreachable
5	Changed return value to null causing unintended side effects
5	Rearranged return statements causing unreachable code without an alternative return mechanism
5	Instead of returning a Builder, it tries to add ValidationErrors to an array (used parameters do not exist) that introduces unnecessary complexity
5	Changed return logic to depend on an unnecessary condition that introduces unnecessary complexity
5	Modified a return statement to use an undefined variable which affects execution flow
5	Changed return statement (makes no sense) making existing returns unreachable
5	Removed the warning() wrapper and tried to return a string instead (wrong return type) which affects execution flow
5	Added return null directly after the start of the function which changes the method's output
5	Modifications to return statements (add/remove/edit) that introduces unnecessary complexity
5	Replaced return of a variable with return null that introduces unnecessary complexity
5	Returned only the string 'Hello' and replaced the return of the original runner object that introduces unnecessary complexity
5	Added return null directly after the start of the function without proper handling of returned values
5	Deleted return and replaced it with an unrelated function call which changes the method's output
5	Rearranged return statements causing unreachable code causing unintended side effects
5	Changed the return method call without proper handling of returned values
5	Modifications to return statements (add/remove/edit) causing unintended side effects
5	Replaced the setting for milliseconds in a Calendar object with a useless return statement without an alternative return mechanism
5	Changed return logic to depend on an unnecessary condition that introduces unnecessary complexity
5	Replaced a return statement with an if block from elsewhere; the return statements in it are of the wrong type causing unintended side effects
12	Changed return value to a comment without considering function requirements
5	Changed return value to this without adjusting the expected return type
5	Added return null directly after the start of the function without adjusting the expected return type
5	Inserted a return statement before key logic, skipping execution without proper handling of returned values
5	Returned a constant instead of a computed value which changes the method's output
5	Added an extra return statement, making the existing one unreachable with no functional impact
5	Added an extra (unreachable) return statement resulting in type mismatch
5	Replaced a return statement with a for loop from elsewhere (with no return) without an alternative return mechanism
5	Rearranged return statements causing unreachable code which changes the method's output
5	Added an extra (unreachable) return statement leading to incorrect results
17	Created and returned a JUnit4Builder(), but the method should return a Runner which changes the method's output
5	Replaced return of a variable with return null with no functional impact
5	Replaced the setting for milliseconds in a Calendar object with a useless return statement without an alternative return mechanism
5	Added return null directly after the start of the function
5	Rearranged return statements causing unreachable code leading to incorrect results
5	Replaced the setting for milliseconds in a Calendar object with a useless return statement that introduces unnecessary complexity
5	Replaced return this with a temporary variable of the same data type without an alternative return mechanism
5	Added a redundant return at the start of a function with no functional impact
5	Added an extra return statement, making the existing one unreachable leading to incorrect results
5	Inserted a return statement before key logic, skipping execution causing unintended side effects
5	Replaced a return statement with another function call
5	Removed the warning() wrapper and tried to return a string instead (wrong return type) that introduces unnecessary complexity
5	Changed return logic to depend on an unnecessary condition that introduces unnecessary complexity
5	Changed return logic to depend on an unnecessary condition without considering function requirements
5	Replaced return this with a temporary variable of the same data type which affects execution flow
5	Modified a return statement to use an undefined variable that introduces unnecessary complexity
5	Inserted a return statement before key logic, skipping execution
5	Replaced a return statement with a for loop from elsewhere (with no return) resulting in type mismatch
5	Replaced the setting for milliseconds in a Calendar object with a useless return statement resulting in type mismatch
5	Removed the warning() wrapper and tried to return a string instead (wrong return type) without considering function requirements
5	Replaced a return statement with an if block from elsewhere; the return statements in it are of the wrong type without adjusting the expected return type
5	Changed return value to this which causes incorrect behavior
5	Added return null directly after the start of the function without an alternative return mechanism
5	Replaced a return statement with a for loop from elsewhere (with no return) that leads to compilation errors
5	Changed the return method call leading to incorrect results
5	Changed return statement (makes no sense) without an alternative return mechanism
5	Replaced return of a variable with return null without adjusting the expected return type
5	Modifications to return statements (add/remove/edit) which causes incorrect behavior
5	Added an extra return statement, making the existing one unreachable resulting in type mismatch
5	Changed return value to null which affects execution flow
5	Changed return logic to depend on an unnecessary condition which affects execution flow
5	Added an extra return statement, making the existing one unreachable with no functional impact
5	Changed return statement (makes no sense) causing unintended side effects
5	Returned only the string 'Hello' and replaced the return of the original runner object without an alternative return mechanism
5	Changed return statement (makes no sense) that leads to compilation errors
5	Changed return value to null without an alternative return mechanism
5	Returned only the string 'Hello' and replaced the return of the original runner object resulting in type mismatch
5	Changed the return method call without an alternative return mechanism
5	Created and returned a JUnit4Builder(), but the method should return a Runner without adjusting the expected return type
5	Added an extra (unreachable) return statement with no functional impact
5	Added an extra (unreachable) return statement which affects execution flow
5	Changed return logic to depend on an unnecessary condition causing unintended side effects
5	Inserted a return statement before key logic, skipping execution that introduces unnecessary complexity
5	Added an extra return statement, making the existing one unreachable causing unintended side effects
5	Replaced return this with a temporary variable of the same data type
5	Deleted required return statement without considering function requirements
5	Replaced a return statement with an if block from elsewhere; the return statements in it are of the wrong type that introduces unnecessary complexity
5	Replaced a return statement with an if block from elsewhere; the return statements in it are of the wrong type without proper handling of returned values
5	Added a redundant return at the start of a function without an alternative return mechanism
5	Changed return logic to depend on an unnecessary condition making existing returns unreachable
5	Inserted a return statement before key logic, skipping execution without an alternative return mechanism
5	Returned a constant instead of a computed value without proper handling of returned values
5	Changed return value to null which changes the method's output
5	Added return null directly after the start of the function which affects execution flow
5	Changed return statement (makes no sense) resulting in type mismatch
5	Rearranged return statements causing unreachable code without an alternative return mechanism
5	Modified a return statement to use an undefined variable that introduces unnecessary complexity
5	Added a redundant return at the start of a function without an alternative return mechanism
5	Replaced return this with a temporary variable of the same data type making existing returns unreachable
5	Rearranged return statements causing unreachable code resulting in type mismatch
5	Changed return logic to depend on an unnecessary condition causing unintended side effects
5	Rearranged return statements causing unreachable code without an alternative return mechanism
5	Deleted return and replaced it with an unrelated function call making existing returns unreachable
5	Changed return value to null making existing returns unreachable
5	Replaced the setting for milliseconds in a Calendar object with a useless return statement that introduces unnecessary complexity
5	Replaced return of a variable with return null without considering function requirements
5	Inserted a return statement before key logic, skipping execution
5	Deleted return and replaced it with an unrelated function call without considering function requirements
5	Removed the warning() wrapper and tried to return a string instead (wrong return type) without adjusting the expected return type
5	Changed return logic to depend on an unnecessary condition that introduces unnecessary complexity
5	Changed a return from an object reference to a hardcoded value
5	Replaced a return statement with another function call that leads to compilation errors
5	Modifications to return statements (add/remove/edit) without an alternative return mechanism
5	Modified a return statement to use an undefined variable without an alternative return mechanism
5	Changed the return method call without an alternative return mechanism
5	Deleted return and replaced it with an unrelated function call which affects execution flow
5	Changed a return from an object reference to a hardcoded value that leads to compilation errors
17	Created and returned a JUnit4Builder(), but the method should return a Runner which affects execution flow
5	Replaced a return statement with an if block from elsewhere; the return statements in it are of the wrong type that introduces unnecessary complexity
5	Replaced a return statement with a for loop from elsewhere (with no return) that introduces unnecessary complexity
5	Added a redundant return at the start of a function that introduces unnecessary complexity
5	Changed return statement (makes no sense)
5	Added return null directly after the start of the function making existing returns unreachable
5	Inserted a return statement before key logic, skipping execution
5	Replaced a return statement with a for loop from elsewhere (with no return) resulting in type mismatch
5	Added an extra return statement, making the existing one unreachable resulting in type mismatch
5	Changed return statement (makes no sense) that introduces unnecessary complexity
5	Inserted a return statement before key logic, skipping execution
5	Replaced return this with a temporary variable of the same data type making existing returns unreachable
5	Replaced return of a variable with return null
5	Deleted return and replaced it with an unrelated function call without an alternative return mechanism
5	Inserted a return statement before key logic, skipping execution which changes the method's output
5	Changed the return method call which causes incorrect behavior
5	Deleted return and replaced it with an unrelated function call without considering function requirements
5	Replaced a return statement with another function call without proper handling of returned values
5	Changed return logic to depend on an unnecessary condition causing unintended side effects
5	Changed return value to null with no functional impact
5	Instead of returning a Builder, it tries to add ValidationErrors to an array (used parameters do not exist) without an alternative return mechanism
5	Returned only the string 'Hello' and replaced the return of the original runner object without an alternative return mechanism
5	Removed the warning() wrapper and tried to return a string instead (wrong return type) making existing returns unreachable
5	Modified a return statement to use an undefined variable without considering function requirements
5	Added a redundant return at the start of a function leading to incorrect results
5	Inserted a return statement before key logic, skipping execution without proper handling of returned values
5	Added a redundant return at the start of a function leading to incorrect results
5	Modified a return statement to use an undefined variable which causes incorrect behavior
5	Changed return value to null leading to incorrect results
5	Returned only the string 'Hello' and replaced the return of the original runner object that leads to compilation errors
5	Returned only the string 'Hello' and replaced the return of the original runner object that introduces unnecessary complexity
5	Rearranged return statements causing unreachable code leading to incorrect results
5	Modifications to return statements (add/remove/edit) without an alternative return mechanism
5	Changed the return method call without considering function requirements
5	Modified return to an incorrect object type that introduces unnecessary complexity
5	Replaced the setting for milliseconds in a Calendar object with a useless return statement with no functional impact
5	Returned only the string 'Hello' and replaced the return of the original runner object which affects execution flow
5	Changed return logic to depend on an unnecessary condition causing unintended side effects
5	Changed the return method call which causes incorrect behavior
5	Replaced a return statement with another function call that introduces unnecessary complexity
5	Changed return value to null that leads to compilation errors
5	Changed return logic to depend on an unnecessary condition without adjusting the expected return type
5	Replaced the setting for milliseconds in a Calendar object with a useless return statement resulting in type mismatch
5	Added an extra (unreachable) return statement causing unintended side effects
5	Replaced the setting for milliseconds in a Calendar object with a useless return statement without proper handling of returned values
5	Rearranged return statements causing unreachable code that introduces unnecessary complexity
5	Added an extra (unreachable) return statement resulting in type mismatch
5	Changed a return from an object reference to a hardcoded value which affects execution flow
5	Changed return value to this resulting in type mismatch
5	Deleted return and replaced it with an unrelated function call making existing returns unreachable
5	Replaced a return statement with another function call which causes incorrect behavior
5	Replaced a return statement with another function call that introduces unnecessary complexity
5	Changed a return from an object reference to a hardcoded value which affects execution flow
5	Inserted a return statement before key logic, skipping execution making existing returns unreachable
5	Changed a return from an object reference to a hardcoded value that leads to compilation errors
5	Added an extra return statement, making the existing one unreachable resulting in type mismatch
5	Changed the return method call with no functional impact
5	Replaced return of a variable with return null which affects execution flow
5	Modifications to return statements (add/remove/edit) without proper handling of returned values
5	Added an extra return statement, making the existing one unreachable without adjusting the expected return type
5	Replaced a return statement with a for loop from elsewhere (with no return) which changes the method's output
5	Modifications to return statements (add/remove/edit) that leads to compilation errors
5	Changed return value to a comment making existing returns unreachable
5	Changed return value to this resulting in type mismatch
5	Replaced a return statement with a for loop from elsewhere (with no return) which changes the method's output
1	Replaced return this with a temporary variable of the same data type resulting in type mismatch
5	Changed a return from an object reference to a hardcoded value
5	Changed return statement (makes no sense) leading to incorrect results
5	Returned a constant instead of a computed value leading to incorrect results
5	Changed return value to null without proper handling of returned values
5	Created and returned a JUnit4Builder(), but the method should return a Runner without considering function requirements
5	Replaced return of a variable with return null
5	Replaced return this with a temporary variable of the same data type
5	Replaced return of a variable with return null that leads to compilation errors
5	Modifications to return statements (add/remove/edit) which affects execution flow
5	Removed the warning() wrapper and tried to return a string instead (wrong return type) with no functional impact
5	Replaced a return statement with a for loop from elsewhere (with no return) without proper handling of returned values
5	Replaced the setting for milliseconds in a Calendar object with a useless return statement without an alternative return mechanism
5	Inserted a return statement before key logic, skipping execution
5	Changed return value to null resulting in type mismatch
5	Changed return value to this resulting in type mismatch
5	Modified return to an incorrect object type causing unintended side effects
5	Added a redundant return at the start of a function resulting in type mismatch
5	Returned only the string 'Hello' and replaced the return of the original runner object without considering function requirements
12	Changed return value to a comment without considering function requirements
5	Inserted a return statement before key logic, skipping execution resulting in type mismatch
5	Returned a constant instead of a computed value without an alternative return mechanism
5	Instead of returning a Builder, it tries to add ValidationErrors to an array (used parameters do not exist) leading to incorrect results
5	Changed the return method call without adjusting the expected return type
5	Rearranged return statements causing unreachable code leading to incorrect results
5	Changed return statement (makes no sense) that leads to compilation errors
5	Deleted required return statement with no functional impact
5	Changed a return from an object reference to a hardcoded value causing unintended side effects
5	Deleted return and replaced it with an unrelated function call which affects execution flow
5	Changed return value to this which changes the method's output
5	Added return null directly after the start of the function which causes incorrect behavior
5	Returned a constant instead of a computed value
5	Returned only the string 'Hello' and replaced the return of the original runner object resulting in type mismatch
5	Added a redundant return at the start of a function without an alternative return mechanism
5	Rearranged return statements causing unreachable code
5	Changed return value to a comment without adjusting the expected return type
5	Replaced a return statement with a for loop from elsewhere (with no return) that introduces unnecessary complexity
5	Removed the warning() wrapper and tried to return a string instead (wrong return type) causing unintended side effects
5	Removed the warning() wrapper and tried to return a string instead (wrong return type) which affects execution flow
5	Replaced the setting for milliseconds in a Calendar object with a useless return statement with no functional impact
5	Modified return to an incorrect object type making existing returns unreachable
5	Rearranged return statements causing unreachable code leading to incorrect results
5	Instead of returning a Builder, it tries to add ValidationErrors to an array (used parameters do not exist) which affects execution flow
5	Changed return statement (makes no sense) causing unintended side effects
5	Added a redundant return at the start of a function leading to incorrect results
5	Changed return value to null causing unintended side effects
5	Replaced a return statement with a for loop from elsewhere (with no return) which affects execution flow
5	Modifications to return statements (add/remove/edit) without considering function requirements
5	Replaced a return statement with an if block from elsewhere; the return statements in it are of the wrong type which affects execution flow
17	Created and returned a JUnit4Builder(), but the method should return a Runner that leads to compilation errors
5	Replaced return this with a temporary variable of the same data type causing unintended side effects
5	Changed the return method call resulting in type mismatch
5	Replaced a return statement with a for loop from elsewhere (with no return) without adjusting the expected return type
5	Replaced return this with a temporary variable of the same data type that introduces unnecessary complexity
5	Modifications to return statements (add/remove/edit) leading to incorrect results
5	Changed the return method call with no functional impact
5	Changed return value to null resulting in type mismatch
5	Returned a constant instead of a computed value without proper handling of returned values
5	Changed a return from an object reference to a hardcoded value without adjusting the expected return type
5	Returned a constant instead of a computed value causing unintended side effects
1	Replaced return this with a temporary variable of the same data type resulting in type mismatch
5	Removed the warning() wrapper and tried to return a string instead (wrong return type) which changes the method's output
5	Replaced a return statement with a for loop from elsewhere (with no return) that leads to compilation errors
5	Replaced a return statement with a for loop from elsewhere (with no return) making existing returns unreachable
5	Returned only the string 'Hello' and replaced the return of the original runner object which affects execution flow
5	Added an extra return statement, making the existing one unreachable that introduces unnecessary complexity
5	Deleted required return statement without an alternative return mechanism
5	Instead of returning a Builder, it tries to add ValidationErrors to an array (used parameters do not exist) that introduces unnecessary complexity
5	Replaced a return statement with an if block from elsewhere; the return statements in it are of the wrong type that introduces unnecessary complexity
5	Replaced a return statement with a for loop from elsewhere (with no return)
5	Inserted a return statement before key logic, skipping execution which causes incorrect behavior
5	Modified a return statement to use an undefined variable without proper handling of returned values
5	Added an extra return statement, making the existing one unreachable without considering function requirements
5	Added a redundant return at the start of a function leading to incorrect results
5	Replaced a return statement with another function call which causes incorrect behavior
5	Replaced a return statement with a for loop from elsewhere (with no return) without adjusting the expected return type
5	Removed the warning() wrapper and tried to return a string instead (wrong return type) without proper handling of returned values
5	Added a redundant return at the start of a function resulting in type mismatch
5	Changed return logic to depend on an unnecessary condition that leads to compilation errors
5	Deleted required return statement
5	Inserted a return statement before key logic, skipping execution resulting in type mismatch
5	Replaced a return statement with an if block from elsewhere; the return statements in it are of the wrong type with no functional impact
5	Added an extra (unreachable) return statement which changes the method's output
5	Replaced return this with a temporary variable of the same data type making existing returns unreachable
5	Modified a return statement to use an undefined variable that introduces unnecessary complexity
5	Instead of returning a Builder, it tries to add ValidationErrors to an array (used parameters do not exist) resulting in type mismatch
12	Changed return value to a comment
5	Replaced the setting for milliseconds in a Calendar object with a useless return statement causing unintended side effects
5	Modifications to return statements (add/remove/edit) without proper handling of returned values
5	Removed the warning() wrapper and tried to return a string instead (wrong return type) causing unintended side effects
5	Replaced return this with a temporary variable of the same data type causing unintended side effects
5	Replaced a return statement with an if block from elsewhere; the return statements in it are of the wrong type without proper handling of returned values
5	Deleted required return statement resulting in type mismatch
5	Created and returned a JUnit4Builder(), but the method should return a Runner without considering function requirements
5	Changed return value to null leading to incorrect results
17	Edited caller or callee assignments
17	Changes to method names
17	renames method calls, parameters stayed the same
3	added 2 null pointer checks
17	added a new parameter to a data type and changed method call name
17	added extra method call
17	method call changes
6	changed loop count and assignment
17	Changed a method call on an member object to the same instance call in the class (method.getAnnotations to getAnnotations) - latter is then infinitely recursive so fails
17	adds a method call to a newly created object (return new AnnotatedBuilder(this);   to return new AnnotatedBuilder(this).build(); )
10	Changed an argument from a local variable to an empty list
10	Attempted to replace an argument with a method call (removing a temporary variable) but messed up the syntax
10	Split declaration to multiple lines; renamed variables; changed an argument from one variable to another
17	adds a method call to a variable being returned: constructors[0]   gets .newInstance(new Object[] {})   appended
17	changed a method call
17	no functional difference (deleted comment, getClass() is explicitly called with this, and change of exception)
0	change of function call
17	Changes to method names
4	Replaces the wrapper for ErrorReportingRunner and calls directly the run() method.
17	Edit the use of runner to call run method and a comment explaining it;Probably failed data type checks
0	Removed 'final' from variable declaration and changed the way it's calling a function
17	Changed the array name that it is using in that block of code.  Since it didn't compile seems that piece of code did not exist
17	Replaced a method call with another call on the same instance resulting in double deletion
17	Changed an argument from pass-by-value to pass-by-reference leading to unintended access
0	Modified a function to use a virtual method call instead of a static one causing overload resolution to fail
0	Modified a function call to use a protected method, causing encapsulation issues causing segmentation faults
1	Modified a function to use a virtual method call instead of a static one which introduced a type mismatch causing compilation failure
0	Changed function signature from returning int to returning int* causing an infinite loop
0	Modified a function to use a virtual method call instead of a static one leading to an ambiguous function call
0	Altered function signature to return a reference instead of a value changing function linkage
0	Updated function call to use a different parameter type (causing implicit conversions) introducing undefined behavior
0	Replaced a function returning a dynamically allocated object with one returning a stack object resulting in double deletion
17	Modified a method call causing overload resolution to fail
17	Renamed method calls, parameters stayed the same affecting object lifetime
0	Replaced a function call with a method that expects a different memory ownership model which caused a memory leak
10	Changed an argument from a local variable to an empty list resulting in a use-after-free error
0	Changed function signature from returning a pointer to a value leading to uninitialized variable usage
17	Added a new parameter and changed method call name introducing type mismatches
17	Changed method access from private to public leading to unintended access
0	Updated a function to return a shared_ptr instead of a raw pointer which introduced a type mismatch causing compilation failure
17	Added a new parameter and changed method call name which caused a memory leak
17	Renamed method calls, parameters stayed the same causing segmentation faults
0	Replaced a function call with a method that expects a different memory ownership model resulting in double deletion
0	Changed function signature from returning a pointer to a value which caused a memory leak
0	Modified function call to use a raw pointer instead of a reference causing overload resolution to fail
0	Modified function call to use a raw pointer instead of a reference causing function resolution issues
0	Attempted to replace an argument with a method call but messed up the syntax making the function call no longer valid
17	Modified a method call resulting in a compilation error
17	Changed an argument from pass-by-value to pass-by-reference leading to access control violations
17	Changed method access from private to public causing function resolution issues
17	Introduced use-after-free by modifying caller’s responsibility over memory management which caused a memory leak
0	Updated function call to use a different parameter type (causing implicit conversions) breaking encapsulation
17	Added a new parameter and changed method call name changing function linkage
0	Replaced a function returning a dynamically allocated object with one returning a stack object leading to an ambiguous function call
17	Replaced a method call with another call on the same instance affecting exception safety
0	Attempted to replace an argument with a method call but messed up the syntax causing function resolution issues
0	Changed a function to be inline, affecting linkage changing function linkage
3	Changed a function to noexcept, affecting exception handling modifying memory ownership
0	Attempted to replace an argument with a method call but messed up the syntax causing segmentation faults
1	Converted a stack-allocated variable to heap-allocated without proper deallocation which introduced a type mismatch causing compilation failure
17	Changed method access from private to public leading to access control violations
17	Changed an argument from pass-by-value to pass-by-reference which caused a memory leak
17	Attempted to replace an argument with a method call but messed up the syntax resulting in a use-after-free error
17	Added extra method call leading to unintended access
17	Altered a method to return a moved object, causing dangling references resulting in a compilation error
0	Modified a function call to use a protected method, causing encapsulation issues leading to an ambiguous function call
0	Changed function signature from returning int to returning int* causing overload resolution to fail
0	Updated function call to use a different parameter type (causing implicit conversions) causing overload resolution to fail
17	Edited caller or callee assignments affecting object lifetime
17	Altered a method to return a moved object, causing dangling references affecting object lifetime
17	Attempted to replace an argument with a method call but messed up the syntax leading to access control violations
0	Updated a function to return a shared_ptr instead of a raw pointer
0	Replaced a function returning a dynamically allocated object with one returning a stack object causing function resolution issues
17	Changed a method call on a member object to a local instance call resulting in a use-after-free error
17	Changed an argument from pass-by-value to pass-by-reference affecting object lifetime
0	Changed a function to be inline, affecting linkage introducing type mismatches
0	Updated a function to return a shared_ptr instead of a raw pointer resulting in a compilation error
17	Changed a method call on a member object to a local instance call making the function call no longer valid
17	Altered a method to return a moved object, causing dangling references leading to unintended access
17	Changed method access from private to public resulting in a use-after-free error
17	Changed a method call on a member object to a local instance call leading to uninitialized variable usage
17	Renamed method calls, parameters stayed the same
0	Changed a function to noexcept, affecting exception handling leading to an ambiguous function call
0	Updated a function to return a shared_ptr instead of a raw pointer changing function linkage
17	Replaced a function call with a method that expects a different memory ownership model affecting object lifetime
17	Converted a stack-allocated variable to heap-allocated without proper deallocation affecting exception safety
17	Edited caller or callee assignments
17	Added a new parameter and changed method call name introducing type mismatches
0	Replaced a function returning a dynamically allocated object with one returning a stack object causing segmentation faults
0	Changed function signature from returning int to returning int* resulting in a use-after-free error
17	Modified a method call breaking encapsulation
0	Replaced a function returning a dynamically allocated object with one returning a stack object which caused a memory leak
1	Changed method names which introduced a type mismatch causing compilation failure
17	Changed an argument from pass-by-value to pass-by-reference affecting exception safety
0	Altered a method to return a moved object, causing dangling references making the function call no longer valid
0	Changed a function to noexcept, affecting exception handling causing function resolution issues
0	Changed an argument from pass-by-value to pass-by-reference
17	Changed a method call on a member object to a local instance call leading to unintended access
10	Changed an argument from a local variable to an empty list causing segmentation faults
0	Attempted to replace an argument with a method call but messed up the syntax causing function resolution issues
17	Edited caller or callee assignments causing overload resolution to fail
3	Changed a function to noexcept, affecting exception handling causing overload resolution to fail
0	Changed an argument from pass-by-value to pass-by-reference changing function linkage
0	Changed a function to be inline, affecting linkage introducing undefined behavior
17	Renamed method calls, parameters stayed the same which introduced a type mismatch causing compilation failure
0	Altered function signature to return a reference instead of a value leading to uninitialized variable usage
17	Changed method access from private to public resulting in double deletion
0	Updated a function to return a shared_ptr instead of a raw pointer causing an infinite loop
17	Modified a method call breaking encapsulation
3	Changed a function to noexcept, affecting exception handling causing overload resolution to fail
0	Replaced a function returning a dynamically allocated object with one returning a stack object resulting in double deletion
0	Converted a non-const method to a const method, breaking some function calls resulting in double deletion
17	Altered a method to return a moved object, causing dangling references
10	Edited caller or callee assignments leading to uninitialized variable usage
17	Altered a method to return a moved object, causing dangling references causing overload resolution to fail
0	Updated function call to use a different parameter type (causing implicit conversions) breaking encapsulation
0	Introduced an incompatible type conversion in a function argument changing function linkage
17	Added a new parameter and changed method call name breaking encapsulation
0	Converted a non-const method to a const method, breaking some function calls leading to an ambiguous function call
0	Changed function signature from returning int to returning int* resulting in double deletion
17	Changed an argument from a local variable to an empty list affecting object lifetime
0	Attempted to replace an argument with a method call but messed up the syntax leading to an ambiguous function call
6	Edited caller or callee assignments causing an infinite loop
0	Altered function signature to return a reference instead of a value leading to access control violations
17	Replaced a function returning a dynamically allocated object with one returning a stack object affecting exception safety
17	Introduced use-after-free by modifying caller’s responsibility over memory management affecting object lifetime
17	Modified a method call resulting in a compilation error
0	Updated a function to return a shared_ptr instead of a raw pointer which caused a memory leak
17	Changed method access from private to public resulting in a compilation error
0	Modified a method call introducing undefined behavior
17	Changed method access from private to public causing alignment issues
0	Introduced an incompatible type conversion in a function argument which caused a memory leak
17	Introduced use-after-free by modifying caller’s responsibility over memory management breaking encapsulation
0	Changed an argument from pass-by-value to pass-by-reference introducing undefined behavior
10	Attempted to replace an argument with a method call but messed up the syntax leading to uninitialized variable usage
17	Changed a method call on a member object to a local instance call resulting in a use-after-free error
17	Changed an argument from pass-by-value to pass-by-reference affecting object lifetime
0	Introduced an incompatible type conversion in a function argument leading to uninitialized variable usage
0	Updated function call to use a different parameter type (causing implicit conversions) resulting in a use-after-free error
10	Converted a stack-allocated variable to heap-allocated without proper deallocation modifying memory ownership
0	Replaced a function returning a dynamically allocated object with one returning a stack object changing function linkage
17	Altered a method to return a moved object, causing dangling references modifying memory ownership
17	Edited caller or callee assignments modifying memory ownership
17	Added a new parameter and changed method call name causing an infinite loop
0	Renamed method calls, parameters stayed the same changing function linkage
0	Changed function signature from returning int to returning int* changing function linkage
0	Altered function signature to return a reference instead of a value leading to an ambiguous function call
0	Converted a non-const method to a const method, breaking some function calls causing segmentation faults
0	Changed method names causing function resolution issues
0	Altered function signature to return a reference instead of a value causing function resolution issues
0	Renamed method calls, parameters stayed the same causing function resolution issues
0	Updated a function to return a shared_ptr instead of a raw pointer affecting exception safety
17	Modified a function call to use a protected method, causing encapsulation issues causing overload resolution to fail
0	Introduced an incompatible type conversion in a function argument resulting in a use-after-free error
0	Edited caller or callee assignments causing function resolution issues
17	Altered a method to return a moved object, causing dangling references causing function resolution issues
0	Replaced a function call with a method that expects a different memory ownership model introducing type mismatches
17	Added a new parameter and changed method call name causing an infinite loop
0	Changed an argument from pass-by-value to pass-by-reference causing segmentation faults
17	Converted a stack-allocated variable to heap-allocated without proper deallocation affecting object lifetime
17	Attempted to replace an argument with a method call but messed up the syntax resulting in double deletion
17	Changed method names
0	Changed an argument from pass-by-value to pass-by-reference causing function resolution issues
17	Converted a stack-allocated variable to heap-allocated without proper deallocation affecting object lifetime
1	Altered a method to return a moved object, causing dangling references which introduced a type mismatch causing compilation failure
0	Replaced a function returning a dynamically allocated object with one returning a stack object introducing type mismatches
0	Changed an argument from pass-by-value to pass-by-reference leading to an ambiguous function call
0	Changed function signature from returning int to returning int* which caused a memory leak
10	Renamed method calls, parameters stayed the same leading to uninitialized variable usage
17	Attempted to replace an argument with a method call but messed up the syntax affecting object lifetime
0	Introduced an incompatible type conversion in a function argument which caused a memory leak
10	Changed an argument from a local variable to an empty list causing alignment issues
0	Changed an argument from pass-by-value to pass-by-reference resulting in double deletion
0	Modified a function call to use a protected method, causing encapsulation issues causing alignment issues
17	Attempted to replace an argument with a method call but messed up the syntax causing alignment issues
1	Modified a method call which introduced a type mismatch causing compilation failure
17	Replaced a method call with another call on the same instance resulting in double deletion
0	Updated a function to return a shared_ptr instead of a raw pointer affecting object lifetime
17	Changed method names resulting in a compilation error
17	Renamed method calls, parameters stayed the same introducing type mismatches
17	Changed a method call on a member object to a local instance call resulting in a use-after-free error
0	Changed a function to be inline, affecting linkage leading to unintended access
17	Changed a method call on a member object to a local instance call affecting exception safety
4	Changed a function to noexcept, affecting exception handling affecting exception safety
17	Attempted to replace an argument with a method call but messed up the syntax modifying memory ownership
17	Renamed method calls, parameters stayed the same causing alignment issues
0	Changed method names making the function call no longer valid
0	Updated a function to return a shared_ptr instead of a raw pointer changing function linkage
0	Modified a function to use a virtual method call instead of a static one introducing undefined behavior
1	Changed a function to noexcept, affecting exception handling which introduced a type mismatch causing compilation failure
17	Replaced a method call with another call on the same instance resulting in double deletion
0	Changed a function to noexcept, affecting exception handling causing function resolution issues
17	Added a new parameter and changed method call name leading to uninitialized variable usage
17	Added extra method call
0	Changed a function to be inline, affecting linkage causing alignment issues
0	Altered function signature to return a reference instead of a value leading to uninitialized variable usage
17	Replaced a method call with another call on the same instance which introduced a type mismatch causing compilation failure
17	Modified a function to use a virtual method call instead of a static one breaking encapsulation
0	Changed an argument from pass-by-value to pass-by-reference leading to an ambiguous function call
17	Changed method access from private to public resulting in a compilation error
10	Changed an argument from a local variable to an empty list leading to unintended access
0	Changed a function to be inline, affecting linkage affecting object lifetime
4	Changed a function to noexcept, affecting exception handling
17	Changed an argument from pass-by-value to pass-by-reference affecting object lifetime
0	Changed function signature from returning a pointer to a value introducing type mismatches
17	Changed method names introducing undefined behavior
17	Replaced a method call with another call on the same instance
0	Introduced an incompatible type conversion in a function argument leading to access control violations
17	Converted a stack-allocated variable to heap-allocated without proper deallocation affecting object lifetime
1	Modified a method call which introduced a type mismatch causing compilation failure
0	Converted a non-const method to a const method, breaking some function calls causing an infinite loop
0	Changed a function to be inline, affecting linkage causing function resolution issues
10	Converted a stack-allocated variable to heap-allocated without proper deallocation causing overload resolution to fail
0	Changed function signature from returning int to returning int* leading to an ambiguous function call
0	Changed a function to be inline, affecting linkage
17	Altered a method to return a moved object, causing dangling references affecting object lifetime
17	Changed method names which caused a memory leak
17	Modified a function to use a virtual method call instead of a static one affecting exception safety
17	Replaced a function call with a method that expects a different memory ownership model leading to uninitialized variable usage
0	Replaced a function call with a method that expects a different memory ownership model resulting in a use-after-free error
0	Altered function signature to return a reference instead of a value causing an infinite loop
17	Changed an argument from pass-by-value to pass-by-reference leading to access control violations
0	Updated a function to return a shared_ptr instead of a raw pointer making the function call no longer valid
17	Introduced use-after-free by modifying caller’s responsibility over memory management resulting in a use-after-free error
0	Updated a function to return a shared_ptr instead of a raw pointer changing function linkage
17	Edited caller or callee assignments leading to unintended access
17	Replaced a method call with another call on the same instance leading to an ambiguous function call
3	Changed a function to noexcept, affecting exception handling causing overload resolution to fail
0	Updated a function to return a shared_ptr instead of a raw pointer leading to an ambiguous function call
17	Changed method access from private to public resulting in a compilation error
4	Changed a function to noexcept, affecting exception handling leading to access control violations
0	Replaced a function returning a dynamically allocated object with one returning a stack object resulting in a use-after-free error
17	Edited caller or callee assignments resulting in a compilation error
17	Introduced use-after-free by modifying caller’s responsibility over memory management which caused a memory leak
0	Changed function signature from returning int to returning int* leading to access control violations
17	Changed a method call on a member object to a local instance call resulting in a compilation error
0	Changed an argument from pass-by-value to pass-by-reference leading to an ambiguous function call
17	Introduced use-after-free by modifying caller’s responsibility over memory management causing an infinite loop
17	Changed method names breaking encapsulation
0	Modified function call to use a raw pointer instead of a reference leading to unintended access
17	Changed method access from private to public introducing undefined behavior
17	Changed method access from private to public making the function call no longer valid
0	Changed function signature from returning a pointer to a value causing overload resolution to fail
17	Introduced use-after-free by modifying caller’s responsibility over memory management modifying memory ownership
0	Modified function call to use a raw pointer instead of a reference which introduced a type mismatch causing compilation failure
0	Introduced an incompatible type conversion in a function argument changing function linkage
17	Replaced a method call with another call on the same instance leading to unintended access
3	Changed a function to noexcept, affecting exception handling leading to uninitialized variable usage
17	Replaced a method call with another call on the same instance making the function call no longer valid
17	Added a new parameter and changed method call name causing an infinite loop
0	Modified a method call leading to an ambiguous function call
17	Replaced a function call with a method that expects a different memory ownership model leading to uninitialized variable usage
0	Changed function signature from returning a pointer to a value resulting in double deletion
10	Renamed method calls, parameters stayed the same leading to uninitialized variable usage
0	Replaced a function returning a dynamically allocated object with one returning a stack object leading to an ambiguous function call
0	Changed a function to be inline, affecting linkage affecting object lifetime
0	Replaced a function returning a dynamically allocated object with one returning a stack object modifying memory ownership
0	Replaced a function returning a dynamically allocated object with one returning a stack object making the function call no longer valid
17	Edited caller or callee assignments modifying memory ownership
0	Replaced a function call with a method that expects a different memory ownership model causing an infinite loop
17	Replaced a method call with another call on the same instance which introduced a type mismatch causing compilation failure
0	Changed an argument from pass-by-value to pass-by-reference resulting in double deletion
17	Introduced use-after-free by modifying caller’s responsibility over memory management affecting exception safety
0	Updated function call to use a different parameter type (causing implicit conversions) causing segmentation faults
17	Modified a function to use a virtual method call instead of a static one modifying memory ownership
0	Changed function signature from returning a pointer to a value affecting exception safety
17	Modified a method call breaking encapsulation
0	Changed function signature from returning a pointer to a value introducing type mismatches
0	Introduced an incompatible type conversion in a function argument causing overload resolution to fail
0	Modified function call to use a raw pointer instead of a reference
0	Changed an argument from pass-by-value to pass-by-reference causing overload resolution to fail
0	Changed a function to be inline, affecting linkage causing overload resolution to fail
0	Introduced an incompatible type conversion in a function argument resulting in double deletion
1	Updated function call to use a different parameter type (causing implicit conversions) affecting exception safety
17	Changed an argument from pass-by-value to pass-by-reference modifying memory ownership
10	Converted a stack-allocated variable to heap-allocated without proper deallocation which caused a memory leak
17	Changed a method call on a member object to a local instance call
17	Changed method names resulting in double deletion
17	Altered a method to return a moved object, causing dangling references resulting in a use-after-free error
17	Changed method access from private to public causing alignment issues
1	Modified a method call which introduced a type mismatch causing compilation failure
0	Modified function call to use a raw pointer instead of a reference which caused a memory leak
17	Changed a method call on a member object to a local instance call leading to unintended access
17	Altered a method to return a moved object, causing dangling references resulting in a compilation error
0	Replaced a function call with a method that expects a different memory ownership model introducing type mismatches
3	Changed a function to noexcept, affecting exception handling leading to uninitialized variable usage
10	Changed an argument from a local variable to an empty list causing alignment issues
0	Replaced a function returning a dynamically allocated object with one returning a stack object causing segmentation faults
0	Updated a function to return a shared_ptr instead of a raw pointer resulting in a use-after-free error
17	Added a new parameter and changed method call name breaking encapsulation
0	Altered function signature to return a reference instead of a value resulting in double deletion
17	Altered a method to return a moved object, causing dangling references introducing undefined behavior
10	Renamed method calls, parameters stayed the same leading to uninitialized variable usage
0	Edited caller or callee assignments changing function linkage
0	Changed a function to noexcept, affecting exception handling which caused a memory leak
0	Changed function signature from returning int to returning int* leading to access control violations
0	Updated a function to return a shared_ptr instead of a raw pointer changing function linkage
10	Converted a stack-allocated variable to heap-allocated without proper deallocation
0	Altered function signature to return a reference instead of a value resulting in double deletion
17	Altered a method to return a moved object, causing dangling references causing an infinite loop
0	Altered function signature to return a reference instead of a value resulting in a use-after-free error
0	Updated a function to return a shared_ptr instead of a raw pointer affecting exception safety
0	Added a new parameter and changed method call name making the function call no longer valid
17	Edited caller or callee assignments causing overload resolution to fail
10	Attempted to replace an argument with a method call but messed up the syntax leading to uninitialized variable usage
0	Altered function signature to return a reference instead of a value resulting in double deletion
17	Introduced use-after-free by modifying caller’s responsibility over memory management causing function resolution issues
0	Modified function call to use a raw pointer instead of a reference which caused a memory leak
17	Attempted to replace an argument with a method call but messed up the syntax modifying memory ownership
10	Converted a stack-allocated variable to heap-allocated without proper deallocation modifying memory ownership
17	Attempted to replace an argument with a method call but messed up the syntax resulting in a use-after-free error
0	Modified function call to use a raw pointer instead of a reference breaking encapsulation
17	Introduced use-after-free by modifying caller’s responsibility over memory management modifying memory ownership
0	Changed function signature from returning a pointer to a value affecting object lifetime
0	Converted a non-const method to a const method, breaking some function calls resulting in double deletion
0	Changed function signature from returning int to returning int* leading to an ambiguous function call
17	Replaced a method call with another call on the same instance introducing undefined behavior
0	Changed function signature from returning int to returning int* leading to access control violations
3	Changed a function to noexcept, affecting exception handling resulting in double deletion
17	Altered a method to return a moved object, causing dangling references causing alignment issues
0	Renamed method calls, parameters stayed the same making the function call no longer valid
10	Edited caller or callee assignments leading to uninitialized variable usage
10	Converted a stack-allocated variable to heap-allocated without proper deallocation which caused a memory leak
10	Changed method names leading to uninitialized variable usage
17	Altered a method to return a moved object, causing dangling references
0	Renamed method calls, parameters stayed the same causing function resolution issues
0	Replaced a function call with a method that expects a different memory ownership model resulting in double deletion
0	Updated function call to use a different parameter type (causing implicit conversions)
6	Converted a stack-allocated variable to heap-allocated without proper deallocation causing an infinite loop
0	Changed an argument from pass-by-value to pass-by-reference causing an infinite loop
0	Altered a method to return a moved object, causing dangling references leading to an ambiguous function call
10	Converted a stack-allocated variable to heap-allocated without proper deallocation breaking encapsulation
17	Modified a function call to use a protected method, causing encapsulation issues resulting in a use-after-free error
0	Introduced an incompatible type conversion in a function argument affecting object lifetime
0	Replaced a function returning a dynamically allocated object with one returning a stack object leading to an ambiguous function call
17	Changed method names introducing undefined behavior
10	Changed an argument from a local variable to an empty list which caused a memory leak
17	Renamed method calls, parameters stayed the same modifying memory ownership
17	Changed method names causing alignment issues
17	Renamed method calls, parameters stayed the same resulting in a use-after-free error
0	Changed function signature from returning int to returning int* leading to access control violations
0	Changed an argument from pass-by-value to pass-by-reference resulting in a use-after-free error
17	Changed a method call on a member object to a local instance call breaking encapsulation
0	Converted a non-const method to a const method, breaking some function calls affecting object lifetime
17	Introduced use-after-free by modifying caller’s responsibility over memory management causing segmentation faults
0	Altered function signature to return a reference instead of a value leading to unintended access
0	Updated function call to use a different parameter type (causing implicit conversions) introducing type mismatches
0	Updated a function to return a shared_ptr instead of a raw pointer causing function resolution issues
0	Replaced a function call with a method that expects a different memory ownership model
17	Replaced a method call with another call on the same instance resulting in a compilation error
0	Replaced a function returning a dynamically allocated object with one returning a stack object affecting object lifetime
17	Modified a function call to use a protected method, causing encapsulation issues leading to access control violations
4	Changed method names affecting exception safety
17	Renamed method calls, parameters stayed the same which caused a memory leak
17	Renamed method calls, parameters stayed the same affecting exception safety
1	Edited caller or callee assignments which introduced a type mismatch causing compilation failure
14	Edited caller or callee assignments resulting in double deletion
17	Changed a method call on a member object to a local instance call causing an infinite loop
17	Added extra method call breaking encapsulation
1	Added extra method call introducing type mismatches
17	Added a new parameter and changed method call name which caused a memory leak
0	Replaced a function call with a method that expects a different memory ownership model which introduced a type mismatch causing compilation failure
0	Modified function call to use a raw pointer instead of a reference causing alignment issues
0	Replaced a function returning a dynamically allocated object with one returning a stack object causing function resolution issues
17	Introduced use-after-free by modifying caller’s responsibility over memory management resulting in double deletion
0	Added extra method call leading to an ambiguous function call
0	Replaced a function call with a method that expects a different memory ownership model leading to unintended access
0	Modified a function to use a virtual method call instead of a static one resulting in double deletion
0	Replaced a function returning a dynamically allocated object with one returning a stack object leading to an ambiguous function call
17	Changed method access from private to public affecting exception safety
0	Converted a non-const method to a const method, breaking some function calls changing function linkage
10	Changed a function to be inline, affecting linkage leading to uninitialized variable usage
0	Changed function signature from returning a pointer to a value causing segmentation faults
17	Changed a method call on a member object to a local instance call affecting exception safety
0	Introduced an incompatible type conversion in a function argument making the function call no longer valid
0	Modified function call to use a raw pointer instead of a reference causing an infinite loop
17	Added extra method call leading to unintended access
1	Converted a non-const method to a const method, breaking some function calls which introduced a type mismatch causing compilation failure
0	Replaced a function call with a method that expects a different memory ownership model leading to an ambiguous function call
17	Renamed method calls, parameters stayed the same causing alignment issues
0	Modified a method call changing function linkage
0	Updated a function to return a shared_ptr instead of a raw pointer introducing undefined behavior
0	Modified function call to use a raw pointer instead of a reference affecting exception safety
4	Changed method names affecting exception safety
17	Modified a method call
0	Edited caller or callee assignments leading to an ambiguous function call
10	Changed an argument from a local variable to an empty list resulting in a use-after-free error
0	Modified function call to use a raw pointer instead of a reference causing function resolution issues
0	Modified a function to use a virtual method call instead of a static one making the function call no longer valid
17	Replaced a method call with another call on the same instance causing segmentation faults
17	Introduced use-after-free by modifying caller’s responsibility over memory management which caused a memory leak
0	Updated function call to use a different parameter type (causing implicit conversions) causing overload resolution to fail
0	Updated function call to use a different parameter type (causing implicit conversions) causing an infinite loop
0	Introduced an incompatible type conversion in a function argument leading to uninitialized variable usage
0	Updated a function to return a shared_ptr instead of a raw pointer affecting exception safety
0	Modified a function to use a virtual method call instead of a static one causing segmentation faults
0	Modified a method call introducing undefined behavior
0	Altered function signature to return a reference instead of a value affecting object lifetime
0	Introduced an incompatible type conversion in a function argument leading to unintended access
17	Modified a method call breaking encapsulation
17	Added a new parameter and changed method call name breaking encapsulation
4	Changed method names affecting exception safety
1	Edited caller or callee assignments introducing type mismatches
17	Replaced a method call with another call on the same instance leading to unintended access
0	Updated function call to use a different parameter type (causing implicit conversions) which caused a memory leak
4	Changed method names affecting exception safety
0	Converted a non-const method to a const method, breaking some function calls causing an infinite loop
0	Replaced a function call with a method that expects a different memory ownership model causing alignment issues
0	Modified function call to use a raw pointer instead of a reference introducing type mismatches
10	Changed an argument from a local variable to an empty list causing segmentation faults
17	Altered a method to return a moved object, causing dangling references leading to access control violations
0	Modified a function call to use a protected method, causing encapsulation issues introducing undefined behavior
10	Changed an argument from a local variable to an empty list resulting in double deletion
17	Changed an argument from pass-by-value to pass-by-reference affecting object lifetime
0	Altered function signature to return a reference instead of a value resulting in a use-after-free error
0	Altered function signature to return a reference instead of a value causing segmentation faults
0	Altered function signature to return a reference instead of a value leading to an ambiguous function call
17	Altered a method to return a moved object, causing dangling references breaking encapsulation
0	Modified a function call to use a protected method, causing encapsulation issues changing function linkage
17	Modified a method call causing alignment issues
17	Changed method access from private to public introducing undefined behavior
17	Introduced use-after-free by modifying caller’s responsibility over memory management affecting exception safety
17	Modified a function call to use a protected method, causing encapsulation issues affecting object lifetime
0	Changed an argument from pass-by-value to pass-by-reference leading to an ambiguous function call
17	Replaced a method call with another call on the same instance breaking encapsulation
10	Changed an argument from a local variable to an empty list causing segmentation faults
17	Modified a method call resulting in a use-after-free error
0	Changed a function to be inline, affecting linkage resulting in a compilation error
17	Added extra method call leading to uninitialized variable usage
0	Changed a function to be inline, affecting linkage leading to unintended access
10	Changed an argument from a local variable to an empty list which caused a memory leak
4	Changed an argument from a local variable to an empty list affecting exception safety
0	Changed function signature from returning int to returning int* leading to access control violations
0	Changed function signature from returning int to returning int* introducing undefined behavior
3	Added extra method call resulting in double deletion
17	Added extra method call modifying memory ownership
4	Attempted to replace an argument with a method call but messed up the syntax affecting exception safety
17	Edited caller or callee assignments which caused a memory leak
17	Modified a function to use a virtual method call instead of a static one affecting exception safety
0	Updated a function to return a shared_ptr instead of a raw pointer causing an infinite loop
0	Modified a function to use a virtual method call instead of a static one resulting in a use-after-free error
0	Changed function signature from returning a pointer to a value leading to unintended access
17	Modified a method call resulting in a compilation error
17	Edited caller or callee assignments
0	Modified function call to use a raw pointer instead of a reference resulting in a compilation error
0	Modified function call to use a raw pointer instead of a reference leading to access control violations
17	Added a new parameter and changed method call name affecting exception safety
17	Modified a method call leading to uninitialized variable usage
0	Replaced a function returning a dynamically allocated object with one returning a stack object causing an infinite loop
17	Renamed method calls, parameters stayed the same affecting exception safety
0	Changed function signature from returning a pointer to a value causing an infinite loop
17	Modified a method call leading to access control violations
0	Changed function signature from returning int to returning int* changing function linkage
4	Changed a function to noexcept, affecting exception handling introducing type mismatches
0	Altered function signature to return a reference instead of a value breaking encapsulation
17	Changed a method call on a member object to a local instance call resulting in a use-after-free error
6	Attempted to replace an argument with a method call but messed up the syntax causing an infinite loop
10	Converted a stack-allocated variable to heap-allocated without proper deallocation leading to unintended access
0	Converted a non-const method to a const method, breaking some function calls breaking encapsulation
17	Renamed method calls, parameters stayed the same causing alignment issues
17	Added extra method call leading to uninitialized variable usage
0	Updated function call to use a different parameter type (causing implicit conversions) causing an infinite loop
17	Replaced a method call with another call on the same instance
0	Modified function call to use a raw pointer instead of a reference causing overload resolution to fail
17	Edited caller or callee assignments leading to access control violations
0	Converted a stack-allocated variable to heap-allocated without proper deallocation leading to an ambiguous function call
10	Converted a stack-allocated variable to heap-allocated without proper deallocation modifying memory ownership
17	Replaced a method call with another call on the same instance introducing type mismatches
17	Added extra method call leading to access control violations
17	Altered a method to return a moved object, causing dangling references causing segmentation faults
0	Replaced a function returning a dynamically allocated object with one returning a stack object which introduced a type mismatch causing compilation failure
0	Modified a function call to use a protected method, causing encapsulation issues making the function call no longer valid
0	Converted a non-const method to a const method, breaking some function calls making the function call no longer valid
0	Replaced a function call with a method that expects a different memory ownership model making the function call no longer valid
0	Replaced a function call with a method that expects a different memory ownership model which caused a memory leak
0	Changed a function to be inline, affecting linkage
17	Modified a function to use a virtual method call instead of a static one leading to unintended access
0	Replaced a function call with a method that expects a different memory ownership model causing segmentation faults
17	Changed method names causing segmentation faults
0	Attempted to replace an argument with a method call but messed up the syntax making the function call no longer valid
0	Changed a function to noexcept, affecting exception handling causing segmentation faults
17	Renamed method calls, parameters stayed the same causing overload resolution to fail
17	Changed a method call on a member object to a local instance call resulting in a use-after-free error
4	Changed method names affecting exception safety
17	Modified a function to use a virtual method call instead of a static one breaking encapsulation
17	Changed a method call on a member object to a local instance call breaking encapsulation
1	Converted a stack-allocated variable to heap-allocated without proper deallocation introducing type mismatches
0	Added extra method call introducing undefined behavior
0	Introduced an incompatible type conversion in a function argument which caused a memory leak
1	Introduced an incompatible type conversion in a function argument affecting exception safety
0	Modified a method call causing function resolution issues
17	Modified a function call to use a protected method, causing encapsulation issues introducing type mismatches
10	Converted a stack-allocated variable to heap-allocated without proper deallocation
17	Renamed method calls, parameters stayed the same breaking encapsulation
17	Modified a function call to use a protected method, causing encapsulation issues which introduced a type mismatch causing compilation failure
17	Added a new parameter and changed method call name resulting in a compilation error
17	Modified a method call which caused a memory leak
0	Converted a stack-allocated variable to heap-allocated without proper deallocation causing function resolution issues
17	Modified a function call to use a protected method, causing encapsulation issues resulting in a compilation error
4	Changed a function to noexcept, affecting exception handling introducing type mismatches
0	Updated function call to use a different parameter type (causing implicit conversions) causing function resolution issues
17	Introduced use-after-free by modifying caller’s responsibility over memory management introducing type mismatches
0	Converted a non-const method to a const method, breaking some function calls introducing type mismatches
17	Changed a method call on a member object to a local instance call leading to uninitialized variable usage
17	Modified a function call to use a protected method, causing encapsulation issues which caused a memory leak
17	Renamed method calls, parameters stayed the same causing alignment issues
17	Replaced a method call with another call on the same instance
1	Introduced an incompatible type conversion in a function argument which introduced a type mismatch causing compilation failure
10	Converted a stack-allocated variable to heap-allocated without proper deallocation resulting in double deletion
17	Modified a method call causing alignment issues
0	Introduced an incompatible type conversion in a function argument causing function resolution issues
0	Changed an argument from pass-by-value to pass-by-reference causing overload resolution to fail
17	Changed a method call on a member object to a local instance call which introduced a type mismatch causing compilation failure
0	Updated function call to use a different parameter type (causing implicit conversions) changing function linkage
0	Converted a stack-allocated variable to heap-allocated without proper deallocation leading to an ambiguous function call
0	Changed an argument from pass-by-value to pass-by-reference resulting in a compilation error
0	Added extra method call introducing undefined behavior
17	Changed method names
17	Replaced a method call with another call on the same instance causing alignment issues
0	Converted a stack-allocated variable to heap-allocated without proper deallocation introducing undefined behavior
17	Changed an argument from pass-by-value to pass-by-reference modifying memory ownership
0	Modified function call to use a raw pointer instead of a reference causing overload resolution to fail
3	Remove all arguments
3	Remove all parameters
10	Remove all parameters and arguments, and set the variables locally
3	Remove all parameters and arguments
1	Changed data types or type usage and generics
10	changed Object names
1	Changed from specific generic type to using type inference <>, and on another line changed direct access to an attribute to a getter call. Seem to have added comments explaining the change is for Java 8+
1	Changed from specific generic type to using type inference <>, and on another line changed direct access to an attribute to a getter call. added comments stating the obvious
1	Changed from specific generic type to using type inference <>, and on another line changed direct access to an attribute to a getter call. Seem to have added comments explaining the change is for Java 8+
17	Replaced the RuleCollector with an ArrayList followed by a complex embeded function structure (much more code than before). Anyway, did not compile.
17	Uses a more modern Java style (for Generics) and replaces a direct call of a class variable with a getter. Adds also a comment that it is assuming the getter exists
3	Created a temporary object to access  List<Method> before checking if empty; seems legit edit, but might fail on type checks
5	Change type from RuleCollector to List of the return value and the code before it; Probably failed data type checks
6	Replace Map for loop with int[] and fix assignements like values[0] = 1;
17	Replace calling method with . with ::
1	Refactored a variable to use a more precise data type without updating related type constraints
1	Replaced direct field access with a getter to enforce encapsulation resulting in a more flexible type system
1	Refactored a method signature to support covariant return types that led to unexpected class casting
1	Replaced direct field access with a getter to enforce encapsulation that introduced a compilation error
1	Replaced an array with a List<> that improved generic compatibility
1	Converted explicit type checks to instanceof + generics causing type inference issues
1	Updated function return type to use a more abstract generic form which removed explicit casting
1	Replaced a collection with an immutable alternative causing runtime type mismatch
1	Changed data types or type usage and generics affecting method resolution
1	Replaced a non-generic class with a generic alternative that improved interoperability with newer APIs
1	Changed return type from concrete to an abstract generic type without updating related type constraints
1	Updated field declaration to use type inference affecting method resolution
1	Updated field declaration to use type inference resulting in implicit type conversion
3	Updated a method to return Optional<T> instead of null affecting method resolution
1	Replaced a direct instantiation with a generic factory method that introduced a compilation error
1	Replaced direct field access with a getter to enforce encapsulation that led to unexpected class casting
10	Changed a static final field to a parameterized constant
1	Switched from passing a concrete type to a generic parameter that improved generic compatibility
1	Converted a concrete type to an interface reference which improved type safety
1	Converted a concrete type to an interface reference leading to an unchecked warning
1	Changed data types or type usage and generics leading to an unchecked warning
17	Refactored static array initialization to use Arrays.asList()
1	Changed data types or type usage and generics that introduced a compilation error
1	Replaced a collection with an immutable alternative that led to unexpected class casting
1	Converted an explicit generic instantiation to a diamond operator <> that improved generic compatibility
1	Changed a HashMap<K, V> to EnumMap<K, V> causing type inference issues
3	Changed a HashMap<K, V> to EnumMap<K, V> leading to an unchecked warning
1	Modified a List<Object> to use List<?> for flexibility leading to an unchecked warning
1	Introduced wildcard generics in class fields affecting method resolution
10	Changed a static final field to a parameterized constant
1	Updated function return type to use a more abstract generic form without updating related type constraints
1	Converted explicit type checks to instanceof + generics
1	Updated a method to return Optional<T> instead of null causing type inference issues
1	Updated a method to return Optional<T> instead of null causing type inference issues
1	Refactored a variable to use a more precise data type which improved type safety
1	Refactored a variable to use a more precise data type resulting in a more flexible type system
1	Replaced a non-generic class with a generic alternative resulting in implicit type conversion
1	Replaced a collection with an immutable alternative affecting method resolution
1	Refactored a variable to use a more precise data type causing type inference issues
17	Refactored static array initialization to use Arrays.asList() affecting method resolution
1	Replaced a non-generic class with a generic alternative resulting in implicit type conversion
1	Replaced a collection with an immutable alternative which introduced raw type usage
1	Changed a static final field to a parameterized constant that led to unexpected class casting
1	Changed return type from concrete to an abstract generic type which removed explicit casting
1	Updated a method to return Optional<T> instead of null without updating related type constraints
1	Updated field declaration to use type inference which improved type safety
1	Introduced wildcard generics in class fields affecting method resolution
1	Switched from passing a concrete type to a generic parameter that improved generic compatibility
1	Changed return type from concrete to an abstract generic type causing runtime type mismatch
1	Updated function return type to use a more abstract generic form causing type inference issues
1	Converted a concrete type to an interface reference affecting method resolution
1	Updated function return type to use a more abstract generic form that improved interoperability with newer APIs
1	Changed data types or type usage and generics that improved generic compatibility
17	Changed object instantiation to use dependency injection that improved interoperability with newer APIs
1	Replaced a collection with an immutable alternative that improved generic compatibility
1	Changed a HashMap<K, V> to EnumMap<K, V> resulting in a more flexible type system
1	Replaced a collection with an immutable alternative resulting in implicit type conversion
1	Changed data types or type usage and generics which improved type safety
17	Changed object instantiation to use dependency injection that introduced a compilation error
1	Refactored a variable to use a more precise data type causing type inference issues
1	Updated a method to return Optional<T> instead of null without updating related type constraints
1	Updated field declaration to use type inference causing type inference issues
1	Replaced an array with a List<> resulting in implicit type conversion
17	Changed object instantiation to use dependency injection which removed explicit casting
1	Changed a field from int to Integer that improved generic compatibility
1	Changed a static final field to a parameterized constant which improved type safety
1	Converted a raw type collection to a parameterized generic type that led to unexpected class casting
1	Introduced a generic type constraint in a method signature that improved interoperability with newer APIs
1	Modified a constructor to accept a Supplier<T> instead of a direct instance leading to an unchecked warning
17	Replaced direct field access with a getter to enforce encapsulation affecting method resolution
1	Refactored a method signature to support covariant return types resulting in a more flexible type system
1	Replaced a direct instantiation with a generic factory method leading to an unchecked warning
1	Modified a constructor to accept a Supplier<T> instead of a direct instance which removed explicit casting
1	Replaced a non-generic class with a generic alternative which improved type safety
1	Replaced a collection with an immutable alternative resulting in implicit type conversion
1	Replaced direct field access with a getter to enforce encapsulation which improved type safety
1	Changed a HashMap<K, V> to EnumMap<K, V> which introduced raw type usage
1	Replaced a direct instantiation with a generic factory method without updating related type constraints
1	Refactored static array initialization to use Arrays.asList() resulting in implicit type conversion
1	Updated field declaration to use type inference leading to an unchecked warning
1	Changed a field from int to Integer which improved type safety
1	Changed a field from int to Integer which improved type safety
1	Changed data types or type usage and generics leading to an unchecked warning
1	Refactored a method signature to support covariant return types which introduced raw type usage
1	Changed return type from concrete to an abstract generic type which improved type safety
1	Converted a concrete type to an interface reference affecting method resolution
1	Replaced a direct instantiation with a generic factory method without updating related type constraints
1	Replaced an array with a List<> which removed explicit casting
1	Refactored static array initialization to use Arrays.asList() which removed explicit casting
1	Introduced a generic type constraint in a method signature without updating related type constraints
1	Replaced direct field access with a getter to enforce encapsulation that improved generic compatibility
1	Updated a method to return Optional<T> instead of null that improved interoperability with newer APIs
1	Modified a constructor to accept a Supplier<T> instead of a direct instance that led to unexpected class casting
1	Replaced an array with a List<> that introduced a compilation error
1	Updated function return type to use a more abstract generic form resulting in implicit type conversion
13	Changed a field from int to Integer
1	Refactored a method signature to support covariant return types that improved generic compatibility
17	Replaced a direct instantiation with a generic factory method affecting method resolution
1	Changed a static final field to a parameterized constant causing type inference issues
1	Modified a constructor to accept a Supplier<T> instead of a direct instance that improved generic compatibility
1	Replaced an array with a List<> without updating related type constraints
1	Changed a HashMap<K, V> to EnumMap<K, V> without updating related type constraints
1	Changed return type from concrete to an abstract generic type that introduced a compilation error
1	Converted explicit type checks to instanceof + generics resulting in a more flexible type system
17	Replaced an array with a List<> affecting method resolution
1	Introduced a generic type constraint in a method signature that improved generic compatibility
1	Replaced an array with a List<> without updating related type constraints
1	Refactored a variable to use a more precise data type resulting in a more flexible type system
1	Modified a List<Object> to use List<?> for flexibility leading to an unchecked warning
1	Converted an explicit generic instantiation to a diamond operator <> affecting method resolution
1	Replaced a non-generic class with a generic alternative that improved generic compatibility
1	Changed object instantiation to use dependency injection which introduced raw type usage
1	Converted a concrete type to an interface reference which improved type safety
1	Modified a constructor to accept a Supplier<T> instead of a direct instance leading to an unchecked warning
1	Changed data types or type usage and generics affecting method resolution
1	Refactored static array initialization to use Arrays.asList() that improved generic compatibility
1	Switched from passing a concrete type to a generic parameter which improved type safety
17	Replaced an array with a List<> affecting method resolution
1	Converted explicit type checks to instanceof + generics affecting method resolution
1	Introduced wildcard generics in class fields
17	Refactored static array initialization to use Arrays.asList() that introduced a compilation error
1	Updated function return type to use a more abstract generic form affecting method resolution
1	Converted a raw type collection to a parameterized generic type that led to unexpected class casting
1	Changed a HashMap<K, V> to EnumMap<K, V> that improved interoperability with newer APIs
1	Updated a method to return Optional<T> instead of null causing runtime type mismatch
1	Modified a constructor to accept a Supplier<T> instead of a direct instance resulting in a more flexible type system
1	Changed from a primitive type to its wrapper class which improved type safety
1	Modified a List<Object> to use List<?> for flexibility resulting in a more flexible type system
1	Converted a concrete type to an interface reference that led to unexpected class casting
1	Updated function return type to use a more abstract generic form that improved interoperability with newer APIs
1	Converted explicit type checks to instanceof + generics which removed explicit casting
1	Changed a HashMap<K, V> to EnumMap<K, V> that improved interoperability with newer APIs
1	Refactored static array initialization to use Arrays.asList() causing type inference issues
1	Changed object instantiation to use dependency injection without updating related type constraints
1	Replaced a non-generic class with a generic alternative that introduced a compilation error
1	Updated field declaration to use type inference which introduced raw type usage
1	Replaced a direct instantiation with a generic factory method without updating related type constraints
1	Introduced a generic type constraint in a method signature that led to unexpected class casting
1	Changed object instantiation to use dependency injection causing type inference issues
1	Replaced a non-generic class with a generic alternative which introduced raw type usage
1	Changed a HashMap<K, V> to EnumMap<K, V> causing type inference issues
1	Introduced a generic type constraint in a method signature
1	Introduced a generic type constraint in a method signature which removed explicit casting
1	Introduced a generic type constraint in a method signature that improved interoperability with newer APIs
1	Changed return type from concrete to an abstract generic type resulting in a more flexible type system
1	Converted a raw type collection to a parameterized generic type
1	Converted a raw type collection to a parameterized generic type without updating related type constraints
1	Replaced direct field access with a getter to enforce encapsulation resulting in a more flexible type system
1	Changed data types or type usage and generics causing runtime type mismatch
1	Changed data types or type usage and generics leading to an unchecked warning
1	Modified a List<Object> to use List<?> for flexibility that led to unexpected class casting
1	Changed data types or type usage and generics
1	Converted a raw type collection to a parameterized generic type without updating related type constraints
1	Changed a HashMap<K, V> to EnumMap<K, V> that led to unexpected class casting
10	Refactored a variable to use a more precise data type leading to an unchecked warning
1	Changed a field from int to Integer that led to unexpected class casting
1	Refactored static array initialization to use Arrays.asList() that led to unexpected class casting
1	Replaced a direct instantiation with a generic factory method that introduced a compilation error
6	Replaced an array with a List<>
17	Changed a HashMap<K, V> to EnumMap<K, V> affecting method resolution
1	Introduced wildcard generics in class fields resulting in implicit type conversion
1	Replaced a non-generic class with a generic alternative leading to an unchecked warning
1	Refactored static array initialization to use Arrays.asList() resulting in implicit type conversion
1	Replaced a collection with an immutable alternative causing runtime type mismatch
1	Converted explicit type checks to instanceof + generics resulting in implicit type conversion
1	Updated a method to return Optional<T> instead of null causing type inference issues
1	Converted a raw type collection to a parameterized generic type which introduced raw type usage
1	Modified a List<Object> to use List<?> for flexibility resulting in implicit type conversion
1	Changed data types or type usage and generics causing type inference issues
1	Changed a static final field to a parameterized constant resulting in a more flexible type system
1	Updated function return type to use a more abstract generic form causing runtime type mismatch
1	Updated field declaration to use type inference which removed explicit casting
1	Changed return type from concrete to an abstract generic type which introduced raw type usage
1	Refactored a method signature to support covariant return types resulting in a more flexible type system
17	Changed object instantiation to use dependency injection leading to an unchecked warning
17	Changed from a primitive type to its wrapper class affecting method resolution
1	Modified a List<Object> to use List<?> for flexibility that introduced a compilation error
1	Changed object instantiation to use dependency injection resulting in implicit type conversion
17	Replaced an array with a List<> affecting method resolution
1	Introduced a generic type constraint in a method signature that improved generic compatibility
1	Replaced a direct instantiation with a generic factory method resulting in implicit type conversion
17	Changed object instantiation to use dependency injection which removed explicit casting
1	Changed data types or type usage and generics causing runtime type mismatch
1	Converted an explicit generic instantiation to a diamond operator <> resulting in implicit type conversion
1	Replaced direct field access with a getter to enforce encapsulation which introduced raw type usage
1	Converted a raw type collection to a parameterized generic type which improved type safety
1	Converted a raw type collection to a parameterized generic type leading to an unchecked warning
1	Replaced a direct instantiation with a generic factory method causing type inference issues
1	Introduced a generic type constraint in a method signature resulting in a more flexible type system
1	Converted an explicit generic instantiation to a diamond operator <> that improved generic compatibility
10	Changed a static final field to a parameterized constant that introduced a compilation error
1	Updated a method to return Optional<T> instead of null that led to unexpected class casting
1	Introduced a generic type constraint in a method signature causing runtime type mismatch
1	Changed return type from concrete to an abstract generic type that improved generic compatibility
1	Refactored static array initialization to use Arrays.asList() without updating related type constraints
1	Changed a static final field to a parameterized constant which improved type safety
1	Replaced a collection with an immutable alternative that introduced a compilation error
1	Converted a concrete type to an interface reference which removed explicit casting
1	Replaced an array with a List<> that led to unexpected class casting
1	Modified a constructor to accept a Supplier<T> instead of a direct instance leading to an unchecked warning
1	Replaced a collection with an immutable alternative which introduced raw type usage
1	Changed a HashMap<K, V> to EnumMap<K, V> which removed explicit casting
1	Updated field declaration to use type inference that improved generic compatibility
1	Replaced direct field access with a getter to enforce encapsulation causing runtime type mismatch
1	Changed return type from concrete to an abstract generic type resulting in implicit type conversion
1	Refactored static array initialization to use Arrays.asList() which removed explicit casting
1	Changed object instantiation to use dependency injection without updating related type constraints
1	Introduced a generic type constraint in a method signature causing type inference issues
1	Replaced a direct instantiation with a generic factory method that improved interoperability with newer APIs
1	Replaced a direct instantiation with a generic factory method that introduced a compilation error
17	Changed a field from int to Integer affecting method resolution
1	Changed a field from int to Integer resulting in a more flexible type system
1	Introduced wildcard generics in class fields causing runtime type mismatch
1	Changed a HashMap<K, V> to EnumMap<K, V> resulting in a more flexible type system
1	Changed return type from concrete to an abstract generic type that introduced a compilation error
1	Switched from passing a concrete type to a generic parameter that improved generic compatibility
1	Replaced direct field access with a getter to enforce encapsulation resulting in a more flexible type system
1	Replaced a direct instantiation with a generic factory method which introduced raw type usage
1	Introduced wildcard generics in class fields which improved type safety
1	Converted an explicit generic instantiation to a diamond operator <> affecting method resolution
17	Changed a HashMap<K, V> to EnumMap<K, V> affecting method resolution
1	Refactored a method signature to support covariant return types resulting in a more flexible type system
1	Replaced an array with a List<> that improved interoperability with newer APIs
1	Converted an explicit generic instantiation to a diamond operator <> which removed explicit casting
1	Changed from a primitive type to its wrapper class resulting in a more flexible type system
17	Changed object instantiation to use dependency injection
1	Replaced a collection with an immutable alternative that introduced a compilation error
1	Replaced a collection with an immutable alternative that improved interoperability with newer APIs
1	Introduced a generic type constraint in a method signature that led to unexpected class casting
1	Converted a concrete type to an interface reference which introduced raw type usage
1	Converted an explicit generic instantiation to a diamond operator <> which introduced raw type usage
1	Changed data types or type usage and generics causing type inference issues
1	Changed a field from int to Integer leading to an unchecked warning
17	Changed a static final field to a parameterized constant affecting method resolution
1	Modified a constructor to accept a Supplier<T> instead of a direct instance causing runtime type mismatch
3	Updated a method to return Optional<T> instead of null affecting method resolution
1	Changed object instantiation to use dependency injection causing runtime type mismatch
1	Converted explicit type checks to instanceof + generics which removed explicit casting
1	Converted a raw type collection to a parameterized generic type without updating related type constraints
1	Converted an explicit generic instantiation to a diamond operator <> causing runtime type mismatch
1	Replaced direct field access with a getter to enforce encapsulation which introduced raw type usage
1	Updated field declaration to use type inference which removed explicit casting
1	Introduced wildcard generics in class fields
1	Replaced an array with a List<> resulting in a more flexible type system
1	Refactored a method signature to support covariant return types
1	Updated field declaration to use type inference that improved generic compatibility
10	Changed a static final field to a parameterized constant leading to an unchecked warning
17	Changed object instantiation to use dependency injection that led to unexpected class casting
1	Converted a concrete type to an interface reference that led to unexpected class casting
1	Changed a field from int to Integer that improved generic compatibility
1	Converted explicit type checks to instanceof + generics affecting method resolution
1	Refactored static array initialization to use Arrays.asList() resulting in a more flexible type system
1	Changed a static final field to a parameterized constant which introduced raw type usage
1	Replaced direct field access with a getter to enforce encapsulation that introduced a compilation error
1	Refactored static array initialization to use Arrays.asList() that improved generic compatibility
1	Updated field declaration to use type inference that improved generic compatibility
1	Converted a raw type collection to a parameterized generic type
1	Updated function return type to use a more abstract generic form
17	Refactored static array initialization to use Arrays.asList() leading to an unchecked warning
1	Changed return type from concrete to an abstract generic type without updating related type constraints
1	Converted explicit type checks to instanceof + generics that introduced a compilation error
17	Changed object instantiation to use dependency injection
1	Changed data types or type usage and generics causing type inference issues
1	Refactored a variable to use a more precise data type resulting in implicit type conversion
1	Refactored a method signature to support covariant return types causing type inference issues
1	Modified a List<Object> to use List<?> for flexibility which improved type safety
1	Replaced direct field access with a getter to enforce encapsulation that introduced a compilation error
1	Changed from a primitive type to its wrapper class resulting in implicit type conversion
1	Refactored a variable to use a more precise data type that improved interoperability with newer APIs
1	Converted an explicit generic instantiation to a diamond operator <> which removed explicit casting
1	Updated a method to return Optional<T> instead of null that improved generic compatibility
17	Changed a static final field to a parameterized constant affecting method resolution
1	Replaced a non-generic class with a generic alternative causing type inference issues
1	Changed return type from concrete to an abstract generic type
1	Changed from a primitive type to its wrapper class resulting in a more flexible type system
1	Refactored static array initialization to use Arrays.asList() without updating related type constraints
1	Changed return type from concrete to an abstract generic type that led to unexpected class casting
1	Replaced direct field access with a getter to enforce encapsulation which introduced raw type usage
1	Introduced wildcard generics in class fields which introduced raw type usage
1	Modified a constructor to accept a Supplier<T> instead of a direct instance that improved generic compatibility
1	Replaced an array with a List<> which introduced raw type usage
1	Updated function return type to use a more abstract generic form which improved type safety
1	Replaced an array with a List<> causing runtime type mismatch
1	Replaced a direct instantiation with a generic factory method that improved interoperability with newer APIs
1	Refactored a method signature to support covariant return types leading to an unchecked warning
13	Changed a field from int to Integer
10	Changed a static final field to a parameterized constant that introduced a compilation error
1	Converted an explicit generic instantiation to a diamond operator <> which improved type safety
1	Refactored static array initialization to use Arrays.asList() causing type inference issues
1	Changed a HashMap<K, V> to EnumMap<K, V> that led to unexpected class casting
1	Converted explicit type checks to instanceof + generics causing runtime type mismatch
1	Refactored static array initialization to use Arrays.asList() without updating related type constraints
1	Converted explicit type checks to instanceof + generics that improved generic compatibility
1	Changed a static final field to a parameterized constant which improved type safety
1	Replaced a direct instantiation with a generic factory method which introduced raw type usage
17	Changed object instantiation to use dependency injection that introduced a compilation error
1	Changed a static final field to a parameterized constant resulting in implicit type conversion
1	Replaced a collection with an immutable alternative that improved generic compatibility
1	Updated a method to return Optional<T> instead of null resulting in implicit type conversion
17	Changed object instantiation to use dependency injection leading to an unchecked warning
1	Introduced a generic type constraint in a method signature causing type inference issues
10	Refactored a variable to use a more precise data type
1	Changed a HashMap<K, V> to EnumMap<K, V> resulting in a more flexible type system
1	Modified a List<Object> to use List<?> for flexibility which improved type safety
1	Updated function return type to use a more abstract generic form that introduced a compilation error
1	Introduced a generic type constraint in a method signature resulting in implicit type conversion
1	Changed a field from int to Integer which improved type safety
1	Changed a static final field to a parameterized constant causing type inference issues
1	Introduced a generic type constraint in a method signature
1	Modified a List<Object> to use List<?> for flexibility that introduced a compilation error
1	Refactored a method signature to support covariant return types causing runtime type mismatch
1	Refactored a method signature to support covariant return types resulting in a more flexible type system
1	Updated a method to return Optional<T> instead of null resulting in a more flexible type system
1	Converted a concrete type to an interface reference which improved type safety
1	Replaced direct field access with a getter to enforce encapsulation which improved type safety
1	Replaced a collection with an immutable alternative which removed explicit casting
1	Changed a HashMap<K, V> to EnumMap<K, V> that led to unexpected class casting
1	Refactored a variable to use a more precise data type which improved type safety
1	Changed a static final field to a parameterized constant causing type inference issues
17	Replaced a direct instantiation with a generic factory method affecting method resolution
1	Changed a field from int to Integer that improved interoperability with newer APIs
1	Updated function return type to use a more abstract generic form which introduced raw type usage
1	Refactored a variable to use a more precise data type that led to unexpected class casting
10	Replaced an array with a List<> leading to an unchecked warning
1	Replaced an array with a List<> causing type inference issues
1	Changed return type from concrete to an abstract generic type which introduced raw type usage
1	Replaced a collection with an immutable alternative that improved generic compatibility
1	Changed return type from concrete to an abstract generic type that led to unexpected class casting
1	Replaced a non-generic class with a generic alternative which introduced raw type usage
1	Refactored a method signature to support covariant return types which removed explicit casting
1	Changed a field from int to Integer which improved type safety
1	Converted a concrete type to an interface reference without updating related type constraints
1	Replaced a non-generic class with a generic alternative that improved interoperability with newer APIs
1	Converted an explicit generic instantiation to a diamond operator <> without updating related type constraints
17	Modified a constructor to accept a Supplier<T> instead of a direct instance affecting method resolution
1	Updated function return type to use a more abstract generic form affecting method resolution
1	Changed data types or type usage and generics leading to an unchecked warning
1	Replaced a direct instantiation with a generic factory method that improved interoperability with newer APIs
3	Updated a method to return Optional<T> instead of null that introduced a compilation error
17	Refactored static array initialization to use Arrays.asList() leading to an unchecked warning
1	Changed return type from concrete to an abstract generic type causing type inference issues
17	Changed object instantiation to use dependency injection
17	Refactored static array initialization to use Arrays.asList() that introduced a compilation error
1	Introduced wildcard generics in class fields leading to an unchecked warning
1	Refactored a method signature to support covariant return types which improved type safety
1	Changed a HashMap<K, V> to EnumMap<K, V> that led to unexpected class casting
1	Replaced a non-generic class with a generic alternative that led to unexpected class casting
1	Changed return type from concrete to an abstract generic type resulting in a more flexible type system
1	Converted a concrete type to an interface reference causing type inference issues
1	Changed a static final field to a parameterized constant which improved type safety
1	Changed return type from concrete to an abstract generic type resulting in a more flexible type system
1	Converted an explicit generic instantiation to a diamond operator <> causing runtime type mismatch
1	Changed a field from int to Integer that led to unexpected class casting
1	Refactored a method signature to support covariant return types without updating related type constraints
1	Changed return type from concrete to an abstract generic type that introduced a compilation error
1	Changed object instantiation to use dependency injection resulting in implicit type conversion
1	Converted a raw type collection to a parameterized generic type that introduced a compilation error
1	Introduced wildcard generics in class fields which introduced raw type usage
1	Converted explicit type checks to instanceof + generics leading to an unchecked warning
1	Changed a field from int to Integer causing runtime type mismatch
1	Updated a method to return Optional<T> instead of null causing runtime type mismatch
1	Converted a concrete type to an interface reference leading to an unchecked warning
1	Changed a HashMap<K, V> to EnumMap<K, V> without updating related type constraints
1	Changed return type from concrete to an abstract generic type which removed explicit casting
1	Converted a concrete type to an interface reference resulting in implicit type conversion
1	Converted an explicit generic instantiation to a diamond operator <> that improved generic compatibility
1	Changed from a primitive type to its wrapper class resulting in implicit type conversion
1	Converted a raw type collection to a parameterized generic type that improved generic compatibility
1	Changed from a primitive type to its wrapper class
1	Modified a constructor to accept a Supplier<T> instead of a direct instance without updating related type constraints
1	Converted a raw type collection to a parameterized generic type that improved generic compatibility
1	Changed object instantiation to use dependency injection resulting in a more flexible type system
1	Updated field declaration to use type inference
1	Updated a method to return Optional<T> instead of null that improved interoperability with newer APIs
1	Converted a concrete type to an interface reference which improved type safety
1	Introduced a generic type constraint in a method signature which improved type safety
1	Converted a raw type collection to a parameterized generic type leading to an unchecked warning
1	Replaced a non-generic class with a generic alternative that improved interoperability with newer APIs
1	Changed from a primitive type to its wrapper class causing runtime type mismatch
1	Changed return type from concrete to an abstract generic type causing type inference issues
1	Replaced a collection with an immutable alternative which introduced raw type usage
1	Updated function return type to use a more abstract generic form
1	Refactored a variable to use a more precise data type resulting in a more flexible type system
1	Refactored a variable to use a more precise data type causing type inference issues
17	Changed object instantiation to use dependency injection that introduced a compilation error
17	Replaced direct field access with a getter to enforce encapsulation affecting method resolution
1	Modified a constructor to accept a Supplier<T> instead of a direct instance that improved generic compatibility
1	Converted explicit type checks to instanceof + generics resulting in implicit type conversion
1	Switched from passing a concrete type to a generic parameter causing runtime type mismatch
1	Refactored a method signature to support covariant return types causing runtime type mismatch
1	Converted a raw type collection to a parameterized generic type resulting in a more flexible type system
1	Replaced a non-generic class with a generic alternative which introduced raw type usage
1	Changed data types or type usage and generics resulting in implicit type conversion
1	Changed a HashMap<K, V> to EnumMap<K, V> resulting in a more flexible type system
1	Updated a method to return Optional<T> instead of null resulting in implicit type conversion
1	Modified a constructor to accept a Supplier<T> instead of a direct instance resulting in implicit type conversion
1	Converted a raw type collection to a parameterized generic type leading to an unchecked warning
1	Refactored static array initialization to use Arrays.asList() which introduced raw type usage
1	Introduced wildcard generics in class fields
3	Updated a method to return Optional<T> instead of null
10	Refactored a variable to use a more precise data type that introduced a compilation error
1	Converted an explicit generic instantiation to a diamond operator <> affecting method resolution
1	Replaced a collection with an immutable alternative leading to an unchecked warning
1	Refactored static array initialization to use Arrays.asList() which removed explicit casting
1	Changed a HashMap<K, V> to EnumMap<K, V> resulting in implicit type conversion
1	Changed a HashMap<K, V> to EnumMap<K, V> which introduced raw type usage
1	Refactored a variable to use a more precise data type that improved generic compatibility
1	Updated function return type to use a more abstract generic form that improved interoperability with newer APIs
1	Refactored a variable to use a more precise data type which introduced raw type usage
1	Replaced a collection with an immutable alternative leading to an unchecked warning
1	Updated a method to return Optional<T> instead of null causing runtime type mismatch
1	Introduced a generic type constraint in a method signature that led to unexpected class casting
1	Updated a method to return Optional<T> instead of null which improved type safety
1	Replaced a non-generic class with a generic alternative resulting in a more flexible type system
17	Changed from a primitive type to its wrapper class affecting method resolution
1	Changed a HashMap<K, V> to EnumMap<K, V> resulting in implicit type conversion
1	Modified a List<Object> to use List<?> for flexibility that improved generic compatibility
1	Converted a concrete type to an interface reference affecting method resolution
1	Replaced a non-generic class with a generic alternative which improved type safety
1	Changed a static final field to a parameterized constant which removed explicit casting
1	Changed from a primitive type to its wrapper class which improved type safety
1	Changed data types or type usage and generics without updating related type constraints
1	Replaced a collection with an immutable alternative that improved interoperability with newer APIs
1	Refactored a variable to use a more precise data type which improved type safety
1	Modified a List<Object> to use List<?> for flexibility that introduced a compilation error
1	Converted a concrete type to an interface reference resulting in a more flexible type system
1	Replaced a collection with an immutable alternative which removed explicit casting
1	Replaced a non-generic class with a generic alternative
1	Replaced an array with a List<> that improved generic compatibility
1	Modified a constructor to accept a Supplier<T> instead of a direct instance that improved generic compatibility
1	Changed data types or type usage and generics which introduced raw type usage
1	Introduced a generic type constraint in a method signature that improved interoperability with newer APIs
1	Changed object instantiation to use dependency injection which introduced raw type usage
1	Changed data types or type usage and generics causing runtime type mismatch
1	Converted an explicit generic instantiation to a diamond operator <> leading to an unchecked warning
1	Replaced an array with a List<> that led to unexpected class casting
1	Updated a method to return Optional<T> instead of null which introduced raw type usage
1	Refactored a method signature to support covariant return types which introduced raw type usage
1	Changed return type from concrete to an abstract generic type causing runtime type mismatch
1	Converted explicit type checks to instanceof + generics
1	Changed return type from concrete to an abstract generic type that led to unexpected class casting
1	Changed return type from concrete to an abstract generic type leading to an unchecked warning
1	Introduced a generic type constraint in a method signature resulting in a more flexible type system
3	Changed a HashMap<K, V> to EnumMap<K, V> leading to an unchecked warning
10	Changed a static final field to a parameterized constant leading to an unchecked warning
1	Updated field declaration to use type inference which improved type safety
1	Modified a List<Object> to use List<?> for flexibility that led to unexpected class casting
1	Converted a concrete type to an interface reference causing runtime type mismatch
1	Replaced a non-generic class with a generic alternative which removed explicit casting
1	Changed a field from int to Integer that improved interoperability with newer APIs
1	Replaced a collection with an immutable alternative causing type inference issues
1	Refactored static array initialization to use Arrays.asList() causing runtime type mismatch
1	Converted explicit type checks to instanceof + generics causing type inference issues
1	Changed a field from int to Integer without updating related type constraints
1	Updated field declaration to use type inference causing runtime type mismatch
1	Refactored a method signature to support covariant return types resulting in implicit type conversion
1	Converted a concrete type to an interface reference resulting in a more flexible type system
1	Converted an explicit generic instantiation to a diamond operator <>
17	Changed object instantiation to use dependency injection
1	Introduced a generic type constraint in a method signature which improved type safety
1	Replaced a non-generic class with a generic alternative without updating related type constraints
1	Converted a concrete type to an interface reference that improved generic compatibility
1	Refactored static array initialization to use Arrays.asList() which removed explicit casting
1	Replaced a non-generic class with a generic alternative resulting in implicit type conversion
1	Changed data types or type usage and generics without updating related type constraints
1	Changed return type from concrete to an abstract generic type which removed explicit casting
17	Changed a field from int to Integer affecting method resolution
1	Changed a field from int to Integer resulting in a more flexible type system
1	Replaced a direct instantiation with a generic factory method that led to unexpected class casting
1	Converted a raw type collection to a parameterized generic type leading to an unchecked warning
1	Replaced a non-generic class with a generic alternative which removed explicit casting
1	Converted a raw type collection to a parameterized generic type
1	Converted a concrete type to an interface reference that led to unexpected class casting
1	Changed a field from int to Integer resulting in implicit type conversion
1	Updated a method to return Optional<T> instead of null resulting in implicit type conversion
1	Changed data types or type usage and generics
1	Replaced a direct instantiation with a generic factory method causing runtime type mismatch
1	Replaced a non-generic class with a generic alternative resulting in implicit type conversion
1	Refactored a variable to use a more precise data type causing type inference issues
1	Converted an explicit generic instantiation to a diamond operator <> resulting in a more flexible type system
1	Introduced a generic type constraint in a method signature which improved type safety
1	Replaced a non-generic class with a generic alternative causing runtime type mismatch
3	Updated a method to return Optional<T> instead of null
1	Converted a concrete type to an interface reference resulting in implicit type conversion
1	Replaced an array with a List<> resulting in a more flexible type system
1	Introduced a generic type constraint in a method signature leading to an unchecked warning
1	Converted a raw type collection to a parameterized generic type which improved type safety
1	Changed data types or type usage and generics that improved interoperability with newer APIs
1	Replaced a non-generic class with a generic alternative
1	Updated function return type to use a more abstract generic form affecting method resolution
1	Updated function return type to use a more abstract generic form resulting in implicit type conversion
1	Changed object instantiation to use dependency injection causing runtime type mismatch
1	Converted an explicit generic instantiation to a diamond operator <> which removed explicit casting
1	Modified a List<Object> to use List<?> for flexibility that led to unexpected class casting
1	Switched from passing a concrete type to a generic parameter that improved generic compatibility
1	Converted a concrete type to an interface reference leading to an unchecked warning
1	Converted explicit type checks to instanceof + generics which removed explicit casting
17	Changed object instantiation to use dependency injection affecting method resolution
1	Updated field declaration to use type inference which improved type safety
17	Changed a HashMap<K, V> to EnumMap<K, V> affecting method resolution
8	Added inline comparator or lambda
8	Includes inlining of implementations (sort, methods...)
1	replaced Java's sort with its implementation
8	changes an argument to a lambda expression (new expression looks to be invalid)
10	initalize variables with nulll, inserted rows at another position
8	Includes inlining of implementations (sort, methods...)
8	Introduces an inline comparator for sorting instead of the default
8	Introduces a lambda function b adding () -> before the original statement
8	Change orderig methods to work with Map
8	Modified sorting logic by introducing an inline comparator introducing functional programming concepts
8	Refactored event handling logic using an inline lambda which improved readability
8	Introduced a lambda function to simplify a callback interface which improved readability
8	Replaced an explicit function call with a lambda resulting in incorrect ordering
8	Introduced a lambda function with () -> syntax causing an ambiguous method reference
8	Modified sorting logic by introducing an inline comparator without updating dependent functions
8	Includes inlining of implementations (sort, methods...) resulting in incorrect ordering
8	Converted an anonymous function to a lambda introducing functional programming concepts
8	Introduced a functional interface and replaced method calls with lambdas leading to compilation issues
8	Introduced a functional interface and replaced method calls with lambdas resulting in incorrect ordering
8	Includes inlining of implementations (sort, methods...) which improved readability
8	Replaced Comparator implementation with a method reference (::) which improved efficiency
8	Introduced a functional interface and replaced method calls with lambdas resulting in incorrect ordering
8	Replaced Comparator implementation with a method reference (::) that changed function call structure
8	Converted an anonymous function to a lambda that changed function call structure
8	Used a lambda function to replace a single-use anonymous inner class which improved efficiency
8	Converted an anonymous function to a lambda that changed function call structure
8	Updated a functional interface method to use a lambda implementation causing an ambiguous method reference
8	Introduced a lambda function with () -> syntax without updating dependent functions
8	Added inline comparator or lambda which improved readability
8	Replaced an explicit function call with a lambda without updating dependent functions
8	Converted a traditional loop into a lambda-based stream operation introducing functional programming concepts
8	Introduced a lambda expression in a function call parameter causing a type mismatch
8	Replaced Comparator implementation with a method reference (::) introducing functional programming concepts
8	Introduced a lambda function with () -> syntax
8	Replaced Java's sort with its implementation introducing functional programming concepts
8	Used a lambda function to replace a single-use anonymous inner class
8	Replaced an explicit function call with a lambda that changed function call structure
8	Replaced an explicit function call with a lambda resulting in incorrect ordering
6	Replaced hardcoded loop logic with a lambda-based collection operation which improved readability
8	Changed an argument to a lambda expression which improved readability
8	Converted a traditional loop into a lambda-based stream operation causing unexpected runtime behavior
8	Introduced a lambda function to simplify a callback interface resulting in incorrect ordering
8	Introduced a lambda expression in a function call parameter
8	Changed ordering methods to work with a Map using a lambda without updating dependent functions
8	Added inline comparator or lambda leading to compilation issues
8	Introduced a lambda expression in a function call parameter without updating dependent functions
8	Changed inline comparator logic to use reversed order without updating dependent functions
1	Replaced Java's sort with its implementation leading to compilation issues
8	Used a lambda function to replace a single-use anonymous inner class which simplified the code
8	Converted filter logic to use a lambda expression which improved readability
8	Introduced a functional interface and replaced method calls with lambdas leading to compilation issues
8	Updated a functional interface method to use a lambda implementation introducing functional programming concepts
8	Replaced an explicit function call with a lambda resulting in incorrect ordering
1	Replaced Java's sort with its implementation
8	Replaced Comparator implementation with a method reference (::) that changed function call structure
8	Changed inline comparator logic to use reversed order which improved efficiency
6	Replaced hardcoded loop logic with a lambda-based collection operation which improved readability
17	Replaced Java's sort with its implementation that changed function call structure
8	Modified sorting logic by introducing an inline comparator causing an ambiguous method reference
8	Refactored a comparator to use a lambda instead of an anonymous class causing a type mismatch
8	Introduced a lambda function to simplify a callback interface
8	Introduced a lambda function with () -> syntax resulting in incorrect ordering
8	Converted a traditional loop into a lambda-based stream operation leading to compilation issues
8	Updated a functional interface method to use a lambda implementation which simplified the code
8	Refactored a comparator to use Comparator.comparing() causing unexpected runtime behavior
8	Introduced a lambda expression in a function call parameter leading to an invalid lambda expression
1	Includes inlining of implementations (sort, methods...) causing a type mismatch
8	Converted a traditional loop into a lambda-based stream operation causing a type mismatch
8	Modified sorting logic by introducing an inline comparator causing a type mismatch
8	Used a lambda function to replace a single-use anonymous inner class which improved efficiency
8	Converted a traditional loop into a lambda-based stream operation
8	Changed inline comparator logic to use reversed order resulting in incorrect ordering
8	Converted a traditional loop into a lambda-based stream operation resulting in incorrect ordering
8	Changed ordering methods to work with a Map using a lambda leading to compilation issues
8	Updated a functional interface method to use a lambda implementation resulting in incorrect ordering
8	Replaced an explicit function call with a lambda causing an ambiguous method reference
8	Refactored a comparator to use Comparator.comparing() without updating dependent functions
8	Used a lambda function to replace a single-use anonymous inner class causing unexpected runtime behavior
8	Introduced a lambda expression in a function call parameter leading to compilation issues
8	Changed an argument to a lambda expression without updating dependent functions
8	Changed ordering methods to work with a Map using a lambda introducing functional programming concepts
8	Changed an argument to a lambda expression
8	Replaced Java's sort with its implementation leading to an invalid lambda expression
8	Replaced hardcoded loop logic with a lambda-based collection operation introducing functional programming concepts
13	Replaced Java's sort with its implementation which altered function resolution
8	Used a lambda function to replace a single-use anonymous inner class leading to compilation issues
1	Includes inlining of implementations (sort, methods...) causing a type mismatch
8	Added inline comparator or lambda
8	Used a lambda function instead of defining a separate method leading to an invalid lambda expression
8	Includes inlining of implementations (sort, methods...) introducing functional programming concepts
8	Introduced a lambda expression in a function call parameter which improved readability
8	Converted a traditional loop into a lambda-based stream operation leading to an invalid lambda expression
8	Refactored event handling logic using an inline lambda
8	Modified sorting logic by introducing an inline comparator introducing functional programming concepts
8	Introduced a lambda function with () -> syntax which improved efficiency
8	Introduced a lambda function to simplify a callback interface which improved readability
8	Replaced an explicit function call with a lambda causing an ambiguous method reference
8	Replaced hardcoded loop logic with a lambda-based collection operation causing unexpected runtime behavior
8	Introduced a functional interface and replaced method calls with lambdas
8	Modified sorting logic by introducing an inline comparator leading to compilation issues
8	Used a lambda function instead of defining a separate method leading to an invalid lambda expression
8	Added inline comparator or lambda that changed function call structure
8	Converted an anonymous function to a lambda leading to compilation issues
8	Added inline comparator or lambda which improved readability
8	Introduced a lambda function with () -> syntax causing a type mismatch
8	Introduced a lambda expression in a function call parameter causing a type mismatch
8	Replaced an explicit function call with a lambda causing unexpected runtime behavior
8	Changed an argument to a lambda expression leading to compilation issues
8	Replaced an explicit function call with a lambda without updating dependent functions
8	Replaced an explicit function call with a lambda which improved readability
8	Refactored a comparator to use Comparator.comparing() leading to an invalid lambda expression
8	Used a lambda function to replace a single-use anonymous inner class which improved efficiency
8	Updated a functional interface method to use a lambda implementation without updating dependent functions
8	Introduced a lambda expression in a function call parameter causing an ambiguous method reference
8	Changed inline comparator logic to use reversed order causing an ambiguous method reference
8	Converted a traditional loop into a lambda-based stream operation causing an ambiguous method reference
8	Refactored a comparator to use a lambda instead of an anonymous class causing unexpected runtime behavior
8	Converted an anonymous function to a lambda leading to compilation issues
8	Updated a functional interface method to use a lambda implementation leading to compilation issues
8	Introduced a lambda function with () -> syntax which improved readability
8	Refactored a comparator to use a lambda instead of an anonymous class introducing functional programming concepts
8	Converted filter logic to use a lambda expression leading to compilation issues
8	Changed ordering methods to work with a Map using a lambda without updating dependent functions
8	Refactored a comparator to use Comparator.comparing() which altered function resolution
8	Refactored event handling logic using an inline lambda resulting in incorrect ordering
8	Replaced hardcoded loop logic with a lambda-based collection operation causing unexpected runtime behavior
8	Used a lambda function instead of defining a separate method causing an ambiguous method reference
8	Changed ordering methods to work with a Map using a lambda which improved efficiency
8	Replaced an explicit function call with a lambda leading to an invalid lambda expression
8	Changed an argument to a lambda expression causing a type mismatch
8	Refactored a comparator to use a lambda instead of an anonymous class which simplified the code
6	Replaced hardcoded loop logic with a lambda-based collection operation which improved efficiency
8	Replaced Comparator implementation with a method reference (::) without updating dependent functions
8	Used a lambda function to replace a single-use anonymous inner class resulting in incorrect ordering
8	Changed inline comparator logic to use reversed order causing an ambiguous method reference
8	Introduced a functional interface and replaced method calls with lambdas that changed function call structure
8	Includes inlining of implementations (sort, methods...) introducing functional programming concepts
8	Converted an anonymous function to a lambda without updating dependent functions
8	Modified sorting logic by introducing an inline comparator resulting in incorrect ordering
8	Replaced Comparator implementation with a method reference (::) that changed function call structure
8	Updated a functional interface method to use a lambda implementation introducing functional programming concepts
8	Introduced a functional interface and replaced method calls with lambdas introducing functional programming concepts
8	Converted a traditional loop into a lambda-based stream operation leading to compilation issues
8	Replaced Comparator implementation with a method reference (::) causing an ambiguous method reference
8	Replaced an explicit function call with a lambda resulting in incorrect ordering
8	Introduced a lambda function with () -> syntax causing unexpected runtime behavior
8	Converted filter logic to use a lambda expression leading to an invalid lambda expression
8	Refactored a comparator to use Comparator.comparing() leading to compilation issues
8	Refactored event handling logic using an inline lambda which simplified the code
8	Introduced a lambda function to simplify a callback interface
6	Replaced hardcoded loop logic with a lambda-based collection operation which simplified the code
8	Used a lambda function to replace a single-use anonymous inner class leading to compilation issues
8	Refactored event handling logic using an inline lambda causing a type mismatch
8	Introduced a lambda function with () -> syntax leading to compilation issues
8	Converted filter logic to use a lambda expression leading to compilation issues
8	Refactored a comparator to use Comparator.comparing() causing an ambiguous method reference
8	Added inline comparator or lambda causing a type mismatch
8	Added inline comparator or lambda that changed function call structure
8	Includes inlining of implementations (sort, methods...) without updating dependent functions
8	Modified sorting logic by introducing an inline comparator leading to an invalid lambda expression
8	Introduced a lambda expression in a function call parameter causing an ambiguous method reference
8	Modified sorting logic by introducing an inline comparator introducing functional programming concepts
13	Replaced Java's sort with its implementation which improved efficiency
8	Updated a functional interface method to use a lambda implementation which altered function resolution
8	Introduced a lambda function with () -> syntax leading to compilation issues
8	Refactored event handling logic using an inline lambda leading to an invalid lambda expression
8	Introduced a lambda function with () -> syntax causing a type mismatch
8	Converted a traditional loop into a lambda-based stream operation which altered function resolution
8	Updated a functional interface method to use a lambda implementation which improved readability
8	Introduced a lambda expression in a function call parameter which simplified the code
8	Refactored event handling logic using an inline lambda causing an ambiguous method reference
8	Modified sorting logic by introducing an inline comparator leading to compilation issues
8	Used a lambda function to replace a single-use anonymous inner class which improved readability
8	Refactored a comparator to use a lambda instead of an anonymous class
8	Changed inline comparator logic to use reversed order causing unexpected runtime behavior
8	Changed ordering methods to work with a Map using a lambda which altered function resolution
8	Converted a traditional loop into a lambda-based stream operation leading to an invalid lambda expression
8	Includes inlining of implementations (sort, methods...)
8	Introduced a functional interface and replaced method calls with lambdas which improved efficiency
8	Introduced a functional interface and replaced method calls with lambdas which improved readability
8	Replaced an explicit function call with a lambda without updating dependent functions
8	Updated a functional interface method to use a lambda implementation which altered function resolution
8	Added inline comparator or lambda causing unexpected runtime behavior
8	Used a lambda function to replace a single-use anonymous inner class
8	Replaced Comparator implementation with a method reference (::) which altered function resolution
8	Modified sorting logic by introducing an inline comparator which improved readability
8	Introduced a lambda expression in a function call parameter introducing functional programming concepts
8	Used a lambda function instead of defining a separate method that changed function call structure
8	Changed inline comparator logic to use reversed order resulting in incorrect ordering
8	Converted an anonymous function to a lambda leading to an invalid lambda expression
8	Used a lambda function instead of defining a separate method causing a type mismatch
8	Replaced Comparator implementation with a method reference (::) without updating dependent functions
8	Refactored a comparator to use Comparator.comparing() causing unexpected runtime behavior
8	Used a lambda function to replace a single-use anonymous inner class causing a type mismatch
8	Introduced a lambda function with () -> syntax which improved readability
8	Changed an argument to a lambda expression
8	Introduced a functional interface and replaced method calls with lambdas
8	Used a lambda function to replace a single-use anonymous inner class which simplified the code
8	Includes inlining of implementations (sort, methods...) which improved efficiency
8	Introduced a functional interface and replaced method calls with lambdas causing unexpected runtime behavior
8	Replaced Comparator implementation with a method reference (::) leading to compilation issues
8	Introduced a lambda function with () -> syntax that changed function call structure
8	Changed an argument to a lambda expression that changed function call structure
8	Refactored event handling logic using an inline lambda resulting in incorrect ordering
8	Introduced a lambda function to simplify a callback interface introducing functional programming concepts
8	Changed ordering methods to work with a Map using a lambda which improved efficiency
8	Replaced an explicit function call with a lambda resulting in incorrect ordering
8	Introduced a lambda function to simplify a callback interface resulting in incorrect ordering
8	Introduced a lambda function with () -> syntax leading to an invalid lambda expression
8	Refactored a comparator to use Comparator.comparing() causing an ambiguous method reference
6	Replaced hardcoded loop logic with a lambda-based collection operation which improved readability
8	Converted a traditional loop into a lambda-based stream operation that changed function call structure
8	Introduced a lambda expression in a function call parameter introducing functional programming concepts
8	Changed an argument to a lambda expression which improved readability
8	Replaced an explicit function call with a lambda which improved efficiency
17	Replaced Java's sort with its implementation causing an ambiguous method reference
8	Refactored event handling logic using an inline lambda leading to compilation issues
8	Introduced a lambda function with () -> syntax
8	Introduced a lambda function with () -> syntax leading to an invalid lambda expression
17	Includes inlining of implementations (sort, methods...) leading to compilation issues
8	Converted a traditional loop into a lambda-based stream operation causing unexpected runtime behavior
8	Modified sorting logic by introducing an inline comparator resulting in incorrect ordering
8	Replaced hardcoded loop logic with a lambda-based collection operation
8	Used a lambda function instead of defining a separate method introducing functional programming concepts
8	Replaced Java's sort with its implementation leading to an invalid lambda expression
8	Added inline comparator or lambda which simplified the code
8	Introduced a lambda expression in a function call parameter causing an ambiguous method reference
8	Introduced a functional interface and replaced method calls with lambdas
8	Refactored a comparator to use Comparator.comparing() leading to an invalid lambda expression
8	Replaced hardcoded loop logic with a lambda-based collection operation causing unexpected runtime behavior
8	Used a lambda function to replace a single-use anonymous inner class causing an ambiguous method reference
8	Changed inline comparator logic to use reversed order leading to an invalid lambda expression
8	Refactored a comparator to use Comparator.comparing() that changed function call structure
8	Introduced a lambda function with () -> syntax resulting in incorrect ordering
8	Introduced a lambda function to simplify a callback interface which simplified the code
8	Refactored a comparator to use Comparator.comparing() which improved readability
8	Used a lambda function instead of defining a separate method
8	Updated a functional interface method to use a lambda implementation causing unexpected runtime behavior
8	Changed inline comparator logic to use reversed order introducing functional programming concepts
8	Used a lambda function to replace a single-use anonymous inner class which simplified the code
8	Refactored a comparator to use a lambda instead of an anonymous class without updating dependent functions
8	Converted filter logic to use a lambda expression leading to compilation issues
8	Refactored a comparator to use Comparator.comparing() which simplified the code
8	Used a lambda function to replace a single-use anonymous inner class resulting in incorrect ordering
8	Changed inline comparator logic to use reversed order that changed function call structure
8	Changed ordering methods to work with a Map using a lambda causing an ambiguous method reference
8	Replaced Java's sort with its implementation leading to an invalid lambda expression
8	Used a lambda function instead of defining a separate method which altered function resolution
8	Replaced hardcoded loop logic with a lambda-based collection operation that changed function call structure
13	Replaced Java's sort with its implementation which simplified the code
8	Introduced a lambda function with () -> syntax leading to an invalid lambda expression
8	Added inline comparator or lambda causing unexpected runtime behavior
8	Used a lambda function to replace a single-use anonymous inner class without updating dependent functions
8	Refactored a comparator to use a lambda instead of an anonymous class without updating dependent functions
8	Replaced an explicit function call with a lambda which improved readability
8	Replaced hardcoded loop logic with a lambda-based collection operation introducing functional programming concepts
8	Introduced a lambda function to simplify a callback interface which improved efficiency
8	Changed ordering methods to work with a Map using a lambda which altered function resolution
8	Changed inline comparator logic to use reversed order which altered function resolution
8	Replaced hardcoded loop logic with a lambda-based collection operation causing an ambiguous method reference
8	Changed ordering methods to work with a Map using a lambda introducing functional programming concepts
8	Converted a traditional loop into a lambda-based stream operation which improved efficiency
8	Modified sorting logic by introducing an inline comparator without updating dependent functions
8	Used a lambda function instead of defining a separate method causing unexpected runtime behavior
8	Introduced a lambda function with () -> syntax which improved efficiency
8	Modified sorting logic by introducing an inline comparator
1	Includes inlining of implementations (sort, methods...) causing a type mismatch
8	Refactored a comparator to use Comparator.comparing() resulting in incorrect ordering
8	Changed an argument to a lambda expression without updating dependent functions
8	Used a lambda function instead of defining a separate method which improved efficiency
8	Used a lambda function to replace a single-use anonymous inner class leading to an invalid lambda expression
8	Introduced a lambda function to simplify a callback interface leading to an invalid lambda expression
8	Changed ordering methods to work with a Map using a lambda introducing functional programming concepts
8	Changed an argument to a lambda expression
8	Converted filter logic to use a lambda expression causing a type mismatch
8	Introduced a lambda expression in a function call parameter
8	Introduced a lambda expression in a function call parameter without updating dependent functions
8	Replaced an explicit function call with a lambda resulting in incorrect ordering
8	Converted an anonymous function to a lambda which improved readability
1	Replaced Java's sort with its implementation which improved readability
8	Introduced a lambda function to simplify a callback interface introducing functional programming concepts
8	Replaced hardcoded loop logic with a lambda-based collection operation leading to an invalid lambda expression
1	Replaced Comparator implementation with a method reference (::) causing a type mismatch
8	Replaced hardcoded loop logic with a lambda-based collection operation leading to compilation issues
8	Used a lambda function to replace a single-use anonymous inner class causing unexpected runtime behavior
8	Replaced Comparator implementation with a method reference (::)
8	Introduced a lambda function to simplify a callback interface resulting in incorrect ordering
8	Converted filter logic to use a lambda expression without updating dependent functions
8	Changed inline comparator logic to use reversed order causing unexpected runtime behavior
8	Modified sorting logic by introducing an inline comparator resulting in incorrect ordering
8	Introduced a lambda function with () -> syntax resulting in incorrect ordering
8	Replaced Java's sort with its implementation without updating dependent functions
8	Changed ordering methods to work with a Map using a lambda leading to an invalid lambda expression
8	Changed ordering methods to work with a Map using a lambda causing an ambiguous method reference
8	Includes inlining of implementations (sort, methods...) which improved readability
8	Changed an argument to a lambda expression introducing functional programming concepts
8	Replaced Comparator implementation with a method reference (::) which simplified the code
8	Changed ordering methods to work with a Map using a lambda resulting in incorrect ordering
8	Added inline comparator or lambda introducing functional programming concepts
8	Introduced a lambda expression in a function call parameter causing unexpected runtime behavior
8	Added inline comparator or lambda introducing functional programming concepts
8	Replaced an explicit function call with a lambda causing an ambiguous method reference
8	Introduced a functional interface and replaced method calls with lambdas which improved efficiency
8	Changed ordering methods to work with a Map using a lambda causing a type mismatch
1	Includes inlining of implementations (sort, methods...) causing a type mismatch
8	Introduced a lambda expression in a function call parameter which improved efficiency
8	Replaced an explicit function call with a lambda which improved efficiency
8	Introduced a lambda function to simplify a callback interface causing unexpected runtime behavior
8	Modified sorting logic by introducing an inline comparator leading to an invalid lambda expression
8	Introduced a lambda function to simplify a callback interface that changed function call structure
8	Introduced a functional interface and replaced method calls with lambdas which improved efficiency
8	Replaced hardcoded loop logic with a lambda-based collection operation
8	Introduced a lambda function to simplify a callback interface resulting in incorrect ordering
8	Includes inlining of implementations (sort, methods...) introducing functional programming concepts
8	Converted an anonymous function to a lambda without updating dependent functions
8	Converted a traditional loop into a lambda-based stream operation which simplified the code
8	Replaced an explicit function call with a lambda resulting in incorrect ordering
8	Refactored a comparator to use Comparator.comparing() which altered function resolution
8	Introduced a lambda expression in a function call parameter
8	Used a lambda function instead of defining a separate method which altered function resolution
13	Replaced Java's sort with its implementation which simplified the code
8	Refactored event handling logic using an inline lambda causing unexpected runtime behavior
8	Updated a functional interface method to use a lambda implementation causing an ambiguous method reference
8	Replaced hardcoded loop logic with a lambda-based collection operation that changed function call structure
8	Converted filter logic to use a lambda expression causing a type mismatch
8	Added inline comparator or lambda that changed function call structure
8	Replaced Comparator implementation with a method reference (::) causing unexpected runtime behavior
8	Changed an argument to a lambda expression
8	Modified sorting logic by introducing an inline comparator leading to compilation issues
8	Introduced a lambda function with () -> syntax which altered function resolution
17	Replaced Java's sort with its implementation causing an ambiguous method reference
8	Refactored a comparator to use a lambda instead of an anonymous class which simplified the code
8	Changed an argument to a lambda expression which altered function resolution
8	Changed inline comparator logic to use reversed order leading to an invalid lambda expression
8	Updated a functional interface method to use a lambda implementation which improved efficiency
8	Replaced Java's sort with its implementation without updating dependent functions
8	Added inline comparator or lambda resulting in incorrect ordering
8	Introduced a lambda function to simplify a callback interface which improved readability
8	Changed ordering methods to work with a Map using a lambda introducing functional programming concepts
8	Used a lambda function instead of defining a separate method leading to an invalid lambda expression
8	Refactored a comparator to use a lambda instead of an anonymous class leading to compilation issues
8	Converted a traditional loop into a lambda-based stream operation which improved readability
8	Replaced an explicit function call with a lambda that changed function call structure
8	Modified sorting logic by introducing an inline comparator that changed function call structure
8	Refactored a comparator to use Comparator.comparing() which improved efficiency
8	Replaced Comparator implementation with a method reference (::)
8	Refactored a comparator to use a lambda instead of an anonymous class introducing functional programming concepts
8	Modified sorting logic by introducing an inline comparator which improved efficiency
1	Replaced Java's sort with its implementation
8	Converted a traditional loop into a lambda-based stream operation which improved efficiency
8	Replaced hardcoded loop logic with a lambda-based collection operation resulting in incorrect ordering
8	Changed ordering methods to work with a Map using a lambda introducing functional programming concepts
8	Changed ordering methods to work with a Map using a lambda resulting in incorrect ordering
8	Introduced a lambda function to simplify a callback interface causing a type mismatch
8	Replaced hardcoded loop logic with a lambda-based collection operation causing a type mismatch
8	Modified sorting logic by introducing an inline comparator resulting in incorrect ordering
8	Refactored a comparator to use Comparator.comparing() without updating dependent functions
8	Converted an anonymous function to a lambda causing an ambiguous method reference
8	Introduced a lambda function with () -> syntax resulting in incorrect ordering
8	Introduced a functional interface and replaced method calls with lambdas introducing functional programming concepts
8	Converted filter logic to use a lambda expression
8	Updated a functional interface method to use a lambda implementation causing a type mismatch
8	Used a lambda function instead of defining a separate method resulting in incorrect ordering
8	Updated a functional interface method to use a lambda implementation causing unexpected runtime behavior
8	Refactored event handling logic using an inline lambda
8	Changed ordering methods to work with a Map using a lambda leading to compilation issues
8	Added inline comparator or lambda
8	Replaced hardcoded loop logic with a lambda-based collection operation resulting in incorrect ordering
8	Replaced Java's sort with its implementation introducing functional programming concepts
8	Modified sorting logic by introducing an inline comparator resulting in incorrect ordering
8	Refactored a comparator to use a lambda instead of an anonymous class which altered function resolution
8	Introduced a lambda function with () -> syntax leading to compilation issues
8	Converted filter logic to use a lambda expression
8	Refactored event handling logic using an inline lambda causing unexpected runtime behavior
8	Converted filter logic to use a lambda expression causing unexpected runtime behavior
8	Introduced a lambda expression in a function call parameter causing an ambiguous method reference
8	Introduced a functional interface and replaced method calls with lambdas introducing functional programming concepts
0	Includes inlining of implementations (sort, methods...) that changed function call structure
8	Updated a functional interface method to use a lambda implementation which improved readability
8	Converted an anonymous function to a lambda leading to compilation issues
8	Replaced Comparator implementation with a method reference (::) without updating dependent functions
8	Introduced a lambda function to simplify a callback interface causing unexpected runtime behavior
8	Changed ordering methods to work with a Map using a lambda which improved efficiency
8	Used a lambda function to replace a single-use anonymous inner class resulting in incorrect ordering
8	Introduced a functional interface and replaced method calls with lambdas that changed function call structure
8	Changed an argument to a lambda expression
8	Introduced a lambda function with () -> syntax that changed function call structure
8	Updated a functional interface method to use a lambda implementation which altered function resolution
8	Introduced a lambda function to simplify a callback interface introducing functional programming concepts
8	Introduced a lambda function with () -> syntax causing unexpected runtime behavior
8	Refactored a comparator to use a lambda instead of an anonymous class causing a type mismatch
17	Includes inlining of implementations (sort, methods...) causing an ambiguous method reference
6	Replaced hardcoded loop logic with a lambda-based collection operation which improved readability
8	Introduced a lambda function with () -> syntax resulting in incorrect ordering
8	Introduced a lambda function with () -> syntax which improved efficiency
8	Changed inline comparator logic to use reversed order leading to an invalid lambda expression
8	Introduced a lambda function to simplify a callback interface which improved efficiency
8	Introduced a lambda function with () -> syntax leading to an invalid lambda expression
8	Introduced a lambda function with () -> syntax leading to compilation issues
8	Refactored a comparator to use Comparator.comparing() without updating dependent functions
8	Modified sorting logic by introducing an inline comparator without updating dependent functions
8	Converted a traditional loop into a lambda-based stream operation which improved efficiency
8	Converted a traditional loop into a lambda-based stream operation
8	Replaced an explicit function call with a lambda introducing functional programming concepts
8	Converted filter logic to use a lambda expression causing unexpected runtime behavior
8	Introduced a lambda function with () -> syntax leading to an invalid lambda expression
8	Changed ordering methods to work with a Map using a lambda
8	Introduced a functional interface and replaced method calls with lambdas introducing functional programming concepts
8	Introduced a functional interface and replaced method calls with lambdas which improved efficiency
0	Includes inlining of implementations (sort, methods...) which altered function resolution
8	Modified sorting logic by introducing an inline comparator which improved readability
8	Changed inline comparator logic to use reversed order causing a type mismatch
8	Introduced a lambda function to simplify a callback interface resulting in incorrect ordering
8	Converted an anonymous function to a lambda which simplified the code
8	Converted filter logic to use a lambda expression causing unexpected runtime behavior
8	Used a lambda function instead of defining a separate method causing a type mismatch
8	Refactored a comparator to use a lambda instead of an anonymous class which altered function resolution
8	Added inline comparator or lambda causing a type mismatch
8	Modified sorting logic by introducing an inline comparator which improved readability
8	Replaced hardcoded loop logic with a lambda-based collection operation leading to an invalid lambda expression
8	Introduced a functional interface and replaced method calls with lambdas that changed function call structure
8	Used a lambda function instead of defining a separate method causing a type mismatch
8	Introduced a lambda function with () -> syntax that changed function call structure
8	Added inline comparator or lambda which simplified the code
8	Converted filter logic to use a lambda expression without updating dependent functions
8	Changed ordering methods to work with a Map using a lambda leading to an invalid lambda expression
8	Includes inlining of implementations (sort, methods...) resulting in incorrect ordering
8	Refactored a comparator to use Comparator.comparing()
8	Refactored event handling logic using an inline lambda causing unexpected runtime behavior
8	Replaced Comparator implementation with a method reference (::) that changed function call structure
8	Introduced a lambda function to simplify a callback interface that changed function call structure
8	Introduced a functional interface and replaced method calls with lambdas causing an ambiguous method reference
8	Refactored event handling logic using an inline lambda leading to an invalid lambda expression
8	Changed inline comparator logic to use reversed order causing unexpected runtime behavior
8	Modified sorting logic by introducing an inline comparator introducing functional programming concepts
8	Converted an anonymous function to a lambda which altered function resolution
8	Converted an anonymous function to a lambda resulting in incorrect ordering
8	Includes inlining of implementations (sort, methods...) which improved efficiency
8	Introduced a lambda function to simplify a callback interface leading to compilation issues
8	Converted a traditional loop into a lambda-based stream operation that changed function call structure
8	Used a lambda function to replace a single-use anonymous inner class that changed function call structure
8	Updated a functional interface method to use a lambda implementation which simplified the code
8	Refactored event handling logic using an inline lambda resulting in incorrect ordering
8	Refactored a comparator to use Comparator.comparing() which altered function resolution
13	Replaced Java's sort with its implementation which improved efficiency
8	Used a lambda function instead of defining a separate method which improved readability
8	Converted an anonymous function to a lambda which improved readability
8	Refactored a comparator to use Comparator.comparing() leading to compilation issues
8	Replaced Comparator implementation with a method reference (::)
8	Refactored a comparator to use a lambda instead of an anonymous class that changed function call structure
8	Changed ordering methods to work with a Map using a lambda
8	Used a lambda function to replace a single-use anonymous inner class which improved efficiency
8	Changed inline comparator logic to use reversed order
8	Introduced a lambda expression in a function call parameter resulting in incorrect ordering
8	Modified sorting logic by introducing an inline comparator which improved readability
8	Converted an anonymous function to a lambda without updating dependent functions
8	Includes inlining of implementations (sort, methods...) resulting in incorrect ordering
8	Introduced a lambda function with () -> syntax without updating dependent functions
8	Converted an anonymous function to a lambda without updating dependent functions
8	Replaced Comparator implementation with a method reference (::) which improved readability
8	Introduced a lambda function with () -> syntax which improved efficiency
8	Updated a functional interface method to use a lambda implementation which altered function resolution
8	Introduced a lambda function with () -> syntax
8	Includes inlining of implementations (sort, methods...) introducing functional programming concepts
8	Added inline comparator or lambda causing unexpected runtime behavior
8	Changed ordering methods to work with a Map using a lambda
8	Introduced a functional interface and replaced method calls with lambdas leading to an invalid lambda expression
8	Used a lambda function to replace a single-use anonymous inner class introducing functional programming concepts
8	Replaced an explicit function call with a lambda causing a type mismatch
8	Introduced a lambda expression in a function call parameter which altered function resolution
8	Converted an anonymous function to a lambda which improved readability
8	Introduced a lambda expression in a function call parameter leading to an invalid lambda expression
8	Modified sorting logic by introducing an inline comparator without updating dependent functions
8	Includes inlining of implementations (sort, methods...)
8	Changed an argument to a lambda expression leading to compilation issues
8	Introduced a lambda function to simplify a callback interface causing unexpected runtime behavior
8	Used a lambda function to replace a single-use anonymous inner class which improved efficiency
8	Used a lambda function to replace a single-use anonymous inner class which simplified the code
8	Refactored event handling logic using an inline lambda leading to an invalid lambda expression
8	Converted filter logic to use a lambda expression which simplified the code
8	Converted an anonymous function to a lambda without updating dependent functions
8	Converted a traditional loop into a lambda-based stream operation leading to compilation issues
1	Replaced Java's sort with its implementation leading to compilation issues
8	Used a lambda function instead of defining a separate method leading to compilation issues
8	Modified sorting logic by introducing an inline comparator that changed function call structure
8	Refactored event handling logic using an inline lambda
8	Changed ordering methods to work with a Map using a lambda which altered function resolution
8	Introduced a lambda function to simplify a callback interface which improved efficiency
8	Includes inlining of implementations (sort, methods...) which improved efficiency
8	Introduced a lambda expression in a function call parameter without updating dependent functions
1	Replaced Java's sort with its implementation which improved readability
8	Replaced hardcoded loop logic with a lambda-based collection operation causing an ambiguous method reference
8	Used a lambda function to replace a single-use anonymous inner class which simplified the code
8	Changed ordering methods to work with a Map using a lambda which simplified the code
8	Refactored event handling logic using an inline lambda without updating dependent functions
8	Used a lambda function to replace a single-use anonymous inner class
8	Converted a traditional loop into a lambda-based stream operation which simplified the code
8	Refactored a comparator to use a lambda instead of an anonymous class without updating dependent functions
8	Converted an anonymous function to a lambda causing an ambiguous method reference
8	Used a lambda function instead of defining a separate method without updating dependent functions
8	Added inline comparator or lambda which improved readability
8	Refactored a comparator to use Comparator.comparing() which simplified the code
8	Refactored a comparator to use a lambda instead of an anonymous class which improved readability
8	Used a lambda function to replace a single-use anonymous inner class which simplified the code
8	Used a lambda function to replace a single-use anonymous inner class causing unexpected runtime behavior
8	Changed an argument to a lambda expression which improved readability
8	Replaced Java's sort with its implementation introducing functional programming concepts
8	Modified sorting logic by introducing an inline comparator introducing functional programming concepts
8	Replaced Comparator implementation with a method reference (::) introducing functional programming concepts
4	Added exception-handling constructs (unreachable or reachable)
4	tried to rewrite directory creation and encompass it into a try/catch block for Runtime exceptions, deleted assignment of newly created directory
4	exception handling
4	adds a try except and tests if object is null
12	deleted comment, add try and catch
4	add try and catch
4	Adds a non-working check that should throw an exception.
4	Added try and catch statements ; Seems that it forget to add relevant imports to the exceptions data types
4	surround throw statement with try and catch block
4	Adds try-catch statement
4	Adds error handeling
12	Adds a space to a comment + adds new comment + changes the throw statement to throw a more generic exception
4	Created an empty catch block that does nothing
4	Created an empty catch block that does nothing which is never executed
4	Changed exception type from specific to generic which logs but does not rethrow errors
4	Added try and catch with an empty catch block that does nothing causing unintended exception propagation
4	Introduced exception propagation instead of handling errors causing an exception type mismatch
4	Introduced redundant exception handling around an already checked operation
4	Wrapped directory creation logic inside a try-catch block that results in unhandled exceptions
4	Added exception handling but forgot to import relevant exception types without modifying existing logic
4	Added try-catch but did not handle the exception meaningfully which logs but does not rethrow errors
4	Introduced a redundant try-catch block that always catches Exception which leads to unnecessary exception suppression
4	Added try and catch with an empty catch block that does nothing causing an exception type mismatch
4	Introduced a redundant try-catch block that always catches Exception which leads to unnecessary exception suppression
4	Added a try-catch block around file operations that does not correctly catch expected exceptions
4	Added nested try-catch blocks unnecessarily that results in unhandled exceptions
4	Added error handling for null pointer cases causing an exception type mismatch
4	Surrounded a risky method call with try and catch leading to unreachable code
4	Surrounded a risky method call with try and catch without modifying existing logic
4	Added try-catch but did not handle the exception meaningfully that results in unhandled exceptions
4	Wrapped a block of code inside a try-catch statement that does not correctly catch expected exceptions
4	Added a finally block but left it empty that results in unhandled exceptions
4	Introduced a redundant try-catch block that always catches Exception introducing redundant error handling
11	Added a finally block but left it empty without modifying existing logic
4	Introduced exception propagation instead of handling errors that does not correctly catch expected exceptions
4	Added error handling for null pointer cases causing unintended exception propagation
4	Added try and catch with an empty catch block that does nothing which caused compilation errors
4	Introduced exception handling for a function that previously had none which logs but does not rethrow errors
4	Surrounded a risky method call with try and catch leading to unreachable code
4	Introduced exception handling for a function that previously had none that does not improve error handling
4	Added a try block but failed to catch the correct exception type that does not improve error handling
4	Added exception handling but forgot to import relevant exception types causing unintended exception propagation
4	Added nested try-catch blocks unnecessarily introducing redundant error handling
4	Introduced exception propagation instead of handling errors
4	Introduced exception propagation instead of handling errors leading to unreachable code
4	Modified function to rethrow exceptions instead of handling them which caused compilation errors
4	Added exception handling in a method that does not throw exceptions that results in unhandled exceptions
4	Surrounded a throw statement with a try-catch block introducing redundant error handling
4	Added try-catch but did not handle the exception meaningfully causing an exception type mismatch
4	Introduced redundant exception handling around an already checked operation that results in unhandled exceptions
4	Added nested try-catch blocks unnecessarily without modifying existing logic
4	Introduced an exception-catching mechanism without throwing a meaningful error leading to unreachable code
4	Added try-catch but did not handle the exception meaningfully which leads to unnecessary exception suppression
4	Added try and catch with an empty catch block that does nothing causing an exception type mismatch
4	Added a try-catch block around file operations without modifying existing logic
4	Surrounded a throw statement with a try-catch block which caused compilation errors
4	Introduced exception handling for a function that previously had none which logs but does not rethrow errors
4	Added try-catch but did not handle the exception meaningfully causing an exception type mismatch
4	Added a try-catch block around file operations that results in unhandled exceptions
4	Added try and catch with an empty catch block that does nothing that does not improve error handling
4	Added a try block but failed to catch the correct exception type that does not improve error handling
4	Added error handling for null pointer cases
4	Added exception handling but forgot to import relevant exception types introducing redundant error handling
4	Introduced an exception-catching mechanism without throwing a meaningful error which leads to unnecessary exception suppression
4	Introduced an exception-catching mechanism without throwing a meaningful error which logs but does not rethrow errors
4	Surrounded a throw statement with a try-catch block which leads to unnecessary exception suppression
4	Wrapped directory creation logic inside a try-catch block leading to unreachable code
4	Added exception suppression with a catch block that logs nothing which leads to unnecessary exception suppression
4	Added nested try-catch blocks unnecessarily which caused compilation errors
4	Added try and catch but left the catch block empty that results in unhandled exceptions
4	Added exception-handling constructs (unreachable or reachable) causing unintended exception propagation
4	Surrounded a risky method call with try and catch leading to unreachable code
4	Introduced an exception-catching mechanism without throwing a meaningful error
4	Changed exception type from specific to generic that does not improve error handling
4	Modified function to rethrow exceptions instead of handling them leading to unreachable code
4	Added a try block but failed to catch the correct exception type causing unintended exception propagation
1	Changed exception type from specific to generic causing an exception type mismatch
4	Surrounded a throw statement with a try-catch block which logs but does not rethrow errors
4	Wrapped a block of code inside a try-catch statement that results in unhandled exceptions
4	Added exception handling but forgot to import relevant exception types causing unintended exception propagation
4	Surrounded a throw statement with a try-catch block that does not correctly catch expected exceptions
4	Refactored error handling to catch a more generic exception causing unintended exception propagation
1	Changed exception type from specific to generic which caused compilation errors
4	Added try-catch but did not handle the exception meaningfully that does not improve error handling
4	Surrounded a risky method call with try and catch that does not improve error handling
4	Surrounded a throw statement with a try-catch block leading to unreachable code
4	Added exception suppression with a catch block that logs nothing causing an exception type mismatch
4	Wrapped a block of code inside a try-catch statement which leads to unnecessary exception suppression
4	Added exception suppression with a catch block that logs nothing that does not correctly catch expected exceptions
4	Introduced exception handling for a function that previously had none causing an exception type mismatch
4	Added exception handling but forgot to import relevant exception types leading to unreachable code
4	Added try and catch with an empty catch block that does nothing which caused compilation errors
4	Refactored error handling to catch a more generic exception that does not correctly catch expected exceptions
4	Wrapped directory creation logic inside a try-catch block that results in unhandled exceptions
4	Modified function to rethrow exceptions instead of handling them that does not improve error handling
4	Surrounded a throw statement with a try-catch block which logs but does not rethrow errors
4	Added exception handling but forgot to import relevant exception types which logs but does not rethrow errors
4	Wrapped directory creation logic inside a try-catch block causing unintended exception propagation
4	Introduced redundant exception handling around an already checked operation that results in unhandled exceptions
4	Surrounded a risky method call with try and catch which logs but does not rethrow errors
4	Added exception-handling constructs (unreachable or reachable) that does not correctly catch expected exceptions
4	Added error handling for null pointer cases without modifying existing logic
4	Added try-catch but did not handle the exception meaningfully that results in unhandled exceptions
4	Introduced an exception-catching mechanism without throwing a meaningful error without modifying existing logic
4	Added a try block but failed to catch the correct exception type leading to unreachable code
4	Refactored error handling to catch a more generic exception which logs but does not rethrow errors
4	Wrapped a block of code inside a try-catch statement which leads to unnecessary exception suppression
4	Added try and catch but left the catch block empty which caused compilation errors
1	Changed exception type from specific to generic without modifying existing logic
4	Modified function to rethrow exceptions instead of handling them that does not correctly catch expected exceptions
4	Added exception handling but forgot to import relevant exception types which leads to unnecessary exception suppression
4	Added exception handling in a method that does not throw exceptions which leads to unnecessary exception suppression
4	Wrapped a block of code inside a try-catch statement causing unintended exception propagation
4	Introduced exception propagation instead of handling errors introducing redundant error handling
4	Added exception-handling constructs (unreachable or reachable) which leads to unnecessary exception suppression
4	Introduced exception propagation instead of handling errors without modifying existing logic
4	Added exception handling in a method that does not throw exceptions without modifying existing logic
4	Added exception-handling constructs (unreachable or reachable) which logs but does not rethrow errors
4	Surrounded a throw statement with a try-catch block that results in unhandled exceptions
4	Surrounded a throw statement with a try-catch block that does not improve error handling
4	Added try and catch but left the catch block empty introducing redundant error handling
4	Added nested try-catch blocks unnecessarily that does not improve error handling
4	Added a try block but failed to catch the correct exception type which logs but does not rethrow errors
4	Introduced exception handling for a function that previously had none which logs but does not rethrow errors
4	Added exception handling but forgot to import relevant exception types leading to unreachable code
4	Modified function to rethrow exceptions instead of handling them leading to unreachable code
4	Introduced an exception-catching mechanism without throwing a meaningful error causing unintended exception propagation
4	Added try-catch but did not handle the exception meaningfully which logs but does not rethrow errors
4	Added try and catch but left the catch block empty that does not improve error handling
4	Introduced an exception-catching mechanism without throwing a meaningful error that does not correctly catch expected exceptions
4	Refactored error handling to catch a more generic exception leading to unreachable code
4	Introduced exception handling for a function that previously had none that does not correctly catch expected exceptions
4	Introduced exception handling for a function that previously had none introducing redundant error handling
4	Added try and catch with an empty catch block that does nothing that results in unhandled exceptions
4	Introduced an exception-catching mechanism without throwing a meaningful error introducing redundant error handling
4	Surrounded a risky method call with try and catch without modifying existing logic
4	Added try and catch but left the catch block empty that does not correctly catch expected exceptions
4	Wrapped a block of code inside a try-catch statement without modifying existing logic
4	Added a try block but failed to catch the correct exception type without modifying existing logic
4	Added try and catch with an empty catch block that does nothing which caused compilation errors
4	Added error handling for null pointer cases without modifying existing logic
4	Added a finally block but left it empty causing unintended exception propagation
4	Added exception handling but forgot to import relevant exception types that does not correctly catch expected exceptions
4	Added exception suppression with a catch block that logs nothing leading to unreachable code
4	Surrounded a throw statement with a try-catch block that does not improve error handling
4	Added try and catch but left the catch block empty which logs but does not rethrow errors
4	Wrapped a block of code inside a try-catch statement without modifying existing logic
4	Added exception suppression with a catch block that logs nothing causing unintended exception propagation
4	Added a try-catch block around file operations causing an exception type mismatch
4	Modified function to rethrow exceptions instead of handling them which logs but does not rethrow errors
4	Refactored error handling to catch a more generic exception without modifying existing logic
4	Introduced exception propagation instead of handling errors causing unintended exception propagation
4	Added exception suppression with a catch block that logs nothing without modifying existing logic
3	Added a finally block but left it empty
4	Added try and catch with an empty catch block that does nothing causing unintended exception propagation
4	Introduced exception handling for a function that previously had none which leads to unnecessary exception suppression
4	Surrounded a throw statement with a try-catch block that does not improve error handling
4	Added a try block but failed to catch the correct exception type leading to unreachable code
4	Added try-catch but did not handle the exception meaningfully without modifying existing logic
4	Added a try-catch block around file operations which caused compilation errors
4	Added try and catch with an empty catch block that does nothing that results in unhandled exceptions
4	Modified function to rethrow exceptions instead of handling them causing unintended exception propagation
4	Wrapped directory creation logic inside a try-catch block which logs but does not rethrow errors
4	Refactored error handling to catch a more generic exception which logs but does not rethrow errors
4	Introduced an exception-catching mechanism without throwing a meaningful error which leads to unnecessary exception suppression
4	Added try and catch but left the catch block empty which logs but does not rethrow errors
4	Refactored error handling to catch a more generic exception
4	Modified function to rethrow exceptions instead of handling them
4	Added error handling for null pointer cases leading to unreachable code
4	Added exception-handling constructs (unreachable or reachable) which caused compilation errors
4	Added try and catch with an empty catch block that does nothing leading to unreachable code
4	Introduced redundant exception handling around an already checked operation which caused compilation errors
4	Introduced redundant exception handling around an already checked operation which leads to unnecessary exception suppression
4	Added a try block but failed to catch the correct exception type that does not improve error handling
4	Modified function to rethrow exceptions instead of handling them causing an exception type mismatch
4	Added a try block but failed to catch the correct exception type leading to unreachable code
4	Wrapped directory creation logic inside a try-catch block that results in unhandled exceptions
4	Wrapped directory creation logic inside a try-catch block which leads to unnecessary exception suppression
4	Added error handling for null pointer cases which leads to unnecessary exception suppression
4	Added try-catch but did not handle the exception meaningfully which caused compilation errors
4	Added nested try-catch blocks unnecessarily that results in unhandled exceptions
4	Wrapped directory creation logic inside a try-catch block without modifying existing logic
4	Surrounded a throw statement with a try-catch block causing unintended exception propagation
1	Changed exception type from specific to generic
4	Added a finally block but left it empty that results in unhandled exceptions
4	Introduced redundant exception handling around an already checked operation that does not correctly catch expected exceptions
3	Added a finally block but left it empty which caused compilation errors
4	Added a finally block but left it empty which logs but does not rethrow errors
4	Added exception handling in a method that does not throw exceptions introducing redundant error handling
4	Introduced exception propagation instead of handling errors which caused compilation errors
4	Added error handling for null pointer cases which caused compilation errors
4	Added exception handling but forgot to import relevant exception types which leads to unnecessary exception suppression
4	Refactored error handling to catch a more generic exception which leads to unnecessary exception suppression
4	Changed exception type from specific to generic which leads to unnecessary exception suppression
4	Introduced a redundant try-catch block that always catches Exception without modifying existing logic
4	Added a try-catch block around file operations that does not correctly catch expected exceptions
4	Added a finally block but left it empty that does not improve error handling
4	Surrounded a risky method call with try and catch which logs but does not rethrow errors
4	Refactored error handling to catch a more generic exception
4	Refactored error handling to catch a more generic exception without modifying existing logic
4	Added exception handling but forgot to import relevant exception types causing unintended exception propagation
4	Added exception-handling constructs (unreachable or reachable) causing an exception type mismatch
4	Introduced redundant exception handling around an already checked operation that does not correctly catch expected exceptions
4	Added try and catch but left the catch block empty that does not correctly catch expected exceptions
4	Surrounded a risky method call with try and catch that does not improve error handling
4	Added exception-handling constructs (unreachable or reachable) causing unintended exception propagation
4	Introduced exception propagation instead of handling errors without modifying existing logic
4	Surrounded a risky method call with try and catch causing unintended exception propagation
4	Added try and catch but left the catch block empty which logs but does not rethrow errors
4	Added exception handling but forgot to import relevant exception types leading to unreachable code
4	Added exception handling but forgot to import relevant exception types leading to unreachable code
4	Added try and catch but left the catch block empty
4	Added try and catch but left the catch block empty
1	Changed exception type from specific to generic without modifying existing logic
4	Added exception handling in a method that does not throw exceptions which logs but does not rethrow errors
4	Changed exception type from specific to generic that results in unhandled exceptions
4	Added a try block but failed to catch the correct exception type which logs but does not rethrow errors
4	Added error handling for null pointer cases that does not improve error handling
4	Introduced exception handling for a function that previously had none which caused compilation errors
4	Introduced a redundant try-catch block that always catches Exception introducing redundant error handling
4	Wrapped directory creation logic inside a try-catch block that does not improve error handling
4	Added exception handling in a method that does not throw exceptions leading to unreachable code
3	Added a finally block but left it empty
4	Modified function to rethrow exceptions instead of handling them leading to unreachable code
4	Added a try-catch block around file operations without modifying existing logic
4	Introduced exception propagation instead of handling errors leading to unreachable code
4	Added exception handling but forgot to import relevant exception types introducing redundant error handling
4	Wrapped directory creation logic inside a try-catch block introducing redundant error handling
4	Added exception handling in a method that does not throw exceptions that does not improve error handling
4	Added a finally block but left it empty which logs but does not rethrow errors
4	Added exception suppression with a catch block that logs nothing without modifying existing logic
4	Added exception handling but forgot to import relevant exception types that results in unhandled exceptions
4	Added exception suppression with a catch block that logs nothing
4	Changed exception type from specific to generic that results in unhandled exceptions
4	Added exception-handling constructs (unreachable or reachable) without modifying existing logic
1	Changed exception type from specific to generic causing unintended exception propagation
4	Introduced redundant exception handling around an already checked operation causing an exception type mismatch
4	Introduced a redundant try-catch block that always catches Exception that does not correctly catch expected exceptions
4	Surrounded a throw statement with a try-catch block that does not improve error handling
4	Added a try block but failed to catch the correct exception type which logs but does not rethrow errors
4	Introduced a redundant try-catch block that always catches Exception
4	Added exception handling in a method that does not throw exceptions that results in unhandled exceptions
4	Added try-catch but did not handle the exception meaningfully leading to unreachable code
4	Surrounded a risky method call with try and catch leading to unreachable code
4	Introduced a redundant try-catch block that always catches Exception causing unintended exception propagation
4	Added try-catch but did not handle the exception meaningfully without modifying existing logic
4	Added a try-catch block around file operations
4	Added a try block but failed to catch the correct exception type that does not correctly catch expected exceptions
4	Added error handling for null pointer cases that does not correctly catch expected exceptions
4	Added a try-catch block around file operations causing an exception type mismatch
4	Modified function to rethrow exceptions instead of handling them that does not improve error handling
4	Surrounded a risky method call with try and catch which caused compilation errors
4	Added a try block but failed to catch the correct exception type which leads to unnecessary exception suppression
4	Added try-catch but did not handle the exception meaningfully causing an exception type mismatch
4	Surrounded a risky method call with try and catch causing an exception type mismatch
4	Added exception-handling constructs (unreachable or reachable) that does not correctly catch expected exceptions
4	Added try and catch with an empty catch block that does nothing introducing redundant error handling
4	Added try and catch but left the catch block empty without modifying existing logic
4	Surrounded a risky method call with try and catch
4	Introduced exception handling for a function that previously had none that results in unhandled exceptions
4	Added exception suppression with a catch block that logs nothing leading to unreachable code
4	Added a try block but failed to catch the correct exception type that results in unhandled exceptions
4	Wrapped a block of code inside a try-catch statement causing an exception type mismatch
4	Introduced exception handling for a function that previously had none that does not correctly catch expected exceptions
4	Added exception suppression with a catch block that logs nothing which logs but does not rethrow errors
4	Modified function to rethrow exceptions instead of handling them that does not correctly catch expected exceptions
4	Added exception handling in a method that does not throw exceptions that results in unhandled exceptions
4	Wrapped a block of code inside a try-catch statement that results in unhandled exceptions
4	Changed exception type from specific to generic that does not correctly catch expected exceptions
4	Added exception handling but forgot to import relevant exception types that does not improve error handling
4	Introduced an exception-catching mechanism without throwing a meaningful error causing an exception type mismatch
4	Surrounded a throw statement with a try-catch block which caused compilation errors
4	Modified function to rethrow exceptions instead of handling them leading to unreachable code
4	Introduced a redundant try-catch block that always catches Exception causing an exception type mismatch
4	Added exception handling but forgot to import relevant exception types introducing redundant error handling
4	Added exception suppression with a catch block that logs nothing leading to unreachable code
4	Changed exception type from specific to generic which leads to unnecessary exception suppression
4	Introduced redundant exception handling around an already checked operation introducing redundant error handling
4	Introduced an exception-catching mechanism without throwing a meaningful error which logs but does not rethrow errors
4	Added try and catch but left the catch block empty that results in unhandled exceptions
4	Added a try block but failed to catch the correct exception type which leads to unnecessary exception suppression
4	Added a finally block but left it empty that does not correctly catch expected exceptions
4	Added error handling for null pointer cases
4	Added a try-catch block around file operations which logs but does not rethrow errors
4	Added try and catch but left the catch block empty without modifying existing logic
4	Surrounded a risky method call with try and catch introducing redundant error handling
4	Refactored error handling to catch a more generic exception that results in unhandled exceptions
4	Introduced an exception-catching mechanism without throwing a meaningful error introducing redundant error handling
4	Introduced redundant exception handling around an already checked operation leading to unreachable code
4	Added a try block but failed to catch the correct exception type leading to unreachable code
4	Added try and catch with an empty catch block that does nothing causing an exception type mismatch
4	Added exception suppression with a catch block that logs nothing without modifying existing logic
4	Refactored error handling to catch a more generic exception that does not correctly catch expected exceptions
4	Surrounded a risky method call with try and catch leading to unreachable code
4	Changed exception type from specific to generic which logs but does not rethrow errors
4	Added a try-catch block around file operations
4	Added exception suppression with a catch block that logs nothing that does not correctly catch expected exceptions
4	Added a try block but failed to catch the correct exception type which caused compilation errors
4	Wrapped a block of code inside a try-catch statement that does not correctly catch expected exceptions
4	Introduced a redundant try-catch block that always catches Exception that results in unhandled exceptions
4	Modified function to rethrow exceptions instead of handling them causing unintended exception propagation
4	Added a try block but failed to catch the correct exception type that does not correctly catch expected exceptions
4	Introduced a redundant try-catch block that always catches Exception introducing redundant error handling
4	Added exception handling but forgot to import relevant exception types without modifying existing logic
4	Added exception handling but forgot to import relevant exception types which caused compilation errors
4	Surrounded a risky method call with try and catch
4	Added exception-handling constructs (unreachable or reachable) which leads to unnecessary exception suppression
4	Introduced exception propagation instead of handling errors that results in unhandled exceptions
4	Introduced exception handling for a function that previously had none which logs but does not rethrow errors
4	Added a finally block but left it empty which logs but does not rethrow errors
4	Introduced a redundant try-catch block that always catches Exception causing unintended exception propagation
4	Added try-catch but did not handle the exception meaningfully causing an exception type mismatch
4	Introduced exception handling for a function that previously had none causing unintended exception propagation
4	Added exception handling but forgot to import relevant exception types without modifying existing logic
4	Refactored error handling to catch a more generic exception that results in unhandled exceptions
4	Added a try block but failed to catch the correct exception type which logs but does not rethrow errors
4	Added try and catch with an empty catch block that does nothing which logs but does not rethrow errors
4	Added exception-handling constructs (unreachable or reachable) which caused compilation errors
4	Added nested try-catch blocks unnecessarily that does not improve error handling
4	Added nested try-catch blocks unnecessarily leading to unreachable code
4	Introduced a redundant try-catch block that always catches Exception leading to unreachable code
4	Added a finally block but left it empty that does not correctly catch expected exceptions
4	Added exception handling but forgot to import relevant exception types which caused compilation errors
4	Wrapped directory creation logic inside a try-catch block that does not correctly catch expected exceptions
4	Added exception suppression with a catch block that logs nothing which leads to unnecessary exception suppression
4	Surrounded a risky method call with try and catch which leads to unnecessary exception suppression
4	Added try-catch but did not handle the exception meaningfully introducing redundant error handling
4	Refactored error handling to catch a more generic exception that does not correctly catch expected exceptions
4	Surrounded a risky method call with try and catch without modifying existing logic
4	Introduced an exception-catching mechanism without throwing a meaningful error which leads to unnecessary exception suppression
4	Added try-catch but did not handle the exception meaningfully which leads to unnecessary exception suppression
4	Added nested try-catch blocks unnecessarily without modifying existing logic
4	Added exception handling but forgot to import relevant exception types which leads to unnecessary exception suppression
4	Added nested try-catch blocks unnecessarily which logs but does not rethrow errors
4	Introduced exception handling for a function that previously had none that does not improve error handling
4	Wrapped a block of code inside a try-catch statement causing an exception type mismatch
4	Surrounded a throw statement with a try-catch block which caused compilation errors
3	Added a finally block but left it empty which caused compilation errors
4	Modified function to rethrow exceptions instead of handling them that does not improve error handling
4	Added a finally block but left it empty which logs but does not rethrow errors
4	Added exception suppression with a catch block that logs nothing that does not correctly catch expected exceptions
4	Added try and catch but left the catch block empty
4	Added exception handling in a method that does not throw exceptions which logs but does not rethrow errors
4	Added exception handling but forgot to import relevant exception types which leads to unnecessary exception suppression
4	Wrapped directory creation logic inside a try-catch block leading to unreachable code
4	Modified function to rethrow exceptions instead of handling them which logs but does not rethrow errors
4	Added nested try-catch blocks unnecessarily which logs but does not rethrow errors
4	Added nested try-catch blocks unnecessarily without modifying existing logic
4	Introduced redundant exception handling around an already checked operation that does not correctly catch expected exceptions
4	Wrapped directory creation logic inside a try-catch block causing unintended exception propagation
4	Added a try-catch block around file operations causing unintended exception propagation
4	Added exception handling in a method that does not throw exceptions that does not improve error handling
1	Changed exception type from specific to generic causing an exception type mismatch
4	Added exception handling but forgot to import relevant exception types without modifying existing logic
4	Added try-catch but did not handle the exception meaningfully that does not correctly catch expected exceptions
4	Modified function to rethrow exceptions instead of handling them which caused compilation errors
4	Added error handling for null pointer cases that does not improve error handling
4	Introduced an exception-catching mechanism without throwing a meaningful error leading to unreachable code
4	Modified function to rethrow exceptions instead of handling them which logs but does not rethrow errors
4	Added exception-handling constructs (unreachable or reachable) that results in unhandled exceptions
4	Introduced an exception-catching mechanism without throwing a meaningful error leading to unreachable code
4	Introduced exception propagation instead of handling errors leading to unreachable code
4	Introduced exception propagation instead of handling errors leading to unreachable code
4	Added exception handling in a method that does not throw exceptions which logs but does not rethrow errors
4	Surrounded a risky method call with try and catch that does not correctly catch expected exceptions
4	Added try and catch with an empty catch block that does nothing that results in unhandled exceptions
4	Introduced exception propagation instead of handling errors that does not correctly catch expected exceptions
4	Introduced a redundant try-catch block that always catches Exception that does not correctly catch expected exceptions
4	Added try-catch but did not handle the exception meaningfully causing unintended exception propagation
4	Introduced exception propagation instead of handling errors introducing redundant error handling
4	Surrounded a throw statement with a try-catch block which logs but does not rethrow errors
4	Surrounded a risky method call with try and catch introducing redundant error handling
4	Added try-catch but did not handle the exception meaningfully causing an exception type mismatch
4	Refactored error handling to catch a more generic exception which caused compilation errors
4	Introduced a redundant try-catch block that always catches Exception which caused compilation errors
4	Introduced redundant exception handling around an already checked operation which logs but does not rethrow errors
4	Added exception handling but forgot to import relevant exception types which logs but does not rethrow errors
4	Added error handling for null pointer cases leading to unreachable code
4	Added exception handling in a method that does not throw exceptions causing unintended exception propagation
4	Introduced a redundant try-catch block that always catches Exception
4	Added exception-handling constructs (unreachable or reachable) which caused compilation errors
4	Added exception handling but forgot to import relevant exception types which leads to unnecessary exception suppression
4	Added exception suppression with a catch block that logs nothing which logs but does not rethrow errors
4	Added nested try-catch blocks unnecessarily that does not improve error handling
4	Added try and catch but left the catch block empty which caused compilation errors
4	Added a try-catch block around file operations
4	Added a finally block but left it empty that results in unhandled exceptions
4	Added exception-handling constructs (unreachable or reachable)
4	Introduced an exception-catching mechanism without throwing a meaningful error that results in unhandled exceptions
4	Added a try-catch block around file operations that does not correctly catch expected exceptions
4	Added exception suppression with a catch block that logs nothing that does not improve error handling
4	Introduced exception propagation instead of handling errors causing unintended exception propagation
4	Added try and catch with an empty catch block that does nothing that does not correctly catch expected exceptions
3	Added a finally block but left it empty
4	Added exception suppression with a catch block that logs nothing that does not improve error handling
4	Added exception handling but forgot to import relevant exception types which logs but does not rethrow errors
4	Introduced exception propagation instead of handling errors causing an exception type mismatch
4	Modified function to rethrow exceptions instead of handling them which caused compilation errors
4	Added a finally block but left it empty that does not improve error handling
4	Added a try block but failed to catch the correct exception type leading to unreachable code
4	Introduced a redundant try-catch block that always catches Exception which leads to unnecessary exception suppression
4	Changed exception type from specific to generic that does not correctly catch expected exceptions
4	Introduced exception handling for a function that previously had none causing an exception type mismatch
4	Introduced a redundant try-catch block that always catches Exception causing unintended exception propagation
4	Introduced exception handling for a function that previously had none
4	Wrapped directory creation logic inside a try-catch block which logs but does not rethrow errors
4	Surrounded a risky method call with try and catch that results in unhandled exceptions
4	Introduced an exception-catching mechanism without throwing a meaningful error that results in unhandled exceptions
4	Added nested try-catch blocks unnecessarily which leads to unnecessary exception suppression
4	Refactored error handling to catch a more generic exception which logs but does not rethrow errors
4	Added exception suppression with a catch block that logs nothing that does not improve error handling
4	Added error handling for null pointer cases introducing redundant error handling
4	Surrounded a risky method call with try and catch without modifying existing logic
4	Added try-catch but did not handle the exception meaningfully
4	Added nested try-catch blocks unnecessarily leading to unreachable code
4	Refactored error handling to catch a more generic exception that does not improve error handling
4	Added exception handling in a method that does not throw exceptions that results in unhandled exceptions
3	Added a finally block but left it empty
4	Introduced exception handling for a function that previously had none that results in unhandled exceptions
4	Surrounded a throw statement with a try-catch block causing an exception type mismatch
4	Added exception handling but forgot to import relevant exception types introducing redundant error handling
4	Added try and catch but left the catch block empty
4	Surrounded a risky method call with try and catch leading to unreachable code
4	Added try and catch but left the catch block empty that results in unhandled exceptions
4	Added exception handling but forgot to import relevant exception types causing an exception type mismatch
4	Added exception suppression with a catch block that logs nothing causing an exception type mismatch
4	Added try-catch but did not handle the exception meaningfully which caused compilation errors
4	Introduced redundant exception handling around an already checked operation causing unintended exception propagation
4	Added nested try-catch blocks unnecessarily which logs but does not rethrow errors
4	Added nested try-catch blocks unnecessarily introducing redundant error handling
4	Added try and catch with an empty catch block that does nothing which leads to unnecessary exception suppression
4	Wrapped directory creation logic inside a try-catch block
4	Wrapped a block of code inside a try-catch statement which leads to unnecessary exception suppression
4	Added exception handling in a method that does not throw exceptions that results in unhandled exceptions
4	Refactored error handling to catch a more generic exception introducing redundant error handling
4	Modified function to rethrow exceptions instead of handling them which logs but does not rethrow errors
4	Introduced exception handling for a function that previously had none
4	Introduced a redundant try-catch block that always catches Exception leading to unreachable code
4	Added a try-catch block around file operations which logs but does not rethrow errors
4	Wrapped directory creation logic inside a try-catch block that results in unhandled exceptions
4	Added try and catch but left the catch block empty that does not correctly catch expected exceptions
4	Added exception handling but forgot to import relevant exception types leading to unreachable code
4	Added a try block but failed to catch the correct exception type without modifying existing logic
4	Refactored error handling to catch a more generic exception which leads to unnecessary exception suppression
4	Refactored error handling to catch a more generic exception that results in unhandled exceptions
4	Added try and catch but left the catch block empty causing unintended exception propagation
4	Surrounded a risky method call with try and catch leading to unreachable code
4	Added a try-catch block around file operations that does not improve error handling
4	Added exception handling but forgot to import relevant exception types that does not improve error handling
4	Added error handling for null pointer cases which caused compilation errors
4	Added a try-catch block around file operations introducing redundant error handling
4	Added exception-handling constructs (unreachable or reachable) causing an exception type mismatch
4	Refactored error handling to catch a more generic exception which logs but does not rethrow errors
4	Added exception suppression with a catch block that logs nothing that results in unhandled exceptions
4	Wrapped a block of code inside a try-catch statement which caused compilation errors
4	Added try and catch with an empty catch block that does nothing causing an exception type mismatch
4	Added a finally block but left it empty causing unintended exception propagation
4	Added exception suppression with a catch block that logs nothing introducing redundant error handling
4	Added try-catch but did not handle the exception meaningfully that does not improve error handling
4	Added exception-handling constructs (unreachable or reachable) that does not improve error handling
4	Added exception handling in a method that does not throw exceptions that does not correctly catch expected exceptions
4	Introduced a redundant try-catch block that always catches Exception that results in unhandled exceptions
4	Added try and catch but left the catch block empty leading to unreachable code
4	Added error handling for null pointer cases which logs but does not rethrow errors
4	Introduced exception propagation instead of handling errors leading to unreachable code
4	Added try and catch but left the catch block empty introducing redundant error handling
4	Added a try-catch block around file operations that does not correctly catch expected exceptions
4	Added exception suppression with a catch block that logs nothing which logs but does not rethrow errors
4	Added error handling for null pointer cases introducing redundant error handling
4	Modified function to rethrow exceptions instead of handling them causing unintended exception propagation
4	Surrounded a risky method call with try and catch introducing redundant error handling
4	Added error handling for null pointer cases
4	Added error handling for null pointer cases without modifying existing logic
4	Added exception-handling constructs (unreachable or reachable) that does not correctly catch expected exceptions
4	Added exception-handling constructs (unreachable or reachable)
4	Surrounded a risky method call with try and catch that results in unhandled exceptions
4	Added nested try-catch blocks unnecessarily that does not improve error handling
4	Added exception-handling constructs (unreachable or reachable) that results in unhandled exceptions
4	Added error handling for null pointer cases which logs but does not rethrow errors
4	Added exception suppression with a catch block that logs nothing introducing redundant error handling
4	Added exception handling but forgot to import relevant exception types which logs but does not rethrow errors
4	Added exception handling in a method that does not throw exceptions which caused compilation errors
4	Refactored error handling to catch a more generic exception causing an exception type mismatch
4	Added try and catch with an empty catch block that does nothing which caused compilation errors
4	Wrapped directory creation logic inside a try-catch block leading to unreachable code
4	Added exception-handling constructs (unreachable or reachable) causing unintended exception propagation
4	Added try and catch but left the catch block empty that results in unhandled exceptions
4	Modified function to rethrow exceptions instead of handling them which leads to unnecessary exception suppression
4	Wrapped directory creation logic inside a try-catch block causing an exception type mismatch
4	Added a try block but failed to catch the correct exception type which logs but does not rethrow errors
4	Surrounded a throw statement with a try-catch block which logs but does not rethrow errors
4	Surrounded a throw statement with a try-catch block introducing redundant error handling
4	Added a try block but failed to catch the correct exception type introducing redundant error handling
4	Added error handling for null pointer cases without modifying existing logic
4	Added a try block but failed to catch the correct exception type which caused compilation errors
4	Wrapped directory creation logic inside a try-catch block which caused compilation errors
4	Added try-catch but did not handle the exception meaningfully which leads to unnecessary exception suppression
4	Added error handling for null pointer cases which logs but does not rethrow errors
1	Changed exception type from specific to generic causing an exception type mismatch
4	Added exception handling but forgot to import relevant exception types that does not correctly catch expected exceptions
4	Added try and catch with an empty catch block that does nothing causing unintended exception propagation
4	Added exception handling in a method that does not throw exceptions that results in unhandled exceptions
4	Added nested try-catch blocks unnecessarily which leads to unnecessary exception suppression
4	Added error handling for null pointer cases that does not improve error handling
4	Wrapped a block of code inside a try-catch statement causing unintended exception propagation
4	Added try and catch but left the catch block empty without modifying existing logic
4	Added exception handling but forgot to import relevant exception types that results in unhandled exceptions
4	Refactored error handling to catch a more generic exception leading to unreachable code
4	Added exception handling but forgot to import relevant exception types introducing redundant error handling
4	Introduced exception propagation instead of handling errors causing unintended exception propagation
4	Refactored error handling to catch a more generic exception leading to unreachable code
4	Added exception-handling constructs (unreachable or reachable) introducing redundant error handling
1	Changed exception type from specific to generic causing unintended exception propagation
4	Added try and catch but left the catch block empty causing an exception type mismatch
15	Added extra brakets
16	Added brackets around an expression in a list of arguments
16	Added braces around an if statement body
16	Added brackets around an expression
16	Added brackets around an expression
16	Added brackets around an expression
16	Added brackets around a condition affecting how indentation looks
16	Added unnecessary brackets around an expression even though they were not required
16	Added brackets around a condition to be consistent with other blocks
16	Encapsulated a condition with extra braces to be consistent with other blocks
16	Introduced extra curly brackets in a method which might break linting rules
16	Inserted unnecessary brackets around a single statement
16	Added braces around an if statement body which changed nothing
16	Added brackets to a lambda expression for readability
5	Surrounded a return value with brackets which were unnecessary
6	Placed additional braces in a for loop affecting how indentation looks
16	Inserted unnecessary brackets around a single statement affecting how indentation looks
6	Placed additional braces in a for loop to match coding style
16	Added braces around an if statement body without affecting execution
16	Added brackets to a lambda expression making the code more verbose
6	Placed additional braces in a for loop for clarity
16	Added brackets to a lambda expression even though no functional difference
16	Added brackets to a lambda expression without affecting execution
16	Wrapped an entire block in extra braces for clarity
16	Wrapped function parameters with extra brackets without affecting execution
16	Added extra brackets which resulted in redundant syntax
16	Added extra brackets even though no functional difference
16	Placed redundant brackets in a return statement which might break linting rules
16	Introduced extra curly brackets in a method which were unnecessary
16	Introduced extra curly brackets in a method even though no functional difference
16	Inserted extra brackets in a method call making the code more verbose
16	Inserted extra brackets in a method call to match coding style
16	Added brackets to a lambda expression which resulted in redundant syntax
16	Added extra brackets which changed nothing
16	Added unnecessary brackets around an expression as a formatting change
16	Inserted unnecessary brackets around a single statement making the code more verbose
16	Introduced extra curly brackets in a method even though no functional difference
16	Added brackets around an expression even though they were not required
16	Inserted unnecessary brackets around a single statement for clarity
16	Added enclosing brackets to a switch statement
16	Introduced extra curly brackets in a method
16	Inserted extra brackets in a method call which resulted in redundant syntax
16	Wrapped function parameters with extra brackets affecting how indentation looks
16	Added brackets around a condition without affecting execution
6	Placed additional braces in a for loop which were unnecessary
16	Added braces around an if statement body which improved nesting structure
16	Added brackets to a lambda expression without affecting execution
16	Added enclosing brackets to a switch statement without affecting execution
16	Surrounded a return value with brackets which resulted in redundant syntax
16	Added braces where not needed for clarity
16	Added unnecessary brackets around an expression which changed nothing
16	Introduced extra curly brackets in a method even though no functional difference
16	Encapsulated a condition with extra braces affecting how indentation looks
16	Encapsulated a condition with extra braces making the code more verbose
16	Encapsulated a condition with extra braces which resulted in redundant syntax
16	Encapsulated a condition with extra braces making the code more verbose
16	Added brackets around a condition as a formatting change
16	Added redundant curly brackets around a block as a formatting change
16	Added enclosing brackets to a switch statement without affecting execution
6	Placed additional braces in a for loop which might break linting rules
16	Inserted unnecessary brackets around a single statement making the code more verbose
16	Encapsulated a ternary condition with brackets even though no functional difference
16	Encapsulated a ternary condition with brackets for readability
16	Inserted extra brackets in a method call to be consistent with other blocks
16	Added brackets around an expression for clarity
16	Placed redundant brackets in a return statement to be consistent with other blocks
16	Encapsulated a condition with extra braces which changed nothing
16	Added brackets around an expression to match coding style
16	Wrapped function parameters with extra brackets which were unnecessary
16	Wrapped an entire block in extra braces for clarity
16	Added unnecessary brackets around an expression
16	Wrapped an entire block in extra braces which were unnecessary
16	Added brackets around a condition to be consistent with other blocks
16	Inserted unnecessary brackets around a single statement which were unnecessary
0	Wrapped function parameters with extra brackets which changed nothing
16	Inserted extra brackets in a method call for clarity
16	Wrapped function parameters with extra brackets to avoid confusion
16	Inserted unnecessary brackets around a single statement affecting how indentation looks
16	Surrounded a return value with brackets which resulted in redundant syntax
6	Added braces around a while loop which changed nothing
16	Encapsulated a condition with extra braces for readability
6	Placed additional braces in a for loop to be consistent with other blocks
16	Placed redundant brackets in a return statement for readability
6	Placed additional braces in a for loop to be consistent with other blocks
16	Added braces around an if statement body which might break linting rules
16	Encapsulated a ternary condition with brackets without affecting execution
16	Added braces around an if statement body for readability
16	Introduced extra curly brackets in a method to match coding style
16	Encapsulated a condition with extra braces without affecting execution
16	Wrapped an entire block in extra braces which might break linting rules
16	Added braces around an if statement body for clarity
16	Introduced extra curly brackets in a method for readability
6	Placed additional braces in a for loop for readability
6	Placed additional braces in a for loop
16	Inserted unnecessary brackets around a single statement which improved nesting structure
16	Encapsulated a condition with extra braces which were unnecessary
16	Introduced extra curly brackets in a method affecting how indentation looks
16	Encapsulated a ternary condition with brackets to be consistent with other blocks
16	Inserted unnecessary brackets around a single statement making the code more verbose
16	Added enclosing brackets to a switch statement which were unnecessary
16	Added brackets around an expression for readability
16	Added braces around an if statement body without affecting execution
16	Wrapped an entire block in extra braces even though no functional difference
16	Added enclosing brackets to a switch statement for readability
16	Added brackets around a condition making the code more verbose
16	Introduced extra curly brackets in a method
16	Encapsulated a ternary condition with brackets for readability
6	Added braces around a while loop without affecting execution
16	Inserted extra brackets in a method call which improved nesting structure
16	Encapsulated a condition with extra braces making the code more verbose
16	Added brackets to a lambda expression which improved nesting structure
16	Added brackets around a condition which changed nothing
16	Added braces around an if statement body to match coding style
16	Wrapped an entire block in extra braces to be consistent with other blocks
16	Wrapped function parameters with extra brackets for clarity
16	Encapsulated a ternary condition with brackets for clarity
16	Added redundant curly brackets around a block which improved nesting structure
16	Added enclosing brackets to a switch statement to be consistent with other blocks
16	Inserted unnecessary brackets around a single statement for readability
16	Added enclosing brackets to a switch statement without affecting execution
16	Inserted unnecessary brackets around a single statement which were unnecessary
16	Introduced extra curly brackets in a method which resulted in redundant syntax
16	Placed redundant brackets in a return statement for readability
16	Inserted extra brackets in a method call affecting how indentation looks
6	Added braces around a while loop without affecting execution
16	Added unnecessary brackets around an expression for clarity
6	Added braces around a while loop to be consistent with other blocks
16	Surrounded a return value with brackets for clarity
16	Inserted unnecessary brackets around a single statement for clarity
16	Inserted extra brackets in a method call even though no functional difference
16	Added brackets around an expression to match coding style
16	Introduced extra curly brackets in a method for clarity
16	Inserted extra brackets in a method call as a formatting change
16	Encapsulated a condition with extra braces which were unnecessary
16	Added unnecessary brackets around an expression to avoid confusion
16	Wrapped an entire block in extra braces which resulted in redundant syntax
6	Added braces around a while loop which improved nesting structure
16	Added enclosing brackets to a switch statement to be consistent with other blocks
16	Added brackets to a lambda expression even though they were not required
16	Introduced extra curly brackets in a method for readability
16	Wrapped an entire block in extra braces for readability
16	Wrapped an entire block in extra braces as a formatting change
16	Inserted unnecessary brackets around a single statement which improved nesting structure
6	Placed additional braces in a for loop which were unnecessary
16	Inserted unnecessary brackets around a single statement which resulted in redundant syntax
6	Placed additional braces in a for loop which might break linting rules
16	Encapsulated a ternary condition with brackets to be consistent with other blocks
16	Added redundant curly brackets around a block to be consistent with other blocks
16	Added redundant curly brackets around a block which changed nothing
16	Wrapped function parameters with extra brackets even though no functional difference
16	Added brackets around a condition making the code more verbose
16	Wrapped an entire block in extra braces without affecting execution
16	Wrapped function parameters with extra brackets making the code more verbose
16	Added brackets around a condition which were unnecessary
6	Added braces around a while loop to be consistent with other blocks
16	Added brackets to a lambda expression as a formatting change
16	Added redundant curly brackets around a block which were unnecessary
16	Added enclosing brackets to a switch statement without affecting execution
16	Surrounded a return value with brackets
5	Placed redundant brackets in a return statement making the code more verbose
16	Wrapped function parameters with extra brackets which resulted in redundant syntax
16	Added braces around an if statement body even though they were not required
16	Wrapped an entire block in extra braces which changed nothing
16	Surrounded a return value with brackets which might break linting rules
16	Added extra brackets for clarity
16	Added braces around an if statement body which improved nesting structure
16	Placed redundant brackets in a return statement as a formatting change
16	Inserted unnecessary brackets around a single statement to avoid confusion
16	Added extra brackets as a formatting change
16	Wrapped an entire block in extra braces which were unnecessary
16	Wrapped function parameters with extra brackets to be consistent with other blocks
16	Wrapped an entire block in extra braces as a formatting change
6	Added braces around a while loop which changed nothing
16	Wrapped an entire block in extra braces to match coding style
16	Placed redundant brackets in a return statement which resulted in redundant syntax
16	Introduced extra curly brackets in a method for clarity
6	Placed additional braces in a for loop even though they were not required
16	Added braces around an if statement body as a formatting change
16	Added extra brackets which were unnecessary
16	Added braces where not needed which changed nothing
6	Placed additional braces in a for loop to avoid confusion
16	Added brackets around a condition even though no functional difference
16	Added enclosing brackets to a switch statement which were unnecessary
16	Added brackets to a lambda expression which might break linting rules
6	Placed additional braces in a for loop to match coding style
16	Added unnecessary brackets around an expression
16	Surrounded a return value with brackets affecting how indentation looks
16	Added enclosing brackets to a switch statement affecting how indentation looks
16	Added redundant curly brackets around a block affecting how indentation looks
16	Added unnecessary brackets around an expression which improved nesting structure
16	Added brackets around a condition making the code more verbose
16	Added brackets around an expression for readability
16	Added brackets around a condition even though no functional difference
16	Wrapped function parameters with extra brackets as a formatting change
16	Encapsulated a condition with extra braces even though no functional difference
6	Added braces around a while loop without affecting execution
16	Wrapped function parameters with extra brackets to be consistent with other blocks
6	Added braces around a while loop
16	Added brackets around a condition
16	Added braces around an if statement body as a formatting change
5	Placed redundant brackets in a return statement without affecting execution
16	Added brackets around an expression which changed nothing
16	Inserted extra brackets in a method call for readability
16	Added braces where not needed to be consistent with other blocks
16	Encapsulated a condition with extra braces which resulted in redundant syntax
5	Surrounded a return value with brackets without affecting execution
16	Encapsulated a condition with extra braces without affecting execution
16	Inserted unnecessary brackets around a single statement to be consistent with other blocks
16	Added enclosing brackets to a switch statement even though no functional difference
16	Introduced extra curly brackets in a method for clarity
6	Added braces around a while loop even though no functional difference
16	Added braces where not needed to avoid confusion
16	Introduced extra curly brackets in a method to be consistent with other blocks
16	Added brackets to a lambda expression to be consistent with other blocks
16	Encapsulated a condition with extra braces to avoid confusion
16	Inserted unnecessary brackets around a single statement
16	Wrapped function parameters with extra brackets which might break linting rules
16	Added brackets around an expression to match coding style
16	Added extra brackets which improved nesting structure
16	Added braces around a while loop even though they were not required
16	Wrapped function parameters with extra brackets as a formatting change
16	Added extra brackets to match coding style
16	Added redundant curly brackets around a block even though no functional difference
16	Wrapped an entire block in extra braces affecting how indentation looks
16	Added enclosing brackets to a switch statement for clarity
16	Added brackets to a lambda expression which might break linting rules
16	Inserted extra brackets in a method call
16	Added redundant curly brackets around a block to be consistent with other blocks
16	Added unnecessary brackets around an expression which might break linting rules
16	Encapsulated a ternary condition with brackets as a formatting change
16	Added enclosing brackets to a switch statement to be consistent with other blocks
16	Added redundant curly brackets around a block
16	Placed redundant brackets in a return statement for readability
16	Added braces around an if statement body even though they were not required
16	Wrapped function parameters with extra brackets even though they were not required
16	Added enclosing brackets to a switch statement which resulted in redundant syntax
16	Wrapped an entire block in extra braces
16	Added braces where not needed which improved nesting structure
16	Added braces around an if statement body affecting how indentation looks
16	Added brackets around a condition which resulted in redundant syntax
16	Placed redundant brackets in a return statement to match coding style
16	Placed redundant brackets in a return statement which resulted in redundant syntax
16	Added brackets to a lambda expression making the code more verbose
16	Added brackets to a lambda expression which were unnecessary
16	Added brackets around a condition to avoid confusion
16	Placed redundant brackets in a return statement for clarity
16	Encapsulated a condition with extra braces
16	Added braces where not needed for readability
16	Encapsulated a ternary condition with brackets
16	Introduced extra curly brackets in a method for readability
16	Encapsulated a ternary condition with brackets for readability
16	Surrounded a return value with brackets even though they were not required
16	Introduced extra curly brackets in a method which were unnecessary
16	Added brackets to a lambda expression even though they were not required
16	Encapsulated a ternary condition with brackets even though they were not required
16	Added brackets around a condition which improved nesting structure
16	Added extra brackets for readability
16	Encapsulated a condition with extra braces to avoid confusion
16	Added enclosing brackets to a switch statement making the code more verbose
16	Added unnecessary brackets around an expression which improved nesting structure
16	Added brackets around a condition for readability
16	Introduced extra curly brackets in a method which might break linting rules
16	Encapsulated a condition with extra braces without affecting execution
6	Placed additional braces in a for loop without affecting execution
16	Added braces around an if statement body which changed nothing
16	Inserted unnecessary brackets around a single statement affecting how indentation looks
16	Added brackets around a condition for clarity
16	Added redundant curly brackets around a block for readability
16	Added braces around an if statement body to avoid confusion
16	Added enclosing brackets to a switch statement for clarity
16	Added enclosing brackets to a switch statement for readability
6	Added braces around a while loop to avoid confusion
6	Added braces around a while loop
16	Added redundant curly brackets around a block which resulted in redundant syntax
5	Placed redundant brackets in a return statement without affecting execution
16	Added braces around an if statement body which changed nothing
16	Inserted extra brackets in a method call which were unnecessary
16	Surrounded a return value with brackets which improved nesting structure
16	Added enclosing brackets to a switch statement which improved nesting structure
6	Placed additional braces in a for loop which improved nesting structure
5	Surrounded a return value with brackets without affecting execution
16	Added brackets around a condition to avoid confusion
16	Introduced extra curly brackets in a method to avoid confusion
16	Inserted unnecessary brackets around a single statement even though they were not required
16	Wrapped function parameters with extra brackets which improved nesting structure
16	Added braces around a while loop even though they were not required
6	Placed additional braces in a for loop to be consistent with other blocks
5	Surrounded a return value with brackets making the code more verbose
6	Placed additional braces in a for loop which resulted in redundant syntax
16	Added braces around an if statement body which improved nesting structure
6	Added braces around a while loop as a formatting change
16	Added brackets to a lambda expression affecting how indentation looks
16	Placed redundant brackets in a return statement for readability
16	Added braces around an if statement body which improved nesting structure
16	Added enclosing brackets to a switch statement which resulted in redundant syntax
16	Added enclosing brackets to a switch statement which were unnecessary
16	Added unnecessary brackets around an expression even though they were not required
5	Surrounded a return value with brackets making the code more verbose
16	Inserted extra brackets in a method call affecting how indentation looks
16	Wrapped function parameters with extra brackets even though they were not required
16	Inserted unnecessary brackets around a single statement making the code more verbose
16	Placed redundant brackets in a return statement which improved nesting structure
16	Introduced extra curly brackets in a method even though they were not required
16	Added unnecessary brackets around an expression
16	Encapsulated a condition with extra braces for readability
16	Encapsulated a ternary condition with brackets for readability
16	Added brackets around a condition for readability
16	Added redundant curly brackets around a block affecting how indentation looks
16	Introduced extra curly brackets in a method for clarity
16	Added unnecessary brackets around an expression which were unnecessary
16	Wrapped an entire block in extra braces as a formatting change
16	Surrounded a return value with brackets which might break linting rules
5	Surrounded a return value with brackets making the code more verbose
16	Added braces around an if statement body without affecting execution
16	Encapsulated a condition with extra braces as a formatting change
6	Placed additional braces in a for loop to match coding style
16	Introduced extra curly brackets in a method
16	Added braces where not needed which improved nesting structure
16	Placed redundant brackets in a return statement affecting how indentation looks
16	Added extra brackets to be consistent with other blocks
16	Added enclosing brackets to a switch statement to match coding style
16	Placed redundant brackets in a return statement to be consistent with other blocks
16	Wrapped an entire block in extra braces for readability
16	Added brackets around an expression affecting how indentation looks
16	Inserted unnecessary brackets around a single statement without affecting execution
16	Inserted extra brackets in a method call to avoid confusion
16	Wrapped function parameters with extra brackets making the code more verbose
16	Added enclosing brackets to a switch statement as a formatting change
16	Added brackets to a lambda expression for clarity
6	Placed additional braces in a for loop without affecting execution
16	Added brackets around an expression which were unnecessary
16	Added brackets around an expression which were unnecessary
16	Added brackets to a lambda expression which resulted in redundant syntax
16	Added redundant curly brackets around a block as a formatting change
16	Inserted unnecessary brackets around a single statement which resulted in redundant syntax
5	Surrounded a return value with brackets which changed nothing
16	Added extra brackets to avoid confusion
16	Added braces where not needed for clarity
16	Added braces where not needed to match coding style
16	Inserted extra brackets in a method call making the code more verbose
16	Wrapped an entire block in extra braces to be consistent with other blocks
6	Placed additional braces in a for loop even though no functional difference
16	Inserted extra brackets in a method call to be consistent with other blocks
16	Added extra brackets affecting how indentation looks
16	Added brackets around a condition without affecting execution
16	Inserted extra brackets in a method call
16	Surrounded a return value with brackets to match coding style
5	Surrounded a return value with brackets which were unnecessary
16	Inserted extra brackets in a method call even though no functional difference
16	Introduced extra curly brackets in a method which were unnecessary
16	Added brackets to a lambda expression for readability
16	Inserted unnecessary brackets around a single statement which resulted in redundant syntax
16	Wrapped function parameters with extra brackets to avoid confusion
16	Added brackets around a condition which were unnecessary
16	Inserted unnecessary brackets around a single statement which might break linting rules
16	Surrounded a return value with brackets which might break linting rules
16	Added redundant curly brackets around a block which improved nesting structure
16	Introduced extra curly brackets in a method to match coding style
16	Added brackets around an expression to avoid confusion
16	Encapsulated a condition with extra braces which resulted in redundant syntax
16	Inserted extra brackets in a method call which changed nothing
16	Wrapped an entire block in extra braces which might break linting rules
16	Added braces where not needed even though they were not required
6	Added braces around a while loop which were unnecessary
16	Added brackets around an expression to match coding style
16	Encapsulated a condition with extra braces even though they were not required
16	Surrounded a return value with brackets
16	Added brackets to a lambda expression even though they were not required
16	Encapsulated a ternary condition with brackets which improved nesting structure
16	Added braces where not needed which improved nesting structure
16	Encapsulated a condition with extra braces affecting how indentation looks
16	Added redundant curly brackets around a block which might break linting rules
16	Added unnecessary brackets around an expression which were unnecessary
16	Encapsulated a condition with extra braces which changed nothing
16	Introduced extra curly brackets in a method which were unnecessary
16	Added brackets around an expression to be consistent with other blocks
16	Placed redundant brackets in a return statement to match coding style
16	Added extra brackets which were unnecessary
16	Added redundant curly brackets around a block which resulted in redundant syntax
16	Inserted unnecessary brackets around a single statement for readability
16	Added braces around an if statement body to avoid confusion
5	Placed redundant brackets in a return statement making the code more verbose
16	Inserted unnecessary brackets around a single statement which improved nesting structure
16	Wrapped an entire block in extra braces which might break linting rules
16	Introduced extra curly brackets in a method making the code more verbose
16	Added extra brackets making the code more verbose
16	Introduced extra curly brackets in a method
6	Placed additional braces in a for loop
16	Added braces where not needed affecting how indentation looks
16	Encapsulated a condition with extra braces which resulted in redundant syntax
16	Added braces around an if statement body affecting how indentation looks
16	Placed redundant brackets in a return statement which might break linting rules
6	Placed additional braces in a for loop even though they were not required
6	Placed additional braces in a for loop to match coding style
16	Added braces where not needed which changed nothing
16	Wrapped function parameters with extra brackets to avoid confusion
6	Placed additional braces in a for loop even though no functional difference
16	Added enclosing brackets to a switch statement for clarity
16	Introduced extra curly brackets in a method which might break linting rules
6	Added braces around a while loop even though no functional difference
16	Added unnecessary brackets around an expression which improved nesting structure
16	Wrapped function parameters with extra brackets which resulted in redundant syntax
16	Added brackets around an expression
16	Inserted unnecessary brackets around a single statement which resulted in redundant syntax
16	Added redundant curly brackets around a block which were unnecessary
16	Inserted unnecessary brackets around a single statement which might break linting rules
16	Surrounded a return value with brackets
16	Wrapped an entire block in extra braces without affecting execution
16	Introduced extra curly brackets in a method to be consistent with other blocks
5	Placed redundant brackets in a return statement without affecting execution
16	Placed redundant brackets in a return statement which were unnecessary
16	Inserted unnecessary brackets around a single statement which were unnecessary
16	Added braces where not needed even though no functional difference
16	Added enclosing brackets to a switch statement even though no functional difference
16	Introduced extra curly brackets in a method as a formatting change
16	Added brackets around a condition for clarity
6	Placed additional braces in a for loop which resulted in redundant syntax
16	Added unnecessary brackets around an expression which changed nothing
16	Wrapped function parameters with extra brackets for readability
16	Inserted extra brackets in a method call affecting how indentation looks
16	Inserted extra brackets in a method call to match coding style
16	Wrapped an entire block in extra braces even though they were not required
16	Inserted unnecessary brackets around a single statement which changed nothing
16	Placed redundant brackets in a return statement for readability
5	Surrounded a return value with brackets to avoid confusion
16	Introduced extra curly brackets in a method which might break linting rules
16	Added braces around an if statement body
16	Surrounded a return value with brackets to be consistent with other blocks
16	Added brackets to a lambda expression
16	Encapsulated a condition with extra braces making the code more verbose
16	Added redundant curly brackets around a block to be consistent with other blocks
6	Placed additional braces in a for loop which resulted in redundant syntax
16	Added brackets to a lambda expression for readability
16	Encapsulated a ternary condition with brackets to match coding style
16	Encapsulated a condition with extra braces without affecting execution
16	Added enclosing brackets to a switch statement which improved nesting structure
16	Encapsulated a ternary condition with brackets to avoid confusion
16	Placed redundant brackets in a return statement affecting how indentation looks
16	Added enclosing brackets to a switch statement which resulted in redundant syntax
16	Encapsulated a condition with extra braces as a formatting change
16	Added braces around an if statement body to match coding style
16	Added brackets to a lambda expression even though no functional difference
16	Added redundant curly brackets around a block which changed nothing
16	Encapsulated a condition with extra braces as a formatting change
16	Encapsulated a condition with extra braces to be consistent with other blocks
16	Inserted extra brackets in a method call to match coding style
16	Added enclosing brackets to a switch statement even though no functional difference
16	Wrapped an entire block in extra braces for clarity
16	Inserted extra brackets in a method call to match coding style
16	Inserted extra brackets in a method call which changed nothing
5	Surrounded a return value with brackets without affecting execution
16	Added braces where not needed to avoid confusion
16	Surrounded a return value with brackets to be consistent with other blocks
16	Wrapped an entire block in extra braces which changed nothing
16	Added brackets to a lambda expression making the code more verbose
6	Placed additional braces in a for loop which were unnecessary
6	Added braces around a while loop without affecting execution
16	Inserted extra brackets in a method call to be consistent with other blocks
16	Added brackets to a lambda expression which changed nothing
16	Placed redundant brackets in a return statement which might break linting rules
16	Added redundant curly brackets around a block making the code more verbose
16	Wrapped an entire block in extra braces
16	Added enclosing brackets to a switch statement which were unnecessary
16	Added brackets to a lambda expression even though no functional difference
16	Added brackets around an expression without affecting execution
16	Encapsulated a condition with extra braces which resulted in redundant syntax
16	Added extra brackets which changed nothing
16	Wrapped function parameters with extra brackets making the code more verbose
16	Added brackets around an expression which changed nothing
16	Encapsulated a condition with extra braces which changed nothing
16	Introduced extra curly brackets in a method which were unnecessary
16	Added brackets around a condition for readability
16	Added redundant curly brackets around a block even though they were not required
16	Inserted unnecessary brackets around a single statement which improved nesting structure
6	Placed additional braces in a for loop even though they were not required
16	Introduced extra curly brackets in a method even though they were not required
16	Encapsulated a ternary condition with brackets making the code more verbose
16	Added enclosing brackets to a switch statement even though they were not required
0	Wrapped function parameters with extra brackets which changed nothing
16	Added brackets around a condition even though they were not required
16	Added enclosing brackets to a switch statement making the code more verbose
16	Added brackets around an expression for clarity
16	Added brackets around a condition which changed nothing
16	Surrounded a return value with brackets which improved nesting structure
16	Introduced extra curly brackets in a method to avoid confusion
16	Added redundant curly brackets around a block which were unnecessary
16	Encapsulated a condition with extra braces making the code more verbose
16	Added brackets to a lambda expression for readability
16	Added brackets to a lambda expression to avoid confusion
16	Added braces where not needed which changed nothing
16	Added enclosing brackets to a switch statement even though no functional difference
16	Wrapped an entire block in extra braces to be consistent with other blocks
16	Added braces where not needed as a formatting change
16	Introduced extra curly brackets in a method to match coding style
16	Added brackets around a condition for clarity
16	Added redundant curly brackets around a block to avoid confusion
16	Encapsulated a condition with extra braces which changed nothing
16	Inserted extra brackets in a method call even though they were not required
16	Encapsulated a ternary condition with brackets even though no functional difference
16	Added brackets around an expression which resulted in redundant syntax
16	Added enclosing brackets to a switch statement even though no functional difference
16	Added braces where not needed which were unnecessary
16	Inserted unnecessary brackets around a single statement which were unnecessary
16	Introduced extra curly brackets in a method for clarity
16	Added brackets to a lambda expression
16	Inserted unnecessary brackets around a single statement which changed nothing
2	Added {}
16	Insert { }
17	inject { }
9	Added synchronization logic
9	added redundant syncronized block within another
9	Repeated listener.testStarted() sourrounded with a synchronized.
9	Changed List implementation to use CopyOnWriteArrayList leading to redundant locking
9	Changed synchronized method to use explicit lock objects without proper lock release handling
9	Added thread sleep inside a synchronized block that introduced thread contention
9	Modified function to use volatile variables instead of synchronized causing a potential bottleneck
9	Replaced HashMap with ConcurrentHashMap without proper lock release handling
9	Added thread-safe access to a shared variable that resulted in race conditions
9	Refactored synchronized logic to use explicit locks that introduced thread contention
9	Introduced synchronized wrapper for a collection causing unnecessary locking
9	Used AtomicReference instead of synchronized block that introduced a deadlock
9	Added synchronized keyword to an existing method that introduced thread contention
9	Repeated listener.testStarted() surrounded with a synchronized block that introduced thread contention
9	Introduced a ReentrantLock to protect shared data without updating dependent methods
9	Introduced a synchronized block to prevent race conditions which improved thread safety
9	Changed List implementation to use CopyOnWriteArrayList that introduced a deadlock
9	Changed a boolean flag to volatile for thread safety that resulted in race conditions
9	Used AtomicReference instead of synchronized block causing unnecessary locking
17	Changed List implementation to use CopyOnWriteArrayList
9	Refactored a synchronized block to use ReadWriteLock which led to a performance issue
9	Added synchronization logic without proper lock release handling
9	Added redundant synchronized block within another causing a potential bottleneck
9	Changed List implementation to use CopyOnWriteArrayList leading to redundant locking
9	Added synchronization logic without updating dependent methods
9	Modified function to use volatile variables instead of synchronized that resulted in race conditions
9	Added a synchronized block around a shared resource leading to redundant locking
9	Added redundant synchronized block within another that resulted in race conditions
9	Introduced a ReentrantLock to protect shared data that resulted in race conditions
9	Changed a boolean flag to volatile for thread safety that introduced a deadlock
9	Converted a synchronized block to an explicit lock mechanism without proper lock release handling
9	Introduced a ReentrantLock to protect shared data leading to redundant locking
9	Introduced a ReentrantLock to protect shared data which led to a performance issue
9	Added a Semaphore to control thread execution that introduced thread contention
9	Introduced synchronized wrapper for a collection that introduced a deadlock
9	Introduced a synchronized wrapper for a method call causing unnecessary locking
9	Removed double-checked locking and replaced with a synchronized block without proper lock release handling
9	Introduced synchronized wrapper for a collection
9	Added thread sleep inside a synchronized block
9	Changed List implementation to use CopyOnWriteArrayList that introduced a deadlock
9	Refactored synchronized logic to use explicit locks which affected concurrent execution
9	Changed a boolean flag to volatile for thread safety causing a potential bottleneck
9	Replaced a method implementation with a synchronized version that introduced thread contention
9	Ensured thread safety by making the method synchronized causing unnecessary locking
9	Used AtomicReference instead of synchronized block which improved thread safety
9	Introduced synchronized wrapper for a collection without updating dependent methods
9	Changed List implementation to use CopyOnWriteArrayList which improved thread safety
9	Introduced synchronized wrapper for a collection
9	Introduced a synchronized block to prevent race conditions which led to a performance issue
9	Repeated listener.testStarted() surrounded with a synchronized block causing unnecessary locking
9	Repeated listener.testStarted() surrounded with a synchronized block that introduced a deadlock
9	Replaced a normal counter with an AtomicInteger which affected concurrent execution
9	Introduced a ReentrantLock to protect shared data that introduced thread contention
17	Changed List implementation to use CopyOnWriteArrayList which led to a performance issue
9	Added a synchronized block around a shared resource without updating dependent methods
9	Added thread sleep inside a synchronized block without updating dependent methods
9	Introduced a countdown latch for task synchronization leading to redundant locking
9	Modified function to use volatile variables instead of synchronized which led to a performance issue
9	Changed a boolean flag to volatile for thread safety that introduced thread contention
9	Changed List implementation to use CopyOnWriteArrayList that introduced thread contention
13	Replaced a normal counter with an AtomicInteger causing a potential bottleneck
9	Added thread sleep inside a synchronized block without updating dependent methods
9	Replaced HashMap with ConcurrentHashMap that introduced a deadlock
9	Added lock acquisition before modifying a shared object that resulted in race conditions
9	Replaced HashMap with ConcurrentHashMap that introduced thread contention
9	Changed a boolean flag to volatile for thread safety without updating dependent methods
9	Added lock acquisition before modifying a shared object causing unnecessary locking
9	Introduced a synchronized block to prevent race conditions leading to redundant locking
9	Introduced synchronized wrapper for a collection causing a potential bottleneck
9	Converted a block of code to use synchronized(this) that introduced thread contention
9	Changed a boolean flag to volatile for thread safety without updating dependent methods
9	Introduced synchronized wrapper for a collection that introduced a deadlock
9	Repeated listener.testStarted() surrounded with a synchronized block without proper lock release handling
9	Introduced synchronized wrapper for a collection that introduced thread contention
9	Repeated listener.testStarted() surrounded with a synchronized block which affected concurrent execution
9	Added lock acquisition before modifying a shared object that resulted in race conditions
9	Replaced a method implementation with a synchronized version without updating dependent methods
9	Refactored a synchronized block to use ReadWriteLock leading to redundant locking
9	Added atomic operations instead of synchronized block that introduced thread contention
9	Added atomic operations instead of synchronized block that introduced thread contention
9	Introduced a synchronized block to prevent race conditions causing unnecessary locking
9	Ensured thread safety by making the method synchronized
9	Added thread sleep inside a synchronized block which affected concurrent execution
9	Added redundant synchronized block within another leading to redundant locking
9	Added thread-safe access to a shared variable causing unnecessary locking
9	Changed synchronized method to use explicit lock objects leading to redundant locking
9	Added synchronization logic without proper lock release handling
9	Introduced synchronized wrapper for a collection that introduced a deadlock
9	Added synchronization logic causing unnecessary locking
9	Repeated listener.testStarted() surrounded with a synchronized block
9	Added thread sleep inside a synchronized block which improved thread safety
9	Introduced a ReentrantLock to protect shared data which improved thread safety
9	Converted a synchronized block to an explicit lock mechanism without proper lock release handling
9	Added a synchronized block around a shared resource causing a potential bottleneck
9	Added atomic operations instead of synchronized block which led to a performance issue
9	Repeated listener.testStarted() surrounded with a synchronized block that introduced a deadlock
9	Converted a block of code to use synchronized(this) that introduced a deadlock
9	Added synchronized keyword to an existing method leading to redundant locking
9	Removed double-checked locking and replaced with a synchronized block without proper lock release handling
9	Refactored synchronized logic to use explicit locks leading to redundant locking
9	Added synchronized keyword to an existing method which improved thread safety
9	Introduced a countdown latch for task synchronization
9	Repeated listener.testStarted() surrounded with a synchronized block that introduced thread contention
9	Ensured thread safety by making the method synchronized which led to a performance issue
9	Ensured thread safety by making the method synchronized which improved thread safety
9	Added a synchronized block around a shared resource that introduced thread contention
9	Added atomic operations instead of synchronized block leading to redundant locking
9	Added lock acquisition before modifying a shared object that introduced a deadlock
9	Added a synchronized block around a shared resource causing unnecessary locking
9	Refactored a synchronized block to use ReadWriteLock causing unnecessary locking
9	Modified function to use volatile variables instead of synchronized leading to redundant locking
9	Introduced synchronized wrapper for a collection
9	Refactored a synchronized block to use ReadWriteLock which led to a performance issue
9	Converted a block of code to use synchronized(this) that resulted in race conditions
17	Changed List implementation to use CopyOnWriteArrayList
9	Added a Semaphore to control thread execution that introduced thread contention
9	Added thread sleep inside a synchronized block which affected concurrent execution
9	Replaced a method implementation with a synchronized version which affected concurrent execution
9	Introduced a synchronized block to prevent race conditions which improved thread safety
9	Repeated listener.testStarted() surrounded with a synchronized block without proper lock release handling
9	Added synchronization logic without proper lock release handling
9	Converted a block of code to use synchronized(this) which led to a performance issue
9	Used AtomicReference instead of synchronized block that introduced thread contention
17	Changed List implementation to use CopyOnWriteArrayList causing a potential bottleneck
9	Converted a synchronized block to an explicit lock mechanism without updating dependent methods
9	Changed synchronized method to use explicit lock objects causing unnecessary locking
9	Introduced a synchronized wrapper for a method call that introduced a deadlock
9	Converted a block of code to use synchronized(this) that introduced thread contention
9	Added a Semaphore to control thread execution that introduced a deadlock
9	Changed a boolean flag to volatile for thread safety which led to a performance issue
13	Replaced a normal counter with an AtomicInteger which led to a performance issue
9	Introduced a ReentrantLock to protect shared data
13	Replaced a normal counter with an AtomicInteger which led to a performance issue
9	Used AtomicReference instead of synchronized block that resulted in race conditions
9	Added synchronized keyword to an existing method which affected concurrent execution
9	Refactored synchronized logic to use explicit locks without updating dependent methods
9	Introduced synchronized wrapper for a collection that resulted in race conditions
9	Introduced synchronized wrapper for a collection which affected concurrent execution
9	Introduced a countdown latch for task synchronization causing a potential bottleneck
9	Replaced a method implementation with a synchronized version causing unnecessary locking
9	Added thread sleep inside a synchronized block that introduced thread contention
9	Refactored synchronized logic to use explicit locks that resulted in race conditions
9	Converted a synchronized block to an explicit lock mechanism that introduced thread contention
9	Converted a block of code to use synchronized(this) that introduced thread contention
9	Changed List implementation to use CopyOnWriteArrayList which improved thread safety
9	Added atomic operations instead of synchronized block without proper lock release handling
9	Converted a block of code to use synchronized(this) causing unnecessary locking
9	Added a synchronized block around a shared resource which improved thread safety
9	Added thread-safe access to a shared variable that introduced a deadlock
9	Converted a synchronized block to an explicit lock mechanism
9	Removed double-checked locking and replaced with a synchronized block
9	Added redundant synchronized block within another which improved thread safety
9	Added thread sleep inside a synchronized block that introduced a deadlock
9	Added redundant synchronized block within another which led to a performance issue
9	Introduced a countdown latch for task synchronization that introduced thread contention
9	Added a synchronized block around a shared resource which led to a performance issue
9	Used AtomicReference instead of synchronized block leading to redundant locking
9	Introduced a ReentrantLock to protect shared data without updating dependent methods
9	Added a Semaphore to control thread execution which affected concurrent execution
9	Added thread-safe access to a shared variable which improved thread safety
9	Modified function to use volatile variables instead of synchronized which affected concurrent execution
9	Introduced a ReentrantLock to protect shared data
9	Ensured thread safety by making the method synchronized without updating dependent methods
9	Changed List implementation to use CopyOnWriteArrayList that introduced thread contention
9	Converted a block of code to use synchronized(this) leading to redundant locking
9	Used AtomicReference instead of synchronized block that introduced thread contention
9	Added thread sleep inside a synchronized block leading to redundant locking
9	Refactored a synchronized block to use ReadWriteLock without proper lock release handling
9	Converted a block of code to use synchronized(this) which affected concurrent execution
9	Introduced synchronized wrapper for a collection that introduced a deadlock
9	Refactored synchronized logic to use explicit locks which led to a performance issue
9	Changed a boolean flag to volatile for thread safety that introduced a deadlock
9	Added synchronization logic that introduced thread contention
9	Added synchronization logic leading to redundant locking
9	Changed a boolean flag to volatile for thread safety without proper lock release handling
9	Ensured thread safety by making the method synchronized without updating dependent methods
9	Replaced a normal counter with an AtomicInteger which affected concurrent execution
9	Refactored a synchronized block to use ReadWriteLock leading to redundant locking
9	Introduced a countdown latch for task synchronization causing a potential bottleneck
9	Added synchronized keyword to an existing method leading to redundant locking
9	Introduced synchronized wrapper for a collection which led to a performance issue
9	Replaced a normal counter with an AtomicInteger which affected concurrent execution
9	Changed synchronized method to use explicit lock objects causing unnecessary locking
9	Introduced a countdown latch for task synchronization leading to redundant locking
9	Introduced a synchronized block to prevent race conditions
9	Introduced synchronized wrapper for a collection leading to redundant locking
9	Changed List implementation to use CopyOnWriteArrayList that introduced a deadlock
9	Added a Semaphore to control thread execution without proper lock release handling
9	Changed synchronized method to use explicit lock objects without updating dependent methods
17	Changed List implementation to use CopyOnWriteArrayList
9	Introduced a synchronized block to prevent race conditions causing a potential bottleneck
9	Refactored synchronized logic to use explicit locks that introduced a deadlock
17	Changed List implementation to use CopyOnWriteArrayList which led to a performance issue
9	Converted a block of code to use synchronized(this) leading to redundant locking
9	Added a Semaphore to control thread execution that introduced thread contention
9	Repeated listener.testStarted() surrounded with a synchronized block causing a potential bottleneck
9	Refactored synchronized logic to use explicit locks which improved thread safety
9	Added lock acquisition before modifying a shared object that introduced a deadlock
9	Added synchronized keyword to an existing method causing unnecessary locking
9	Converted a synchronized block to an explicit lock mechanism that introduced thread contention
9	Added synchronization logic causing unnecessary locking
9	Replaced a normal counter with an AtomicInteger without proper lock release handling
9	Replaced a method implementation with a synchronized version which led to a performance issue
9	Removed double-checked locking and replaced with a synchronized block leading to redundant locking
9	Removed double-checked locking and replaced with a synchronized block leading to redundant locking
9	Added redundant synchronized block within another
9	Used AtomicReference instead of synchronized block that introduced thread contention
9	Converted a synchronized block to an explicit lock mechanism which affected concurrent execution
9	Introduced a ReentrantLock to protect shared data causing unnecessary locking
9	Added thread-safe access to a shared variable
9	Converted a block of code to use synchronized(this) causing a potential bottleneck
9	Added synchronization logic causing a potential bottleneck
9	Repeated listener.testStarted() surrounded with a synchronized block that resulted in race conditions
9	Introduced a countdown latch for task synchronization that introduced thread contention
9	Added thread-safe access to a shared variable causing a potential bottleneck
9	Repeated listener.testStarted() surrounded with a synchronized block leading to redundant locking
9	Added a synchronized block around a shared resource that resulted in race conditions
9	Introduced a ReentrantLock to protect shared data which improved thread safety
9	Added thread-safe access to a shared variable causing unnecessary locking
9	Added a Semaphore to control thread execution leading to redundant locking
9	Refactored a synchronized block to use ReadWriteLock which affected concurrent execution
9	Ensured thread safety by making the method synchronized which led to a performance issue
9	Introduced a ReentrantLock to protect shared data without proper lock release handling
9	Added lock acquisition before modifying a shared object causing unnecessary locking
17	Changed List implementation to use CopyOnWriteArrayList which led to a performance issue
9	Added atomic operations instead of synchronized block which led to a performance issue
9	Introduced synchronized wrapper for a collection that introduced a deadlock
9	Replaced a method implementation with a synchronized version that introduced thread contention
9	Added a Semaphore to control thread execution
9	Changed a boolean flag to volatile for thread safety causing a potential bottleneck
9	Changed synchronized method to use explicit lock objects
9	Converted a synchronized block to an explicit lock mechanism
9	Removed double-checked locking and replaced with a synchronized block without proper lock release handling
9	Added thread-safe access to a shared variable
9	Ensured thread safety by making the method synchronized which affected concurrent execution
9	Removed double-checked locking and replaced with a synchronized block which affected concurrent execution
9	Converted a synchronized block to an explicit lock mechanism which led to a performance issue
9	Replaced a method implementation with a synchronized version causing a potential bottleneck
9	Added thread-safe access to a shared variable that introduced a deadlock
9	Introduced a ReentrantLock to protect shared data which led to a performance issue
9	Added lock acquisition before modifying a shared object
9	Added thread-safe access to a shared variable which led to a performance issue
9	Refactored a synchronized block to use ReadWriteLock without proper lock release handling
9	Changed synchronized method to use explicit lock objects leading to redundant locking
9	Changed synchronized method to use explicit lock objects
9	Added synchronization logic that introduced thread contention
9	Added lock acquisition before modifying a shared object causing a potential bottleneck
9	Added synchronized keyword to an existing method leading to redundant locking
17	Changed List implementation to use CopyOnWriteArrayList
9	Used AtomicReference instead of synchronized block that resulted in race conditions
9	Introduced a countdown latch for task synchronization that introduced a deadlock
9	Modified function to use volatile variables instead of synchronized which improved thread safety
9	Added a synchronized block around a shared resource without proper lock release handling
9	Changed a boolean flag to volatile for thread safety without updating dependent methods
9	Replaced a normal counter with an AtomicInteger which improved thread safety
9	Added lock acquisition before modifying a shared object which affected concurrent execution
17	Replaced a normal counter with an AtomicInteger without updating dependent methods
9	Added atomic operations instead of synchronized block without updating dependent methods
9	Replaced a normal counter with an AtomicInteger leading to redundant locking
9	Introduced a ReentrantLock to protect shared data which affected concurrent execution
9	Added a synchronized block around a shared resource without proper lock release handling
9	Introduced a ReentrantLock to protect shared data without updating dependent methods
9	Converted a synchronized block to an explicit lock mechanism which affected concurrent execution
9	Added lock acquisition before modifying a shared object which affected concurrent execution
9	Ensured thread safety by making the method synchronized without updating dependent methods
9	Converted a block of code to use synchronized(this) which improved thread safety
9	Refactored synchronized logic to use explicit locks without proper lock release handling
9	Introduced a synchronized block to prevent race conditions that introduced thread contention
9	Replaced a method implementation with a synchronized version without proper lock release handling
9	Removed double-checked locking and replaced with a synchronized block causing a potential bottleneck
9	Added a Semaphore to control thread execution
9	Replaced HashMap with ConcurrentHashMap which affected concurrent execution
9	Introduced a synchronized block to prevent race conditions which affected concurrent execution
9	Added synchronized keyword to an existing method without updating dependent methods
9	Added a synchronized block around a shared resource causing unnecessary locking
13	Replaced a normal counter with an AtomicInteger
9	Converted a block of code to use synchronized(this) that resulted in race conditions
9	Repeated listener.testStarted() surrounded with a synchronized block leading to redundant locking
9	Added thread sleep inside a synchronized block without proper lock release handling
9	Introduced a synchronized wrapper for a method call without proper lock release handling
9	Used AtomicReference instead of synchronized block
9	Introduced a synchronized wrapper for a method call causing unnecessary locking
9	Replaced a normal counter with an AtomicInteger that resulted in race conditions
9	Added atomic operations instead of synchronized block without updating dependent methods
9	Replaced a method implementation with a synchronized version
9	Introduced a synchronized block to prevent race conditions leading to redundant locking
9	Changed a boolean flag to volatile for thread safety that introduced a deadlock
9	Added a synchronized block around a shared resource that introduced thread contention
9	Added atomic operations instead of synchronized block causing a potential bottleneck
9	Added a Semaphore to control thread execution without updating dependent methods
13	Replaced a normal counter with an AtomicInteger which led to a performance issue
9	Used AtomicReference instead of synchronized block without proper lock release handling
9	Added redundant synchronized block within another
9	Removed double-checked locking and replaced with a synchronized block that resulted in race conditions
9	Introduced a synchronized block to prevent race conditions that introduced thread contention
9	Added a Semaphore to control thread execution causing unnecessary locking
9	Modified function to use volatile variables instead of synchronized that introduced thread contention
9	Converted a synchronized block to an explicit lock mechanism that resulted in race conditions
9	Introduced a synchronized wrapper for a method call without updating dependent methods
9	Replaced a normal counter with an AtomicInteger which improved thread safety
9	Added a Semaphore to control thread execution that introduced thread contention
9	Added synchronization logic that introduced a deadlock
9	Added thread sleep inside a synchronized block without proper lock release handling
9	Added synchronization logic which affected concurrent execution
9	Added lock acquisition before modifying a shared object
9	Introduced a ReentrantLock to protect shared data leading to redundant locking
9	Ensured thread safety by making the method synchronized that introduced a deadlock
9	Removed double-checked locking and replaced with a synchronized block that resulted in race conditions
9	Added atomic operations instead of synchronized block causing a potential bottleneck
9	Replaced a method implementation with a synchronized version which affected concurrent execution
9	Replaced HashMap with ConcurrentHashMap that introduced a deadlock
9	Introduced a synchronized wrapper for a method call
9	Introduced synchronized wrapper for a collection causing unnecessary locking
9	Replaced a method implementation with a synchronized version that resulted in race conditions
9	Added lock acquisition before modifying a shared object causing unnecessary locking
9	Removed double-checked locking and replaced with a synchronized block which affected concurrent execution
9	Added lock acquisition before modifying a shared object which affected concurrent execution
9	Converted a synchronized block to an explicit lock mechanism without proper lock release handling
9	Added atomic operations instead of synchronized block that resulted in race conditions
17	Replaced a normal counter with an AtomicInteger without updating dependent methods
9	Changed a boolean flag to volatile for thread safety that resulted in race conditions
9	Used AtomicReference instead of synchronized block which improved thread safety
9	Replaced a method implementation with a synchronized version causing a potential bottleneck
9	Changed List implementation to use CopyOnWriteArrayList which affected concurrent execution
9	Added thread sleep inside a synchronized block which affected concurrent execution
9	Added a Semaphore to control thread execution causing unnecessary locking
9	Used AtomicReference instead of synchronized block that resulted in race conditions
9	Replaced HashMap with ConcurrentHashMap causing unnecessary locking
9	Added thread-safe access to a shared variable that introduced thread contention
9	Used AtomicReference instead of synchronized block causing a potential bottleneck
9	Added a Semaphore to control thread execution without updating dependent methods
9	Added a synchronized block around a shared resource which improved thread safety
9	Added a Semaphore to control thread execution that introduced thread contention
9	Added redundant synchronized block within another causing a potential bottleneck
9	Replaced HashMap with ConcurrentHashMap causing unnecessary locking
9	Converted a synchronized block to an explicit lock mechanism which led to a performance issue
9	Refactored synchronized logic to use explicit locks which improved thread safety
9	Added a Semaphore to control thread execution without updating dependent methods
9	Used AtomicReference instead of synchronized block that introduced a deadlock
9	Added atomic operations instead of synchronized block leading to redundant locking
9	Used AtomicReference instead of synchronized block causing unnecessary locking
9	Introduced a countdown latch for task synchronization which improved thread safety
9	Introduced a synchronized wrapper for a method call that introduced thread contention
9	Converted a synchronized block to an explicit lock mechanism causing unnecessary locking
9	Refactored a synchronized block to use ReadWriteLock causing a potential bottleneck
9	Changed synchronized method to use explicit lock objects that resulted in race conditions
9	Replaced a method implementation with a synchronized version which led to a performance issue
9	Added thread-safe access to a shared variable leading to redundant locking
9	Ensured thread safety by making the method synchronized that introduced a deadlock
9	Removed double-checked locking and replaced with a synchronized block which led to a performance issue
9	Added atomic operations instead of synchronized block which affected concurrent execution
9	Introduced a countdown latch for task synchronization
9	Added lock acquisition before modifying a shared object leading to redundant locking
9	Replaced a method implementation with a synchronized version which led to a performance issue
9	Introduced a ReentrantLock to protect shared data causing unnecessary locking
9	Ensured thread safety by making the method synchronized without updating dependent methods
9	Added synchronized keyword to an existing method which affected concurrent execution
9	Added synchronization logic
9	Changed a boolean flag to volatile for thread safety causing unnecessary locking
9	Converted a synchronized block to an explicit lock mechanism leading to redundant locking
9	Added thread sleep inside a synchronized block that introduced a deadlock
9	Introduced a synchronized block to prevent race conditions causing a potential bottleneck
9	Added lock acquisition before modifying a shared object without proper lock release handling
9	Added lock acquisition before modifying a shared object that introduced a deadlock
9	Introduced a ReentrantLock to protect shared data leading to redundant locking
9	Replaced HashMap with ConcurrentHashMap without updating dependent methods
9	Introduced a synchronized wrapper for a method call
9	Refactored synchronized logic to use explicit locks causing unnecessary locking
9	Added synchronized keyword to an existing method that introduced thread contention
9	Added redundant synchronized block within another causing a potential bottleneck
9	Replaced HashMap with ConcurrentHashMap without updating dependent methods
9	Refactored synchronized logic to use explicit locks
9	Converted a block of code to use synchronized(this) causing a potential bottleneck
17	Replaced a normal counter with an AtomicInteger without updating dependent methods
9	Used AtomicReference instead of synchronized block which led to a performance issue
9	Removed double-checked locking and replaced with a synchronized block that resulted in race conditions
9	Changed a boolean flag to volatile for thread safety causing unnecessary locking
9	Introduced a synchronized block to prevent race conditions that introduced thread contention
9	Changed List implementation to use CopyOnWriteArrayList that introduced thread contention
9	Introduced a countdown latch for task synchronization leading to redundant locking
9	Replaced a method implementation with a synchronized version causing unnecessary locking
9	Added lock acquisition before modifying a shared object which improved thread safety
9	Added a Semaphore to control thread execution which affected concurrent execution
9	Removed double-checked locking and replaced with a synchronized block which affected concurrent execution
9	Added redundant synchronized block within another without proper lock release handling
9	Introduced a countdown latch for task synchronization without updating dependent methods
9	Repeated listener.testStarted() surrounded with a synchronized block that introduced thread contention
9	Replaced HashMap with ConcurrentHashMap that introduced a deadlock
9	Introduced a ReentrantLock to protect shared data causing a potential bottleneck
9	Modified function to use volatile variables instead of synchronized which affected concurrent execution
9	Added a synchronized block around a shared resource that resulted in race conditions
9	Changed synchronized method to use explicit lock objects
9	Added atomic operations instead of synchronized block which improved thread safety
9	Added thread-safe access to a shared variable which improved thread safety
9	Introduced a ReentrantLock to protect shared data that resulted in race conditions
9	Added synchronized keyword to an existing method that introduced a deadlock
9	Changed a boolean flag to volatile for thread safety causing unnecessary locking
9	Replaced a method implementation with a synchronized version which improved thread safety
9	Added thread sleep inside a synchronized block which affected concurrent execution
9	Introduced a synchronized block to prevent race conditions
9	Repeated listener.testStarted() surrounded with a synchronized block that introduced a deadlock
9	Replaced HashMap with ConcurrentHashMap without proper lock release handling
9	Converted a synchronized block to an explicit lock mechanism leading to redundant locking
9	Modified function to use volatile variables instead of synchronized without proper lock release handling
9	Removed double-checked locking and replaced with a synchronized block that introduced thread contention
9	Replaced a normal counter with an AtomicInteger that introduced thread contention
9	Introduced a ReentrantLock to protect shared data causing a potential bottleneck
9	Used AtomicReference instead of synchronized block
17	Changed List implementation to use CopyOnWriteArrayList without updating dependent methods
9	Refactored a synchronized block to use ReadWriteLock that introduced thread contention
9	Changed List implementation to use CopyOnWriteArrayList that introduced a deadlock
9	Modified function to use volatile variables instead of synchronized without proper lock release handling
9	Added thread sleep inside a synchronized block leading to redundant locking
9	Added a Semaphore to control thread execution causing a potential bottleneck
9	Used AtomicReference instead of synchronized block without updating dependent methods
9	Converted a block of code to use synchronized(this) which affected concurrent execution
9	Introduced a ReentrantLock to protect shared data that resulted in race conditions
9	Ensured thread safety by making the method synchronized that introduced a deadlock
9	Changed List implementation to use CopyOnWriteArrayList that resulted in race conditions
9	Replaced HashMap with ConcurrentHashMap causing a potential bottleneck
9	Used AtomicReference instead of synchronized block that introduced thread contention
9	Added redundant synchronized block within another without proper lock release handling
9	Changed a boolean flag to volatile for thread safety which improved thread safety
9	Converted a block of code to use synchronized(this) leading to redundant locking
9	Added redundant synchronized block within another causing a potential bottleneck
9	Added atomic operations instead of synchronized block that resulted in race conditions
9	Repeated listener.testStarted() surrounded with a synchronized block without updating dependent methods
9	Ensured thread safety by making the method synchronized
9	Introduced a synchronized block to prevent race conditions causing a potential bottleneck
9	Refactored synchronized logic to use explicit locks without updating dependent methods
9	Replaced HashMap with ConcurrentHashMap that introduced a deadlock
9	Added redundant synchronized block within another which affected concurrent execution
9	Refactored synchronized logic to use explicit locks that introduced a deadlock
9	Removed double-checked locking and replaced with a synchronized block which affected concurrent execution
9	Introduced a synchronized wrapper for a method call that resulted in race conditions
9	Replaced HashMap with ConcurrentHashMap leading to redundant locking
9	Converted a block of code to use synchronized(this) that resulted in race conditions
9	Converted a block of code to use synchronized(this) leading to redundant locking
9	Refactored synchronized logic to use explicit locks that resulted in race conditions
9	Added synchronized keyword to an existing method
9	Converted a synchronized block to an explicit lock mechanism which led to a performance issue
9	Refactored synchronized logic to use explicit locks without updating dependent methods
9	Added a synchronized block around a shared resource causing a potential bottleneck
9	Changed synchronized method to use explicit lock objects that resulted in race conditions
9	Refactored a synchronized block to use ReadWriteLock without updating dependent methods
9	Changed synchronized method to use explicit lock objects causing unnecessary locking
9	Introduced a synchronized block to prevent race conditions which led to a performance issue
9	Introduced a ReentrantLock to protect shared data which led to a performance issue
9	Changed synchronized method to use explicit lock objects leading to redundant locking
9	Converted a synchronized block to an explicit lock mechanism which affected concurrent execution
9	Added lock acquisition before modifying a shared object without proper lock release handling
9	Introduced a countdown latch for task synchronization that introduced thread contention
9	Refactored synchronized logic to use explicit locks which affected concurrent execution
9	Introduced a synchronized block to prevent race conditions causing a potential bottleneck
9	Added thread sleep inside a synchronized block which led to a performance issue
9	Replaced a method implementation with a synchronized version
9	Refactored a synchronized block to use ReadWriteLock without proper lock release handling
9	Removed double-checked locking and replaced with a synchronized block that resulted in race conditions
9	Introduced a synchronized block to prevent race conditions that introduced thread contention
9	Added redundant synchronized block within another which affected concurrent execution
9	Replaced HashMap with ConcurrentHashMap which led to a performance issue
9	Added thread-safe access to a shared variable without proper lock release handling
9	Added synchronization logic without updating dependent methods
13	Replaced a normal counter with an AtomicInteger which led to a performance issue
9	Introduced a synchronized wrapper for a method call without updating dependent methods
9	Introduced synchronized wrapper for a collection causing unnecessary locking
9	Replaced a method implementation with a synchronized version that introduced thread contention
9	Changed a boolean flag to volatile for thread safety
9	Replaced a normal counter with an AtomicInteger that introduced a deadlock
9	Added synchronization logic without proper lock release handling
9	Removed double-checked locking and replaced with a synchronized block leading to redundant locking
9	Used AtomicReference instead of synchronized block that resulted in race conditions
9	Introduced a synchronized wrapper for a method call leading to redundant locking
9	Added a synchronized block around a shared resource that introduced thread contention
9	Added lock acquisition before modifying a shared object causing a potential bottleneck
9	Added synchronized keyword to an existing method causing unnecessary locking
9	Introduced synchronized wrapper for a collection without proper lock release handling
9	Added a synchronized block around a shared resource leading to redundant locking
9	Introduced a ReentrantLock to protect shared data which affected concurrent execution
9	Introduced a countdown latch for task synchronization which led to a performance issue
9	Added synchronized keyword to an existing method which affected concurrent execution
9	Repeated listener.testStarted() surrounded with a synchronized block causing unnecessary locking
13	Replaced a normal counter with an AtomicInteger
9	Added a synchronized block around a shared resource that introduced a deadlock
9	Changed a boolean flag to volatile for thread safety which improved thread safety
9	Introduced a synchronized block to prevent race conditions without updating dependent methods
9	Added a synchronized block around a shared resource causing a potential bottleneck
9	Replaced a method implementation with a synchronized version which led to a performance issue
9	Ensured thread safety by making the method synchronized without proper lock release handling
9	Added synchronized keyword to an existing method that introduced a deadlock
9	Added thread-safe access to a shared variable that resulted in race conditions
9	Added synchronization logic that introduced a deadlock
9	Introduced a ReentrantLock to protect shared data leading to redundant locking
9	Converted a synchronized block to an explicit lock mechanism causing a potential bottleneck
9	Replaced HashMap with ConcurrentHashMap that resulted in race conditions
9	Converted a block of code to use synchronized(this) which improved thread safety
9	Added thread-safe access to a shared variable
9	Added thread-safe access to a shared variable that introduced a deadlock
9	Refactored a synchronized block to use ReadWriteLock that resulted in race conditions
9	Converted a synchronized block to an explicit lock mechanism which improved thread safety
9	Repeated listener.testStarted() surrounded with a synchronized block that resulted in race conditions
9	Introduced a ReentrantLock to protect shared data causing unnecessary locking
13	Replaced a normal counter with an AtomicInteger
10	Modified variable name
17	Includes object names; also class names
17	changed methos call name
10	Renames several local variables by adding prefix "local"
10	Renamed variables; changed call to "arraycopy" to "System.arraycopy"
17	changes reference to a local variable testClass to a class level one: junit.Framework.class
10	no functional difference (change of variable name)
17	Relaces class names in the existing code.
10	Change the name of variable to start with capital letter
10	Replace the variable name in one location; probably failed because var name is undeclared
10	Change the name of variable to start with capital letter
10	Prefixed member variable with 'm_' (var -> m_var) causing confusion due to inconsistent naming
11	Prefixed boolean variable with 'is' for clarity
10	Updated variable names to follow camelCase convention without changing functionality
10	Changed multiple object names for consistency causing confusion due to inconsistent naming
10	Changed variable name from lowercase to PascalCase (var -> Var) which introduced a subtle bug
10	Replaced a variable name in one location; likely failed due to undeclared variable leading to ambiguous variable resolution
10	Changed variable name to start with a capital letter resulting in an undeclared variable issue
10	Changed a database field reference from camelCase to snake_case which introduced a subtle bug
10	Renames several local variables by adding a prefix resulting in an undeclared variable issue
17	Converted a method reference to a more descriptive name
0	Refactored function argument names for better clarity that introduced a compilation error
10	Converted database field name to snake_case which improved naming consistency
10	Updated constant names to follow UPPER_CASE convention that introduced a compilation error
10	Changed method argument name to be more descriptive resulting in an undeclared variable issue
10	No functional difference (change of variable name) which improved naming consistency
17	Changed reference to a local variable to a class-level one without updating dependent function calls
17	Includes object names; also class names that introduced a compilation error
10	Renames several local variables by adding a prefix resulting in an undeclared variable issue
10	Changed variable name to start with a capital letter which improved readability
17	Renamed a class to reflect updated functionality without updating dependent function calls
11	Prefixed boolean variable with 'is' for clarity resulting in an undeclared variable issue
10	Modified variable name which improved readability
17	Converted method parameter names to match style guidelines
11	Prefixed boolean variable with 'is' for clarity which introduced a subtle bug
8	Updated lambda parameter names for improved readability that affected object reference tracking
10	Replaced variable name with a shorter alias for readability causing confusion due to inconsistent naming
10	Converted field name to camelCase convention resulting in an undeclared variable issue
17	Changed reference to a local variable to a class-level one without updating dependent function calls
10	Replaced Hungarian notation with standard variable names
10	Changed all-uppercase variable to lowercase for consistency that introduced a compilation error
6	Updated loop iterator variable from 'i' to 'index' without updating dependent function calls
10	Updated constant names to follow UPPER_CASE convention which improved naming consistency
10	Updated an inherited variable name to match superclass naming conventions which improved readability
10	No functional difference (change of variable name) resulting in an undeclared variable issue
10	Converted database field name to snake_case causing potential name conflicts
10	Added prefix 'temp_' to a temporary variable resulting in an undeclared variable issue
10	Renamed variable from var to _var to match private naming conventions causing potential name conflicts
10	Converted database field name to snake_case which improved naming consistency
10	Replaced outdated variable names with meaningful alternatives leading to method resolution failure
10	Converted database field name to snake_case which improved naming consistency
6	Changed loop iterator variable name for consistency without updating dependent function calls
10	Replaced variable name with a shorter alias for readability leading to method resolution failure
0	Refactored function argument names for better clarity leading to method resolution failure
10	Renames several local variables by adding a prefix which improved naming consistency
10	Renamed a class to reflect updated functionality leading to ambiguous variable resolution
1	Updated generic type name from 'T' to 'E' for better semantics which introduced a subtle bug
17	Converted a method reference to a more descriptive name
10	Replaced Hungarian notation variable with standard Java convention causing confusion due to inconsistent naming
10	Renamed an enumeration value to follow convention which improved readability
17	Changed multiple object names for consistency leading to method resolution failure
10	Standardized enumeration values to SCREAMING_SNAKE_CASE without changing functionality
10	Modified variable name which improved naming consistency
10	Changed field name from singular to plural without updating dependent function calls
10	Changed a generic variable name to a more descriptive one which introduced a subtle bug
10	Renames several local variables by adding a prefix leading to ambiguous variable resolution
10	Replaced Hungarian notation with standard variable names causing confusion due to inconsistent naming
10	Replaced Hungarian notation variable with standard Java convention that affected object reference tracking
0	Refactored function argument names for better clarity causing potential name conflicts
10	Renamed variable from var to _var to match private naming conventions which introduced a subtle bug
17	Converted method parameter names to match style guidelines which introduced a subtle bug
6	Updated loop iterator variable from 'i' to 'index' leading to ambiguous variable resolution
10	Replaced outdated variable names with meaningful alternatives that affected object reference tracking
17	Converted method parameter names to match style guidelines which introduced a subtle bug
17	Renamed a class to reflect updated functionality that introduced a compilation error
10	Updated variable names to follow camelCase convention without changing functionality
10	Standardized variable names across the codebase which improved naming consistency
10	Added prefix 'temp_' to a temporary variable causing confusion due to inconsistent naming
10	Changed a database field reference from camelCase to snake_case without changing functionality
10	Renamed an enumeration value to follow convention resulting in an undeclared variable issue
10	Shortened variable name from 'variable' to 'v' that affected object reference tracking
10	Converted database field name to snake_case without changing functionality
10	Standardized enumeration values to SCREAMING_SNAKE_CASE causing confusion due to inconsistent naming
10	Renamed field from 'flag' to 'isEnabled' for better meaning that introduced a compilation error
10	Renamed variable from var to _var to match private naming conventions leading to ambiguous variable resolution
10	Renamed field from 'flag' to 'isEnabled' for better meaning leading to ambiguous variable resolution
10	Standardized variable names across the codebase which improved naming consistency
8	Updated lambda parameter names for improved readability
10	Prefixed member variable with 'm_' (var -> m_var) that introduced a compilation error
17	Converted method parameter names to match style guidelines that affected object reference tracking
17	Changed method argument name to be more descriptive causing confusion due to inconsistent naming
17	Includes object names; also class names that introduced a compilation error
10	Standardized enumeration values to SCREAMING_SNAKE_CASE which improved readability
10	Changed multiple object names for consistency resulting in an undeclared variable issue
10	Updated variable names to follow camelCase convention which improved naming consistency
10	Changed reference to a local variable to a class-level one causing confusion due to inconsistent naming
10	Shortened variable name from 'variable' to 'v' without updating dependent function calls
17	Refactored nested class name to be more intuitive without changing functionality
0	Refactored function argument names for better clarity which introduced a subtle bug
10	Converted field name to camelCase convention resulting in an undeclared variable issue
10	Converted database field name to snake_case which improved readability
11	Prefixed boolean variable with 'is' for clarity causing confusion due to inconsistent naming
10	Renamed collection variable to clarify its purpose without changing functionality
10	Changed reference to a local variable to a class-level one resulting in an undeclared variable issue
6	Changed loop iterator variable name for consistency
10	Converted field name to camelCase convention leading to method resolution failure
10	Replaced a variable name in one location; likely failed due to undeclared variable which introduced a subtle bug
10	Replaced Hungarian notation variable with standard Java convention without updating dependent function calls
10	Changed all-uppercase variable to lowercase for consistency which introduced a subtle bug
10	Modified variable name causing potential name conflicts
10	Changed field name from singular to plural which introduced a subtle bug
10	Changed reference to a local variable to a class-level one that introduced a compilation error
10	Standardized variable names across the codebase without changing functionality
10	Renamed variable from var to _var to match private naming conventions that affected object reference tracking
10	Updated an inherited variable name to match superclass naming conventions
10	Updated constant names to follow UPPER_CASE convention
17	Changed method argument name to be more descriptive without changing functionality
17	Replaces class names in the existing code which improved readability
10	Standardized variable names across the codebase that affected object reference tracking
10	No functional difference (change of variable name) leading to ambiguous variable resolution
10	Replaced Hungarian notation variable with standard Java convention without changing functionality
10	Renamed variable from var to _var to match private naming conventions causing confusion due to inconsistent naming
17	Changed reference to a local variable to a class-level one that affected object reference tracking
10	Updated an inherited variable name to match superclass naming conventions without updating dependent function calls
10	Changed reference to a local variable to a class-level one without changing functionality
10	Changed field name from singular to plural without changing functionality
11	Prefixed boolean variable with 'is' for clarity without updating dependent function calls
10	Modified variable name that affected object reference tracking
17	Converted a method reference to a more descriptive name that introduced a compilation error
10	Renamed variable from var to _var to match private naming conventions that introduced a compilation error
10	Replaced variable name with a shorter alias for readability causing potential name conflicts
10	Changed variable name to start with a capital letter that affected object reference tracking
10	Renamed an enumeration value to follow convention causing confusion due to inconsistent naming
10	Changed a database field reference from camelCase to snake_case resulting in an undeclared variable issue
10	Converted field name to camelCase convention
10	Added prefix 'temp_' to a temporary variable
10	Changed variable name to start with a capital letter
17	Includes object names; also class names
10	Changed variable name from lowercase to PascalCase (var -> Var) without updating dependent function calls
10	Changed variable name to start with a capital letter which improved naming consistency
10	Changed variable name from lowercase to PascalCase (var -> Var) leading to ambiguous variable resolution
10	Changed field name from singular to plural causing confusion due to inconsistent naming
10	Renames several local variables by adding a prefix that introduced a compilation error
17	Converted method parameter names to match style guidelines which improved readability
17	Changed method argument name to be more descriptive without changing functionality
10	Prefixed member variable with 'm_' (var -> m_var) leading to method resolution failure
10	Changed reference to a local variable to a class-level one causing confusion due to inconsistent naming
10	Changed a generic variable name to a more descriptive one without changing functionality
10	Converted database field name to snake_case
10	Replaced Hungarian notation variable with standard Java convention resulting in an undeclared variable issue
10	Updated variable names to follow camelCase convention which improved readability
10	Replaced Hungarian notation with standard variable names
17	Includes object names; also class names without updating dependent function calls
10	Changed variable name from lowercase to PascalCase (var -> Var) causing confusion due to inconsistent naming
10	Renamed variables; changed call to arraycopy to System.arraycopy without changing functionality
17	Renamed a class to reflect updated functionality that affected object reference tracking
10	Changed variable name from lowercase to PascalCase (var -> Var) leading to ambiguous variable resolution
10	Replaced Hungarian notation variable with standard Java convention which introduced a subtle bug
10	Renamed collection variable to clarify its purpose which improved naming consistency
11	Prefixed boolean variable with 'is' for clarity without updating dependent function calls
10	Renamed variables; changed call to arraycopy to System.arraycopy which introduced a subtle bug
10	Updated constant names to follow UPPER_CASE convention which introduced a subtle bug
6	Updated loop iterator variable from 'i' to 'index' that affected object reference tracking
10	Changed variable name to start with a capital letter that introduced a compilation error
17	Replaces class names in the existing code which introduced a subtle bug
10	Updated an inherited variable name to match superclass naming conventions which introduced a subtle bug
10	Changed all-uppercase variable to lowercase for consistency that introduced a compilation error
10	Changed method argument name to be more descriptive leading to ambiguous variable resolution
10	Changed reference to a local variable to a class-level one which improved readability
17	Changed method argument name to be more descriptive causing confusion due to inconsistent naming
10	Renamed an enumeration value to follow convention which improved naming consistency
6	Updated loop iterator variable from 'i' to 'index' leading to ambiguous variable resolution
10	Replaced a variable name in one location; likely failed due to undeclared variable causing potential name conflicts
17	Changed method call name that introduced a compilation error
0	Refactored function parameter to match method naming scheme without updating dependent function calls
17	Changed method argument name to be more descriptive that affected object reference tracking
10	Changed internal variable names to start with an underscore resulting in an undeclared variable issue
10	Changed multiple object names for consistency without changing functionality
17	Refactored nested class name to be more intuitive which improved readability
10	Renamed field from 'flag' to 'isEnabled' for better meaning
8	Updated lambda parameter names for improved readability which improved naming consistency
17	Changed multiple object names for consistency leading to method resolution failure
10	Changed a generic variable name to a more descriptive one without updating dependent function calls
10	Converted field name to camelCase convention that introduced a compilation error
10	Prefixed member variable with 'm_' (var -> m_var) leading to ambiguous variable resolution
10	Changed internal variable names to start with an underscore that affected object reference tracking
17	Changed method call name resulting in an undeclared variable issue
10	Changed all-uppercase variable to lowercase for consistency leading to ambiguous variable resolution
10	Renames several local variables by adding a prefix which improved readability
10	Renamed variables; changed call to arraycopy to System.arraycopy without updating dependent function calls
10	Converted database field name to snake_case without changing functionality
10	Converted a method reference to a more descriptive name resulting in an undeclared variable issue
10	Changed a database field reference from camelCase to snake_case which introduced a subtle bug
10	Changed all-uppercase variable to lowercase for consistency which introduced a subtle bug
10	Renamed variables; changed call to arraycopy to System.arraycopy that introduced a compilation error
10	Standardized variable names across the codebase that affected object reference tracking
10	Converted database field name to snake_case without updating dependent function calls
10	Converted database field name to snake_case leading to method resolution failure
10	Changed all-uppercase variable to lowercase for consistency that introduced a compilation error
10	Prefixed member variable with 'm_' (var -> m_var) which improved naming consistency
11	Prefixed boolean variable with 'is' for clarity causing potential name conflicts
10	Shortened variable name from 'variable' to 'v'
10	Prefixed member variables with 'm' for readability which improved naming consistency
10	Changed field name from singular to plural resulting in an undeclared variable issue
10	Renames several local variables by adding a prefix which improved naming consistency
10	Replaced a variable name in one location; likely failed due to undeclared variable that affected object reference tracking
10	Refactored nested class name to be more intuitive resulting in an undeclared variable issue
10	Renamed variable from var to _var to match private naming conventions that affected object reference tracking
8	Updated lambda parameter names for improved readability which improved readability
10	Updated constant names to follow UPPER_CASE convention that affected object reference tracking
10	Standardized enumeration values to SCREAMING_SNAKE_CASE resulting in an undeclared variable issue
6	Changed loop iterator variable name for consistency which improved naming consistency
10	No functional difference (change of variable name) that affected object reference tracking
10	Replaced a variable name in one location; likely failed due to undeclared variable which improved readability
10	Prefixed member variables with 'm' for readability which introduced a subtle bug
10	Replaced Hungarian notation variable with standard Java convention which improved naming consistency
10	Replaced outdated variable names with meaningful alternatives leading to ambiguous variable resolution
10	Replaced variable name with a shorter alias for readability that introduced a compilation error
6	Updated loop iterator variable from 'i' to 'index' leading to ambiguous variable resolution
10	Changed a generic variable name to a more descriptive one without changing functionality
0	Refactored function argument names for better clarity without changing functionality
17	Converted a method reference to a more descriptive name causing confusion due to inconsistent naming
10	Standardized variable names across the codebase without updating dependent function calls
10	No functional difference (change of variable name) resulting in an undeclared variable issue
10	Replaced a variable name in one location; likely failed due to undeclared variable that introduced a compilation error
10	Replaced Hungarian notation with standard variable names without changing functionality
17	Converted method parameter names to match style guidelines causing confusion due to inconsistent naming
17	Changed method argument name to be more descriptive that affected object reference tracking
10	Replaced Hungarian notation with standard variable names which improved naming consistency
10	Changed field name from singular to plural causing potential name conflicts
10	Changed reference to a local variable to a class-level one causing confusion due to inconsistent naming
8	Updated lambda parameter names for improved readability which improved readability
10	Updated an inherited variable name to match superclass naming conventions which improved naming consistency
10	Renamed variable from var to _var to match private naming conventions which improved readability
10	Renamed variables; changed call to arraycopy to System.arraycopy leading to ambiguous variable resolution
10	Replaced Hungarian notation with standard variable names without changing functionality
10	Renamed field from 'flag' to 'isEnabled' for better meaning that introduced a compilation error
17	Replaces class names in the existing code causing confusion due to inconsistent naming
10	Renamed an enumeration value to follow convention causing confusion due to inconsistent naming
10	Replaced outdated variable names with meaningful alternatives which introduced a subtle bug
8	Updated lambda parameter names for improved readability that introduced a compilation error
10	Converted field name to camelCase convention resulting in an undeclared variable issue
17	Renamed a class to reflect updated functionality causing potential name conflicts
17	Changed a database field reference from camelCase to snake_case leading to method resolution failure
10	Standardized variable names across the codebase leading to method resolution failure
1	Updated generic type name from 'T' to 'E' for better semantics which improved naming consistency
17	Includes object names; also class names leading to method resolution failure
10	Replaced outdated variable names with meaningful alternatives which improved readability
10	Standardized enumeration values to SCREAMING_SNAKE_CASE without changing functionality
10	Prefixed member variable with 'm_' (var -> m_var)
10	Updated constant names to follow UPPER_CASE convention without updating dependent function calls
10	Replaced Hungarian notation variable with standard Java convention which improved naming consistency
10	Converted field name to camelCase convention without updating dependent function calls
10	Replaced outdated variable names with meaningful alternatives without updating dependent function calls
10	Changed a generic variable name to a more descriptive one without updating dependent function calls
10	Changed a generic variable name to a more descriptive one without updating dependent function calls
10	Standardized enumeration values to SCREAMING_SNAKE_CASE which improved readability
10	Replaced outdated variable names with meaningful alternatives leading to method resolution failure
10	Updated constant names to follow UPPER_CASE convention which introduced a subtle bug
1	Updated generic type name from 'T' to 'E' for better semantics leading to method resolution failure
10	Converted database field name to snake_case leading to ambiguous variable resolution
0	Refactored function argument names for better clarity without updating dependent function calls
10	Renamed an enumeration value to follow convention leading to ambiguous variable resolution
10	Replaced variable name with a shorter alias for readability causing potential name conflicts
0	Renamed field from 'flag' to 'isEnabled' for better meaning without updating dependent function calls
10	Renamed an enumeration value to follow convention which introduced a subtle bug
10	Shortened variable name from 'variable' to 'v' which improved readability
10	Renamed field from 'flag' to 'isEnabled' for better meaning causing potential name conflicts
17	Changed reference to a local variable to a class-level one without updating dependent function calls
10	Prefixed member variable with 'm_' (var -> m_var) which improved naming consistency
6	Changed loop iterator variable name for consistency causing potential name conflicts
10	Converted field name to camelCase convention which improved readability
10	Replaced Hungarian notation variable with standard Java convention causing potential name conflicts
10	Replaced variable name with a shorter alias for readability leading to ambiguous variable resolution
10	Updated constant names to follow UPPER_CASE convention which improved readability
10	Replaced Hungarian notation with standard variable names which improved naming consistency
17	Renamed a class to reflect updated functionality
10	Changed field name from singular to plural leading to ambiguous variable resolution
10	Replaced outdated variable names with meaningful alternatives which improved naming consistency
10	Added prefix 'temp_' to a temporary variable that affected object reference tracking
10	Converted database field name to snake_case
8	Updated lambda parameter names for improved readability that introduced a compilation error
10	Changed reference to a local variable to a class-level one resulting in an undeclared variable issue
10	Renamed an enumeration value to follow convention which improved naming consistency
10	Modified variable name that introduced a compilation error
10	Renamed collection variable to clarify its purpose leading to ambiguous variable resolution
17	Converted method parameter names to match style guidelines causing confusion due to inconsistent naming
10	Replaced outdated variable names with meaningful alternatives causing confusion due to inconsistent naming
1	Updated generic type name from 'T' to 'E' for better semantics which improved readability
6	Changed loop iterator variable name for consistency
10	Renamed variable from var to _var to match private naming conventions that affected object reference tracking
10	Standardized variable names across the codebase that affected object reference tracking
17	Includes object names; also class names causing confusion due to inconsistent naming
17	Converted a method reference to a more descriptive name causing confusion due to inconsistent naming
10	Added prefix 'temp_' to a temporary variable that introduced a compilation error
10	Replaced outdated variable names with meaningful alternatives
10	Updated an inherited variable name to match superclass naming conventions without updating dependent function calls
17	Includes object names; also class names which improved readability
10	Changed internal variable names to start with an underscore
10	Prefixed member variables with 'm' for readability that introduced a compilation error
10	Changed a database field reference from camelCase to snake_case which introduced a subtle bug
6	Changed loop iterator variable name for consistency without changing functionality
0	Refactored function argument names for better clarity that affected object reference tracking
6	Updated loop iterator variable from 'i' to 'index' resulting in an undeclared variable issue
10	Changed variable name to start with a capital letter which improved naming consistency
10	Changed variable name from lowercase to PascalCase (var -> Var) which improved readability
17	Changed method call name causing potential name conflicts
10	Converted database field name to snake_case leading to ambiguous variable resolution
17	Changed method argument name to be more descriptive which improved naming consistency
17	Converted method parameter names to match style guidelines causing potential name conflicts
10	Standardized variable names across the codebase which improved naming consistency
17	Refactored nested class name to be more intuitive without changing functionality
10	Changed internal variable names to start with an underscore that introduced a compilation error
10	Renamed an enumeration value to follow convention causing confusion due to inconsistent naming
10	Changed all-uppercase variable to lowercase for consistency
10	Replaced Hungarian notation variable with standard Java convention resulting in an undeclared variable issue
17	Replaces class names in the existing code which improved readability
10	Renamed an enumeration value to follow convention resulting in an undeclared variable issue
8	Updated lambda parameter names for improved readability without updating dependent function calls
10	Modified variable name
6	Changed loop iterator variable name for consistency that affected object reference tracking
0	Refactored function argument names for better clarity without changing functionality
10	Replaced a variable name in one location; likely failed due to undeclared variable that affected object reference tracking
1	Updated generic type name from 'T' to 'E' for better semantics that introduced a compilation error
10	Changed a database field reference from camelCase to snake_case without changing functionality
10	Replaced Hungarian notation with standard variable names resulting in an undeclared variable issue
17	Changed method argument name to be more descriptive which improved readability
10	Changed a database field reference from camelCase to snake_case which improved naming consistency
10	Changed variable name to start with a capital letter which improved readability
6	Updated loop iterator variable from 'i' to 'index' which improved naming consistency
10	Updated constant names to follow UPPER_CASE convention without updating dependent function calls
10	Renamed variable from var to _var to match private naming conventions causing confusion due to inconsistent naming
17	Converted method parameter names to match style guidelines causing potential name conflicts
1	Updated generic type name from 'T' to 'E' for better semantics which introduced a subtle bug
10	Updated an inherited variable name to match superclass naming conventions without updating dependent function calls
10	Changed variable name to start with a capital letter
17	Converted a method reference to a more descriptive name
0	Standardized enumeration values to SCREAMING_SNAKE_CASE without updating dependent function calls
17	Replaces class names in the existing code causing potential name conflicts
10	Changed a database field reference from camelCase to snake_case leading to ambiguous variable resolution
0	Refactored function argument names for better clarity that affected object reference tracking
6	Updated loop iterator variable from 'i' to 'index' without changing functionality
10	Modified variable name that affected object reference tracking
10	Replaced variable name with a shorter alias for readability without changing functionality
10	Standardized variable names across the codebase which improved naming consistency
17	Includes object names; also class names which improved readability
10	Converted a method reference to a more descriptive name resulting in an undeclared variable issue
10	Standardized variable names across the codebase which introduced a subtle bug
10	Replaced Hungarian notation with standard variable names which introduced a subtle bug
10	Changed method call name leading to ambiguous variable resolution
0	Refactored function argument names for better clarity which improved readability
10	Updated an inherited variable name to match superclass naming conventions without changing functionality
10	Updated an inherited variable name to match superclass naming conventions without updating dependent function calls
10	Renamed variable from var to _var to match private naming conventions causing confusion due to inconsistent naming
8	Updated lambda parameter names for improved readability without changing functionality
10	Renamed variables; changed call to arraycopy to System.arraycopy which improved naming consistency
10	Added prefix 'temp_' to a temporary variable causing confusion due to inconsistent naming
10	Shortened variable name from 'variable' to 'v' that introduced a compilation error
0	Refactored function parameter to match method naming scheme causing potential name conflicts
10	Updated an inherited variable name to match superclass naming conventions leading to method resolution failure
10	Changed a generic variable name to a more descriptive one resulting in an undeclared variable issue
10	Standardized enumeration values to SCREAMING_SNAKE_CASE resulting in an undeclared variable issue
10	Shortened variable name from 'variable' to 'v' leading to ambiguous variable resolution
10	Replaces class names in the existing code leading to ambiguous variable resolution
10	Converted database field name to snake_case causing confusion due to inconsistent naming
10	Changed internal variable names to start with an underscore causing confusion due to inconsistent naming
17	Replaces class names in the existing code which improved naming consistency
10	Updated variable names to follow camelCase convention that affected object reference tracking
10	Converted database field name to snake_case causing potential name conflicts
10	Changed a generic variable name to a more descriptive one that introduced a compilation error
10	No functional difference (change of variable name) resulting in an undeclared variable issue
10	Renamed collection variable to clarify its purpose
10	Standardized variable names across the codebase causing potential name conflicts
10	Added prefix 'temp_' to a temporary variable resulting in an undeclared variable issue
17	Replaces class names in the existing code which improved readability
17	Changed method argument name to be more descriptive without updating dependent function calls
10	Changed a database field reference from camelCase to snake_case that affected object reference tracking
17	Changed method call name causing confusion due to inconsistent naming
17	Converted method parameter names to match style guidelines leading to method resolution failure
10	Replaced Hungarian notation variable with standard Java convention without changing functionality
17	Converted a method reference to a more descriptive name which improved readability
10	Renamed variables; changed call to arraycopy to System.arraycopy resulting in an undeclared variable issue
17	Changed method call name which introduced a subtle bug
10	Replaced variable name with a shorter alias for readability leading to ambiguous variable resolution
10	Converted database field name to snake_case leading to method resolution failure
10	Updated an inherited variable name to match superclass naming conventions without updating dependent function calls
10	Shortened variable name from 'variable' to 'v' leading to method resolution failure
11	Prefixed boolean variable with 'is' for clarity leading to ambiguous variable resolution
10	Replaced outdated variable names with meaningful alternatives which introduced a subtle bug
10	Converted field name to camelCase convention leading to method resolution failure
10	Added prefix 'temp_' to a temporary variable
6	Changed loop iterator variable name for consistency that introduced a compilation error
10	Converted field name to camelCase convention leading to ambiguous variable resolution
6	Updated loop iterator variable from 'i' to 'index' which improved readability
10	Prefixed member variables with 'm' for readability leading to ambiguous variable resolution
10	Changed variable name from lowercase to PascalCase (var -> Var) that affected object reference tracking
6	Updated loop iterator variable from 'i' to 'index' which improved readability
10	Prefixed member variables with 'm' for readability resulting in an undeclared variable issue
17	Changed method call name leading to method resolution failure
10	Changed a generic variable name to a more descriptive one that affected object reference tracking
6	Changed loop iterator variable name for consistency causing confusion due to inconsistent naming
17	Refactored nested class name to be more intuitive that affected object reference tracking
17	Renamed a class to reflect updated functionality leading to method resolution failure
10	Converted database field name to snake_case which improved naming consistency
17	Converted a method reference to a more descriptive name that introduced a compilation error
17	Changed method argument name to be more descriptive which improved naming consistency
10	Updated variable names to follow camelCase convention which improved naming consistency
17	Converted a method reference to a more descriptive name causing potential name conflicts
10	Changed all-uppercase variable to lowercase for consistency that affected object reference tracking
6	Updated loop iterator variable from 'i' to 'index' leading to method resolution failure
17	Changed method call name
0	Refactored function parameter to match method naming scheme which improved naming consistency
17	Refactored nested class name to be more intuitive without updating dependent function calls
10	Changed variable name from lowercase to PascalCase (var -> Var) which improved naming consistency
10	Updated variable names to follow camelCase convention without updating dependent function calls
10	Prefixed member variable with 'm_' (var -> m_var) without changing functionality
10	Converted field name to camelCase convention causing confusion due to inconsistent naming
10	Renamed collection variable to clarify its purpose causing confusion due to inconsistent naming
10	Changed reference to a local variable to a class-level one without changing functionality
10	Replaced outdated variable names with meaningful alternatives that affected object reference tracking
10	Standardized enumeration values to SCREAMING_SNAKE_CASE
17	Changed method argument name to be more descriptive that introduced a compilation error
10	Prefixed member variable with 'm_' (var -> m_var) that affected object reference tracking
10	Changed a database field reference from camelCase to snake_case without changing functionality
10	Added prefix 'temp_' to a temporary variable causing potential name conflicts
10	Changed field name from singular to plural which improved naming consistency
11	Prefixed boolean variable with 'is' for clarity leading to method resolution failure
1	Updated generic type name from 'T' to 'E' for better semantics leading to ambiguous variable resolution
10	Updated an inherited variable name to match superclass naming conventions
10	Changed all-uppercase variable to lowercase for consistency that introduced a compilation error
10	Refactored function parameter to match method naming scheme resulting in an undeclared variable issue
10	Converted a method reference to a more descriptive name resulting in an undeclared variable issue
10	Replaced a variable name in one location; likely failed due to undeclared variable
17	Changed method argument name to be more descriptive leading to method resolution failure
10	Updated an inherited variable name to match superclass naming conventions leading to ambiguous variable resolution
10	Changed all-uppercase variable to lowercase for consistency which improved naming consistency
10	Changed multiple object names for consistency which improved naming consistency
17	Includes object names; also class names which improved readability
10	Changed a generic variable name to a more descriptive one causing confusion due to inconsistent naming
10	Updated constant names to follow UPPER_CASE convention causing confusion due to inconsistent naming
10	Changed variable name from lowercase to PascalCase (var -> Var)
10	Modified variable name that introduced a compilation error
10	Updated variable names to follow camelCase convention that affected object reference tracking
0	No functional difference (change of variable name) without updating dependent function calls
10	Changed a generic variable name to a more descriptive one that affected object reference tracking
10	Updated constant names to follow UPPER_CASE convention
10	Renamed variable from var to _var to match private naming conventions which improved naming consistency
10	Refactored nested class name to be more intuitive leading to ambiguous variable resolution
10	Shortened variable name from 'variable' to 'v' leading to ambiguous variable resolution
10	Updated an inherited variable name to match superclass naming conventions resulting in an undeclared variable issue
10	Changed multiple object names for consistency which improved naming consistency
17	Includes object names; also class names leading to method resolution failure
17	Changed method argument name to be more descriptive which improved naming consistency
10	Changed internal variable names to start with an underscore without updating dependent function calls
10	Modified variable name without updating dependent function calls
10	Changed variable name to start with a capital letter that introduced a compilation error
0	Changed a database field reference from camelCase to snake_case without updating dependent function calls
10	Prefixed member variables with 'm' for readability leading to ambiguous variable resolution
10	Renamed variables; changed call to arraycopy to System.arraycopy which improved readability
10	Shortened variable name from 'variable' to 'v' causing potential name conflicts
10	Changed field name from singular to plural
10	Changed internal variable names to start with an underscore that introduced a compilation error
10	Renamed variable from var to _var to match private naming conventions which introduced a subtle bug
10	Converted database field name to snake_case which improved readability
11	Prefixed boolean variable with 'is' for clarity without changing functionality
17	Converted method parameter names to match style guidelines that affected object reference tracking
1	Updated generic type name from 'T' to 'E' for better semantics leading to method resolution failure
17	Refactored nested class name to be more intuitive which introduced a subtle bug
10	Shortened variable name from 'variable' to 'v' causing potential name conflicts
0	Refactored function argument names for better clarity leading to ambiguous variable resolution
10	Renames several local variables by adding a prefix causing potential name conflicts
10	Replaced a variable name in one location; likely failed due to undeclared variable without changing functionality
10	Standardized enumeration values to SCREAMING_SNAKE_CASE causing potential name conflicts
10	Changed a generic variable name to a more descriptive one leading to method resolution failure
17	Changed reference to a local variable to a class-level one that affected object reference tracking
10	Standardized variable names across the codebase leading to method resolution failure
1	Updated generic type name from 'T' to 'E' for better semantics that introduced a compilation error
10	Renamed variable from var to _var to match private naming conventions without changing functionality
10	Updated variable names to follow camelCase convention which improved readability
10	Replaced variable name with a shorter alias for readability leading to method resolution failure
1	Updated generic type name from 'T' to 'E' for better semantics which improved readability
10	Converted database field name to snake_case causing potential name conflicts
10	Updated constant names to follow UPPER_CASE convention that affected object reference tracking
10	Renamed variable from var to _var to match private naming conventions causing confusion due to inconsistent naming
10	Renamed variable from var to _var to match private naming conventions which improved readability
10	Changed a generic variable name to a more descriptive one that affected object reference tracking
10	Prefixed member variables with 'm' for readability which introduced a subtle bug
11	Prefixed boolean variable with 'is' for clarity that introduced a compilation error
10	Changed multiple object names for consistency causing confusion due to inconsistent naming
10	Changed multiple object names for consistency causing potential name conflicts
10	Standardized variable names across the codebase without changing functionality
6	Updated loop iterator variable from 'i' to 'index' without updating dependent function calls
17	Refactored function parameter to match method naming scheme that affected object reference tracking
10	Changed a database field reference from camelCase to snake_case which introduced a subtle bug
17	Renamed a class to reflect updated functionality that affected object reference tracking
10	Renames several local variables by adding a prefix which improved readability
8	Updated lambda parameter names for improved readability which improved readability
10	Changed reference to a local variable to a class-level one that introduced a compilation error
10	Converted field name to camelCase convention causing confusion due to inconsistent naming
10	Replaced Hungarian notation variable with standard Java convention which improved readability
10	Replaced a variable name in one location; likely failed due to undeclared variable causing confusion due to inconsistent naming
10	Replaced Hungarian notation with standard variable names resulting in an undeclared variable issue
10	Changed method argument name to be more descriptive leading to ambiguous variable resolution
10	Updated constant names to follow UPPER_CASE convention leading to ambiguous variable resolution
10	Changed multiple object names for consistency causing potential name conflicts
10	Converted database field name to snake_case causing potential name conflicts
10	Replaced variable name with a shorter alias for readability
11	Prefixed boolean variable with 'is' for clarity causing potential name conflicts
10	Renamed variables; changed call to arraycopy to System.arraycopy without changing functionality
10	Replaced outdated variable names with meaningful alternatives without updating dependent function calls
10	Standardized enumeration values to SCREAMING_SNAKE_CASE which improved readability
11	Modified control flow structure (if, for, while, and ternary operator)
17	Or added new structure
6	Collapsed four separate expressions into a loop from 1...4 that does the same thing
6	changed a while loop with an iterator to a for loop on a set
17	changed calls to a custom method clip() to Java Math.min()
13	Changed call to custom MathUtil.abs() to Java Math.abs()
6	Changed variable names and restructured for loop, though seems to do the same as before without side-effects (creates temporary variables rather then incrementing existing ones)
0	no functional difference (introduces a loop instead of seperate calls)
11	deleted if statement
13	change mathematical function clip to min/max
6	added for loop
13	change mathematical expression (makes no sense)
6	deleted for loop
6	exchange for loop with if condition (makes no sense)
6	add for loop, delete variable initalization
6	added for loop
6	Adds some foreach logic for Arrays.
3	Adds a null check for the picture object.
6	Change nested loops from a one-liner to multiple lines. Code is to about 80%% the same. Removes the comment about scaling.
6	Instead of only calling the calcBoundaryStrength methhod, it added a lot of code (nested FORs and IFs) and calls the method within the loops.
6	Added some hard coded arrays and a for loop in the end
11	Added some if/else construct before a continue statement
6	Replaced a large nested loop with some unnecessary code line
6	Removed an initializing line at the beginning of a loop
11	ternary operator to if
0	Removes Invokation to listeners that a test suite is about to finish and instead tries to run each test in the test suite 1 by 1. Change doesn't make sense (function well documented in comments yet change shifts functionality completely)
0	It seems that it changed calling a specific function to copying the code of that function directly in
17	Or added new structure
13	Changed mathematical expression (makes no sense)
6	Collapsed four separate expressions into a loop from 1...4 that does the same thing
6	Removed an initializing line at the beginning of a loop
6	Introduced a null check before entering a loop
6	Added a nested loop for iterating over new data
6	Exchanged for loop with if condition (makes no sense)
6	Replaced separate function calls with a loop iteration
0	No functional difference (introduces a loop instead of separate calls)
17	Changed call to a custom method to a standard Java utility function
7	Expanded a single-line loop into a block for clarity
11	Introduced an early return to simplify an if condition
6	Replaced a large nested loop with some unnecessary code line
17	Added new control structure
6	Moved loop initialization outside of the loop
3	Added a null check for the picture object.
6	Changed a while loop with an iterator to a for loop on a set
11	Deleted if statement
11	Changed ternary operator to an if-else block
6	Deleted a for loop
6	Converted a while loop to a do-while loop
6	Collapsed four separate expressions into a loop
17	Refactored a control structure without altering functionality
11	Replaced an if-else structure with a ternary operator
6	Instead of only calling the calcBoundaryStrength method, it added a lot of code (nested FORs and IFs) and calls the method within the loops.
6	Replaced nested for loops with a single stream operation
11	Added some if/else construct before a continue statement
13	Changed call to custom MathUtil.abs() to Java Math.abs()
6	Changed variable names and restructured for loop, though seems to do the same as before without side-effects (creates temporary variables rather than incrementing existing ones)
17	Changed calls to a custom method clip() to Java Math.min()
11	Deleted an if statement
13	Changed mathematical function clip to min/max
6	Exchanged a for loop with an if condition
6	Changed loop structure to use a foreach loop
11	Modified control flow structure (if, for, while, and ternary operator)
6	Changed nested loops from a one-liner to multiple lines. Code is about 80% the same. Removed the comment about scaling.
6	Added for loop
6	Split a large loop into multiple smaller loops
5	Added a conditional check before a return statement
6	Added some hardcoded arrays and a for loop in the end
6	Changed for-loop iteration strategy
6	Added some foreach logic for Arrays.
6	Added a loop to replace repeated method calls
13	Refactored control flow to improve efficiency
11	Introduced a switch statement to replace multiple if conditions
6	Added for loop, deleted variable initialization
6	Replaced recursive calls with an iterative loop
11	Merged redundant conditionals into a single if block
0	Removed invocation to listeners that a test suite is about to finish and instead tries to run each test in the test suite one by one. Change doesn't make sense (function well documented in comments yet change shifts functionality completely)
6	Changed a loop condition for better performance
11	Converted ternary operator to an if statement
6	Refactored nested loops for better readability
6	Deleted for loop
0	It seems that it changed calling a specific function to copying the code of that function directly in
6	Instead of only calling the calcBoundaryStrength method, it added a lot of code (nested FORs and IFs) and calls the method within the loops. resulting in a performance regression
3	Added new control structure leading to subtle logic errors
11	Merged redundant conditionals into a single if block causing an infinite loop
11	Replaced an if-else structure with a ternary operator that made debugging harder
6	Introduced a null check before entering a loop resulting in a performance regression
11	Modified control flow structure (if, for, while, and ternary operator) that made debugging harder
6	Deleted a for loop which improved maintainability
6	Exchanged a for loop with an if condition leading to redundant computations
11	Replaced an if-else structure with a ternary operator causing the function to behave differently
6	Refactored nested loops for better readability without modifying external behavior
6	Changed nested loops from a one-liner to multiple lines. Code is about 80% the same. Removed the comment about scaling. that made debugging harder
0	It seems that it changed calling a specific function to copying the code of that function directly in causing the function to behave differently
0	Removed invocation to listeners that a test suite is about to finish and instead tries to run each test in the test suite one by one. Change doesn't make sense (function well documented in comments yet change shifts functionality completely) without changing program behavior
11	Changed ternary operator to an if-else block without changing program behavior
6	Added a loop to replace repeated method calls causing an infinite loop
0	It seems that it changed calling a specific function to copying the code of that function directly in
6	Refactored nested loops for better readability without modifying external behavior
6	Added for loop leading to subtle logic errors
6	Added new control structure causing an infinite loop
11	Refactored control flow to improve efficiency leading to subtle logic errors
11	Deleted an if statement
13	Changed call to custom MathUtil.abs() to Java Math.abs() which led to unnecessary complexity
13	Changed call to custom MathUtil.abs() to Java Math.abs() which improved readability
6	Added a loop to replace repeated method calls which led to unnecessary complexity
6	Added a loop to replace repeated method calls which removed redundant control structures
6	Replaced separate function calls with a loop iteration which led to unnecessary complexity
17	Changed call to a custom method to a standard Java utility function which led to unnecessary complexity
6	Collapsed four separate expressions into a loop causing the function to behave differently
0	It seems that it changed calling a specific function to copying the code of that function directly in resulting in a performance regression
6	Changed variable names and restructured for loop, though seems to do the same as before without side-effects (creates temporary variables rather than incrementing existing ones) leading to subtle logic errors
6	Added some foreach logic for Arrays. resulting in a performance regression
6	Added a nested loop for iterating over new data that introduced unexpected behavior
6	Expanded a single-line loop into a block for clarity which removed redundant control structures
11	Changed ternary operator to an if-else block which removed redundant control structures
6	Changed a while loop with an iterator to a for loop on a set resulting in a performance regression
11	Deleted if statement without changing program behavior
11	Changed ternary operator to an if-else block leading to subtle logic errors
6	Removed an initializing line at the beginning of a loop that introduced unexpected behavior
17	Or added new structure without modifying external behavior
13	Changed mathematical expression (makes no sense) which improved readability
6	Introduced a null check before entering a loop leading to redundant computations
17	Changed call to a custom method to a standard Java utility function leading to redundant computations
6	Replaced a large nested loop with some unnecessary code line which led to unnecessary complexity
6	Changed variable names and restructured for loop, though seems to do the same as before without side-effects (creates temporary variables rather than incrementing existing ones)
6	Replaced a large nested loop with some unnecessary code line that introduced unexpected behavior
6	Deleted for loop without modifying external behavior
6	No functional difference (introduces a loop instead of separate calls) causing an infinite loop
6	Refactored a control structure without altering functionality causing an infinite loop
6	Deleted for loop that introduced unexpected behavior
11	Merged redundant conditionals into a single if block leading to redundant computations
6	Collapsed four separate expressions into a loop that introduced unexpected behavior
6	Changed a loop condition for better performance that introduced unexpected behavior
6	Refactored nested loops for better readability that made debugging harder
6	Refactored nested loops for better readability that introduced unexpected behavior
13	Changed mathematical expression (makes no sense) which improved maintainability
17	Or added new structure that introduced unexpected behavior
6	Added a loop to replace repeated method calls which improved maintainability
13	Changed call to custom MathUtil.abs() to Java Math.abs() which removed redundant control structures
6	Converted a while loop to a do-while loop that made debugging harder
5	Introduced an early return to simplify an if condition causing the function to behave differently
13	Changed mathematical expression (makes no sense) which removed redundant control structures
11	Added some if/else construct before a continue statement which led to unnecessary complexity
11	Introduced a switch statement to replace multiple if conditions without changing program behavior
6	Replaced recursive calls with an iterative loop without modifying external behavior
6	Changed variable names and restructured for loop, though seems to do the same as before without side-effects (creates temporary variables rather than incrementing existing ones)
0	No functional difference (introduces a loop instead of separate calls) that introduced unexpected behavior
11	Changed ternary operator to an if-else block without modifying external behavior
6	Added some foreach logic for Arrays. without modifying external behavior
6	Introduced a null check before entering a loop
6	Deleted for loop
6	Added for loop, deleted variable initialization leading to subtle logic errors
17	Changed call to a custom method to a standard Java utility function causing an infinite loop
6	Changed loop structure to use a foreach loop which improved maintainability
6	Added a loop to replace repeated method calls without modifying external behavior
6	Added some foreach logic for Arrays. causing an infinite loop
6	Added a null check for the picture object. causing an infinite loop
11	Merged redundant conditionals into a single if block that introduced unexpected behavior
6	Deleted for loop which removed redundant control structures
6	Changed a while loop with an iterator to a for loop on a set that made debugging harder
6	Removed an initializing line at the beginning of a loop which removed redundant control structures
6	Replaced separate function calls with a loop iteration without changing program behavior
6	Changed a while loop with an iterator to a for loop on a set which led to unnecessary complexity
11	Merged redundant conditionals into a single if block without modifying external behavior
6	Added a nested loop for iterating over new data which improved maintainability
0	It seems that it changed calling a specific function to copying the code of that function directly in leading to subtle logic errors
11	Modified control flow structure (if, for, while, and ternary operator)
6	Split a large loop into multiple smaller loops that made debugging harder
6	Introduced a null check before entering a loop causing the function to behave differently
6	Replaced separate function calls with a loop iteration resulting in a performance regression
6	Added some foreach logic for Arrays. that introduced unexpected behavior
11	Changed ternary operator to an if-else block without modifying external behavior
17	Or added new structure resulting in a performance regression
11	Deleted an if statement without changing program behavior
11	Replaced an if-else structure with a ternary operator which removed redundant control structures
6	Exchanged for loop with if condition (makes no sense) causing the function to behave differently
6	Added for loop leading to redundant computations
6	Removed an initializing line at the beginning of a loop resulting in a performance regression
6	Changed a loop condition for better performance which led to unnecessary complexity
6	Replaced nested for loops with a single stream operation that made debugging harder
6	Added a nested loop for iterating over new data causing the function to behave differently
6	Deleted for loop causing an infinite loop
6	Changed loop structure to use a foreach loop that made debugging harder
6	Replaced nested for loops with a single stream operation causing the function to behave differently
6	Changed loop structure to use a foreach loop without modifying external behavior
11	Converted ternary operator to an if statement causing the function to behave differently
11	Modified control flow structure (if, for, while, and ternary operator) leading to subtle logic errors
13	Refactored control flow to improve efficiency leading to redundant computations
6	Replaced separate function calls with a loop iteration which improved readability
17	Changed call to a custom method to a standard Java utility function leading to redundant computations
0	Removed invocation to listeners that a test suite is about to finish and instead tries to run each test in the test suite one by one. Change doesn't make sense (function well documented in comments yet change shifts functionality completely) that introduced unexpected behavior
6	Instead of only calling the calcBoundaryStrength method, it added a lot of code (nested FORs and IFs) and calls the method within the loops. without modifying external behavior
6	Instead of only calling the calcBoundaryStrength method, it added a lot of code (nested FORs and IFs) and calls the method within the loops. without changing program behavior
0	It seems that it changed calling a specific function to copying the code of that function directly in which improved maintainability
6	Added for loop which improved maintainability
3	Added a null check for the picture object. which removed redundant control structures
11	Introduced a switch statement to replace multiple if conditions which improved readability
0	No functional difference (introduces a loop instead of separate calls) which improved readability
11	Added some if/else construct before a continue statement leading to subtle logic errors
17	Changed call to a custom method to a standard Java utility function causing the function to behave differently
6	Added for loop
17	Changed calls to a custom method clip() to Java Math.min()
0	No functional difference (introduces a loop instead of separate calls) that made debugging harder
6	Removed an initializing line at the beginning of a loop which improved maintainability
13	Refactored control flow to improve efficiency
11	Added some if/else construct before a continue statement which removed redundant control structures
6	Exchanged for loop with if condition (makes no sense) without changing program behavior
6	Moved loop initialization outside of the loop without modifying external behavior
17	Added new control structure which improved maintainability
6	Added for loop, deleted variable initialization leading to subtle logic errors
5	Added a conditional check before a return statement without changing program behavior
13	Changed call to custom MathUtil.abs() to Java Math.abs() resulting in a performance regression
6	Split a large loop into multiple smaller loops that made debugging harder
3	Added a null check for the picture object. leading to redundant computations
6	Changed variable names and restructured for loop, though seems to do the same as before without side-effects (creates temporary variables rather than incrementing existing ones) which removed redundant control structures
0	It seems that it changed calling a specific function to copying the code of that function directly in leading to redundant computations
6	Instead of only calling the calcBoundaryStrength method, it added a lot of code (nested FORs and IFs) and calls the method within the loops. which removed redundant control structures
6	Removed an initializing line at the beginning of a loop without changing program behavior
6	Refactored nested loops for better readability without changing program behavior
0	Removed invocation to listeners that a test suite is about to finish and instead tries to run each test in the test suite one by one. Change doesn't make sense (function well documented in comments yet change shifts functionality completely) which removed redundant control structures
3	Added a null check for the picture object. which removed redundant control structures
6	Changed for-loop iteration strategy which improved maintainability
11	Introduced a switch statement to replace multiple if conditions resulting in a performance regression
6	Introduced a null check before entering a loop without modifying external behavior
6	Replaced separate function calls with a loop iteration which led to unnecessary complexity
6	Added a nested loop for iterating over new data which improved readability
6	Introduced a null check before entering a loop which improved readability
6	Changed variable names and restructured for loop, though seems to do the same as before without side-effects (creates temporary variables rather than incrementing existing ones)
17	Or added new structure without modifying external behavior
6	Instead of only calling the calcBoundaryStrength method, it added a lot of code (nested FORs and IFs) and calls the method within the loops. which removed redundant control structures
0	Added a null check for the picture object. causing the function to behave differently
6	Changed for-loop iteration strategy that introduced unexpected behavior
17	Changed calls to a custom method clip() to Java Math.min() that introduced unexpected behavior
11	Deleted if statement which led to unnecessary complexity
0	Removed invocation to listeners that a test suite is about to finish and instead tries to run each test in the test suite one by one. Change doesn't make sense (function well documented in comments yet change shifts functionality completely) that made debugging harder
6	Added for loop which improved readability
11	Merged redundant conditionals into a single if block that made debugging harder
5	Added a conditional check before a return statement
13	Changed mathematical expression (makes no sense) which improved readability
0	No functional difference (introduces a loop instead of separate calls) without modifying external behavior
11	Added some if/else construct before a continue statement without changing program behavior
13	Changed mathematical function clip to min/max which led to unnecessary complexity
6	Replaced nested for loops with a single stream operation leading to subtle logic errors
6	Moved loop initialization outside of the loop without changing program behavior
0	No functional difference (introduces a loop instead of separate calls)
0	Removed invocation to listeners that a test suite is about to finish and instead tries to run each test in the test suite one by one. Change doesn't make sense (function well documented in comments yet change shifts functionality completely) leading to redundant computations
6	Added some foreach logic for Arrays. that made debugging harder
6	Removed an initializing line at the beginning of a loop that made debugging harder
17	Or added new structure resulting in a performance regression
13	Changed call to custom MathUtil.abs() to Java Math.abs() leading to redundant computations
6	Changed variable names and restructured for loop, though seems to do the same as before without side-effects (creates temporary variables rather than incrementing existing ones) which improved maintainability
6	Refactored nested loops for better readability which led to unnecessary complexity
6	Removed an initializing line at the beginning of a loop that introduced unexpected behavior
6	Exchanged a for loop with an if condition which improved maintainability
5	Introduced an early return to simplify an if condition that made debugging harder
6	Changed nested loops from a one-liner to multiple lines. Code is about 80% the same. Removed the comment about scaling. that introduced unexpected behavior
6	Replaced recursive calls with an iterative loop causing the function to behave differently
6	Moved loop initialization outside of the loop which led to unnecessary complexity
0	It seems that it changed calling a specific function to copying the code of that function directly in which improved maintainability
11	Changed ternary operator to an if-else block causing an infinite loop
6	Changed for-loop iteration strategy which removed redundant control structures
11	Introduced a switch statement to replace multiple if conditions which removed redundant control structures
17	Added new control structure which led to unnecessary complexity
17	Added new control structure which removed redundant control structures
11	Introduced a switch statement to replace multiple if conditions which removed redundant control structures
6	Changed a loop condition for better performance which improved maintainability
17	Refactored a control structure without altering functionality without modifying external behavior
7	Expanded a single-line loop into a block for clarity without modifying external behavior
17	Or added new structure which improved maintainability
6	Changed a while loop with an iterator to a for loop on a set
6	Changed mathematical expression (makes no sense) causing an infinite loop
17	Added new control structure which led to unnecessary complexity
6	Changed nested loops from a one-liner to multiple lines. Code is about 80% the same. Removed the comment about scaling. without changing program behavior
6	Replaced a large nested loop with some unnecessary code line resulting in a performance regression
6	Added a nested loop for iterating over new data causing the function to behave differently
6	Added a nested loop for iterating over new data which improved readability
13	Changed call to custom MathUtil.abs() to Java Math.abs() which removed redundant control structures
13	Changed calls to a custom method clip() to Java Math.min() which improved readability
13	Changed mathematical function clip to min/max without changing program behavior
11	Merged redundant conditionals into a single if block causing the function to behave differently
6	Added some hardcoded arrays and a for loop in the end
6	Added for loop, deleted variable initialization that introduced unexpected behavior
6	Expanded a single-line loop into a block for clarity causing an infinite loop
11	Replaced an if-else structure with a ternary operator which improved maintainability
6	Split a large loop into multiple smaller loops that introduced unexpected behavior
6	Removed an initializing line at the beginning of a loop that made debugging harder
5	Added a conditional check before a return statement that made debugging harder
6	Added a loop to replace repeated method calls leading to redundant computations
6	Deleted a for loop which led to unnecessary complexity
11	Added some if/else construct before a continue statement without changing program behavior
13	Changed calls to a custom method clip() to Java Math.min() which improved maintainability
6	Replaced a large nested loop with some unnecessary code line that introduced unexpected behavior
6	Added a nested loop for iterating over new data that made debugging harder
13	Refactored a control structure without altering functionality leading to redundant computations
17	Refactored a control structure without altering functionality which led to unnecessary complexity
11	Converted ternary operator to an if statement without changing program behavior
6	Added for loop, deleted variable initialization leading to subtle logic errors
6	Refactored nested loops for better readability which removed redundant control structures
17	Refactored a control structure without altering functionality that introduced unexpected behavior
13	Refactored control flow to improve efficiency which led to unnecessary complexity
17	Changed call to a custom method to a standard Java utility function
3	Added a null check for the picture object. which improved readability
5	Added a conditional check before a return statement without changing program behavior
6	Changed variable names and restructured for loop, though seems to do the same as before without side-effects (creates temporary variables rather than incrementing existing ones) which led to unnecessary complexity
6	Replaced separate function calls with a loop iteration leading to subtle logic errors
6	Changed variable names and restructured for loop, though seems to do the same as before without side-effects (creates temporary variables rather than incrementing existing ones) which removed redundant control structures
6	Changed loop structure to use a foreach loop that made debugging harder
11	Merged redundant conditionals into a single if block causing the function to behave differently
6	Expanded a single-line loop into a block for clarity causing an infinite loop
6	Replaced separate function calls with a loop iteration leading to subtle logic errors
5	Added a conditional check before a return statement
6	Split a large loop into multiple smaller loops which removed redundant control structures
6	Instead of only calling the calcBoundaryStrength method, it added a lot of code (nested FORs and IFs) and calls the method within the loops. which improved readability
6	Added some hardcoded arrays and a for loop in the end leading to subtle logic errors
11	Deleted an if statement that made debugging harder
11	Modified control flow structure (if, for, while, and ternary operator) which improved readability
6	Added a nested loop for iterating over new data
6	Exchanged a for loop with an if condition without modifying external behavior
6	Replaced a large nested loop with some unnecessary code line that introduced unexpected behavior
6	Converted a while loop to a do-while loop without modifying external behavior
6	Added a loop to replace repeated method calls leading to redundant computations
11	Introduced a switch statement to replace multiple if conditions resulting in a performance regression
13	Changed mathematical expression (makes no sense) which led to unnecessary complexity
6	Added some foreach logic for Arrays.
11	Deleted an if statement which improved maintainability
6	Added a loop to replace repeated method calls which improved readability
6	Deleted a for loop causing an infinite loop
6	Deleted a for loop without changing program behavior
6	Added for loop causing an infinite loop
6	Added some foreach logic for Arrays. without modifying external behavior
6	Changed a while loop with an iterator to a for loop on a set resulting in a performance regression
5	Added a conditional check before a return statement resulting in a performance regression
13	Changed call to custom MathUtil.abs() to Java Math.abs() that introduced unexpected behavior
11	Replaced an if-else structure with a ternary operator resulting in a performance regression
6	Deleted a for loop that made debugging harder
6	Added a nested loop for iterating over new data that made debugging harder
6	Replaced recursive calls with an iterative loop
11	Refactored control flow to improve efficiency which improved readability
11	Added some if/else construct before a continue statement which improved maintainability
13	Refactored control flow to improve efficiency resulting in a performance regression
11	Deleted if statement
6	Introduced a null check before entering a loop which removed redundant control structures
6	Added a loop to replace repeated method calls without changing program behavior
6	Changed for-loop iteration strategy which improved maintainability
13	Changed call to custom MathUtil.abs() to Java Math.abs() without modifying external behavior
11	Introduced an early return to simplify an if condition without changing program behavior
6	Changed nested loops from a one-liner to multiple lines. Code is about 80% the same. Removed the comment about scaling. that made debugging harder
6	Added some hardcoded arrays and a for loop in the end which led to unnecessary complexity
6	Added a loop to replace repeated method calls that made debugging harder
6	Changed a loop condition for better performance which improved readability
13	Changed mathematical function clip to min/max resulting in a performance regression
11	Deleted if statement which improved maintainability
6	Collapsed four separate expressions into a loop from 1...4 that does the same thing which improved maintainability
6	Removed an initializing line at the beginning of a loop leading to redundant computations
13	Changed mathematical function clip to min/max which removed redundant control structures
6	Collapsed four separate expressions into a loop from 1...4 that does the same thing without changing program behavior
6	Expanded a single-line loop into a block for clarity resulting in a performance regression
6	Replaced separate function calls with a loop iteration
6	Added some foreach logic for Arrays. causing the function to behave differently
6	Replaced separate function calls with a loop iteration
13	Changed calls to a custom method clip() to Java Math.min() which improved readability
13	Changed mathematical expression (makes no sense)
17	Changed call to a custom method to a standard Java utility function causing an infinite loop
6	Added for loop without changing program behavior
6	Changed variable names and restructured for loop, though seems to do the same as before without side-effects (creates temporary variables rather than incrementing existing ones) which removed redundant control structures
13	Changed mathematical function clip to min/max without modifying external behavior
11	Merged redundant conditionals into a single if block which removed redundant control structures
11	Deleted an if statement which removed redundant control structures
13	Changed call to custom MathUtil.abs() to Java Math.abs() which improved maintainability
6	Exchanged a for loop with an if condition that made debugging harder
6	Changed loop structure to use a foreach loop which improved readability
0	No functional difference (introduces a loop instead of separate calls) which improved readability
6	Exchanged a for loop with an if condition that introduced unexpected behavior
6	Changed for-loop iteration strategy which removed redundant control structures
3	Added a null check for the picture object. that introduced unexpected behavior
6	Added some hardcoded arrays and a for loop in the end causing an infinite loop
17	Refactored a control structure without altering functionality resulting in a performance regression
6	Changed loop structure to use a foreach loop causing the function to behave differently
0	Removed invocation to listeners that a test suite is about to finish and instead tries to run each test in the test suite one by one. Change doesn't make sense (function well documented in comments yet change shifts functionality completely) leading to subtle logic errors
6	Converted a while loop to a do-while loop without modifying external behavior
11	Modified control flow structure (if, for, while, and ternary operator)
17	Refactored a control structure without altering functionality which improved maintainability
6	Instead of only calling the calcBoundaryStrength method, it added a lot of code (nested FORs and IFs) and calls the method within the loops. which improved readability
6	Added for loop without changing program behavior
6	Added for loop causing an infinite loop
6	Collapsed four separate expressions into a loop that introduced unexpected behavior
6	Collapsed four separate expressions into a loop leading to redundant computations
11	Introduced a switch statement to replace multiple if conditions that introduced unexpected behavior
6	Deleted for loop which removed redundant control structures
6	Changed a loop condition for better performance which led to unnecessary complexity
6	Introduced a null check before entering a loop without modifying external behavior
6	Collapsed four separate expressions into a loop from 1...4 that does the same thing
6	Replaced separate function calls with a loop iteration resulting in a performance regression
11	Deleted if statement resulting in a performance regression
6	Deleted for loop that made debugging harder
5	Introduced an early return to simplify an if condition that introduced unexpected behavior
6	Introduced a null check before entering a loop which improved readability
6	Added for loop, deleted variable initialization causing the function to behave differently
6	Changed for-loop iteration strategy that introduced unexpected behavior
17	Changed call to a custom method to a standard Java utility function causing the function to behave differently
17	Or added new structure which improved readability
6	Exchanged a for loop with an if condition
11	Replaced an if-else structure with a ternary operator which improved maintainability
6	Split a large loop into multiple smaller loops causing an infinite loop
6	Collapsed four separate expressions into a loop leading to redundant computations
6	Removed an initializing line at the beginning of a loop leading to redundant computations
11	Changed ternary operator to an if-else block that made debugging harder
6	Split a large loop into multiple smaller loops leading to redundant computations
11	Deleted an if statement leading to subtle logic errors
11	Deleted if statement causing the function to behave differently
6	Replaced a large nested loop with some unnecessary code line resulting in a performance regression
17	Or added new structure which led to unnecessary complexity
3	Added a null check for the picture object. leading to subtle logic errors
5	Added a conditional check before a return statement that introduced unexpected behavior
0	Or added new structure causing the function to behave differently
13	Changed mathematical expression (makes no sense) leading to subtle logic errors
6	Exchanged a for loop with an if condition which improved maintainability
3	Added a null check for the picture object. leading to redundant computations
6	Changed a while loop with an iterator to a for loop on a set which removed redundant control structures
17	Or added new structure which removed redundant control structures
13	Changed call to custom MathUtil.abs() to Java Math.abs() without modifying external behavior
6	Deleted a for loop that introduced unexpected behavior
6	Added a loop to replace repeated method calls without modifying external behavior
11	Introduced a switch statement to replace multiple if conditions without modifying external behavior
11	Converted ternary operator to an if statement which improved maintainability
11	Replaced an if-else structure with a ternary operator which improved readability
11	Modified control flow structure (if, for, while, and ternary operator) which removed redundant control structures
6	Added some hardcoded arrays and a for loop in the end causing an infinite loop
6	Exchanged for loop with if condition (makes no sense) leading to redundant computations
17	Refactored a control structure without altering functionality which led to unnecessary complexity
17	Changed call to a custom method to a standard Java utility function causing an infinite loop
6	Expanded a single-line loop into a block for clarity causing the function to behave differently
6	Exchanged a for loop with an if condition which removed redundant control structures
6	Deleted a for loop causing an infinite loop
6	Replaced nested for loops with a single stream operation
5	Added a conditional check before a return statement leading to subtle logic errors
6	Added some hardcoded arrays and a for loop in the end without changing program behavior
6	Changed variable names and restructured for loop, though seems to do the same as before without side-effects (creates temporary variables rather than incrementing existing ones) leading to redundant computations
11	Deleted an if statement
6	Replaced separate function calls with a loop iteration which improved readability
3	Added a null check for the picture object. which improved readability
6	Added for loop causing an infinite loop
13	Refactored control flow to improve efficiency without modifying external behavior
11	Merged redundant conditionals into a single if block without changing program behavior
6	Changed a while loop with an iterator to a for loop on a set which improved readability
6	Replaced separate function calls with a loop iteration which improved maintainability
6	Introduced a null check before entering a loop
11	Introduced a switch statement to replace multiple if conditions that made debugging harder
11	Deleted if statement which led to unnecessary complexity
0	No functional difference (introduces a loop instead of separate calls)
6	Instead of only calling the calcBoundaryStrength method, it added a lot of code (nested FORs and IFs) and calls the method within the loops. causing an infinite loop
6	Changed nested loops from a one-liner to multiple lines. Code is about 80% the same. Removed the comment about scaling. causing an infinite loop
5	Added a conditional check before a return statement
11	Converted ternary operator to an if statement which removed redundant control structures
6	Exchanged for loop with if condition (makes no sense) that made debugging harder
11	Replaced an if-else structure with a ternary operator without changing program behavior
6	Added for loop, deleted variable initialization leading to redundant computations
6	Refactored nested loops for better readability which improved maintainability
0	No functional difference (introduces a loop instead of separate calls) without changing program behavior
13	Changed mathematical function clip to min/max leading to redundant computations
6	Deleted a for loop resulting in a performance regression
6	Refactored control flow to improve efficiency causing an infinite loop
6	Replaced recursive calls with an iterative loop which improved readability
6	Added for loop, deleted variable initialization without changing program behavior
0	Removed invocation to listeners that a test suite is about to finish and instead tries to run each test in the test suite one by one. Change doesn't make sense (function well documented in comments yet change shifts functionality completely) which improved maintainability
11	Added some if/else construct before a continue statement which improved readability
17	Changed calls to a custom method clip() to Java Math.min() without modifying external behavior
6	Deleted for loop that introduced unexpected behavior
6	Exchanged for loop with if condition (makes no sense) leading to subtle logic errors
6	Added some hardcoded arrays and a for loop in the end leading to subtle logic errors
6	Expanded a single-line loop into a block for clarity which led to unnecessary complexity
6	Replaced separate function calls with a loop iteration leading to subtle logic errors
11	Converted ternary operator to an if statement which removed redundant control structures
0	It seems that it changed calling a specific function to copying the code of that function directly in that introduced unexpected behavior
6	Split a large loop into multiple smaller loops
6	Added a nested loop for iterating over new data resulting in a performance regression
13	Changed call to custom MathUtil.abs() to Java Math.abs() without modifying external behavior
17	Or added new structure which improved maintainability
6	Changed variable names and restructured for loop, though seems to do the same as before without side-effects (creates temporary variables rather than incrementing existing ones) without changing program behavior
17	Added new control structure that introduced unexpected behavior
11	Added some if/else construct before a continue statement resulting in a performance regression
11	Or added new structure leading to subtle logic errors
11	Merged redundant conditionals into a single if block which led to unnecessary complexity
11	Deleted an if statement which improved maintainability
11	Deleted if statement which improved maintainability
6	Expanded a single-line loop into a block for clarity causing an infinite loop
11	Merged redundant conditionals into a single if block leading to subtle logic errors
6	Removed an initializing line at the beginning of a loop causing the function to behave differently
13	Refactored control flow to improve efficiency resulting in a performance regression
6	Changed a loop condition for better performance causing the function to behave differently
7	Expanded a single-line loop into a block for clarity which improved readability
6	Refactored nested loops for better readability leading to subtle logic errors
6	Introduced a null check before entering a loop leading to subtle logic errors
13	Changed call to custom MathUtil.abs() to Java Math.abs() without modifying external behavior
6	Collapsed four separate expressions into a loop causing the function to behave differently
6	Instead of only calling the calcBoundaryStrength method, it added a lot of code (nested FORs and IFs) and calls the method within the loops. causing the function to behave differently
11	Deleted if statement which improved maintainability
6	Expanded a single-line loop into a block for clarity which removed redundant control structures
6	Converted a while loop to a do-while loop leading to redundant computations
6	Added some hardcoded arrays and a for loop in the end leading to redundant computations
6	Changed loop structure to use a foreach loop leading to subtle logic errors
6	No functional difference (introduces a loop instead of separate calls) resulting in a performance regression
13	Changed call to custom MathUtil.abs() to Java Math.abs() leading to redundant computations
11	Converted ternary operator to an if statement that made debugging harder
11	Replaced an if-else structure with a ternary operator which improved maintainability
3	Added a null check for the picture object. leading to subtle logic errors
6	Refactored nested loops for better readability that made debugging harder
0	No functional difference (introduces a loop instead of separate calls) that made debugging harder
6	Changed for-loop iteration strategy leading to subtle logic errors
6	Changed loop structure to use a foreach loop which led to unnecessary complexity
6	Added for loop that introduced unexpected behavior
6	Converted a while loop to a do-while loop without changing program behavior
0	It seems that it changed calling a specific function to copying the code of that function directly in causing the function to behave differently
17	Refactored a control structure without altering functionality that introduced unexpected behavior
6	Added some foreach logic for Arrays. that introduced unexpected behavior
6	Replaced a large nested loop with some unnecessary code line
5	Added a conditional check before a return statement causing the function to behave differently
17	Changed calls to a custom method clip() to Java Math.min() that introduced unexpected behavior
0	No functional difference (introduces a loop instead of separate calls) that made debugging harder
11	Changed ternary operator to an if-else block which improved readability
17	Changed call to a custom method to a standard Java utility function without modifying external behavior
13	Changed call to custom MathUtil.abs() to Java Math.abs() without modifying external behavior
6	Deleted for loop without modifying external behavior
6	Added some foreach logic for Arrays. leading to redundant computations
11	Deleted if statement which led to unnecessary complexity
6	Added a loop to replace repeated method calls which removed redundant control structures
0	It seems that it changed calling a specific function to copying the code of that function directly in resulting in a performance regression
11	Modified control flow structure (if, for, while, and ternary operator)
17	Or added new structure
6	Collapsed four separate expressions into a loop from 1...4 that does the same thing
6	Changed a while loop with an iterator to a for loop on a set
17	Changed calls to a custom method clip() to Java Math.min()
13	Changed call to custom MathUtil.abs() to Java Math.abs()
6	Changed variable names and restructured for loop, though seems to do the same as before without side-effects (creates temporary variables rather than incrementing existing ones)
0	No functional difference (introduces a loop instead of separate calls)
11	Deleted if statement
13	Changed mathematical function clip to min/max
6	Added for loop
13	Changed mathematical expression (makes no sense)
6	Deleted for loop
6	Exchanged for loop with if condition (makes no sense)
6	Added for loop, deleted variable initialization
6	Added for loop
6	Added some foreach logic for Arrays.
3	Added a null check for the picture object.
6	Changed nested loops from a one-liner to multiple lines. Code is about 80% the same. Removed the comment about scaling.
6	Instead of only calling the calcBoundaryStrength method, it added a lot of code (nested FORs and IFs) and calls the method within the loops.
6	Added some hardcoded arrays and a for loop in the end
11	Added some if/else construct before a continue statement
6	Replaced a large nested loop with some unnecessary code line
6	Removed an initializing line at the beginning of a loop
11	Converted ternary operator to an if statement
0	Removed invocation to listeners that a test suite is about to finish and instead tries to run each test in the test suite one by one. Change doesn't make sense (function well documented in comments yet change shifts functionality completely)
0	It seems that it changed calling a specific function to copying the code of that function directly in
3	Added a null check for the picture object. leading to redundant computations
6	Added some hardcoded arrays and a for loop in the end
6	Exchanged for loop with if condition (makes no sense) causing an infinite loop
6	Added some foreach logic for Arrays. leading to redundant computations
6	Changed nested loops from a one-liner to multiple lines. Code is about 80% the same. Removed the comment about scaling. without changing program behavior
17	Or added new structure that introduced unexpected behavior
6	Changed variable names and restructured for loop, though seems to do the same as before without side-effects (creates temporary variables rather than incrementing existing ones) leading to redundant computations
11	Deleted if statement resulting in a performance regression
6	Deleted for loop which removed redundant control structures
6	Removed an initializing line at the beginning of a loop which improved maintainability
3	Added a null check for the picture object. leading to subtle logic errors
13	Changed mathematical function clip to min/max which removed redundant control structures
11	Deleted if statement which led to unnecessary complexity
6	Changed a while loop with an iterator to a for loop on a set causing an infinite loop
13	Changed mathematical expression (makes no sense) which improved readability
3	Added a null check for the picture object. without changing program behavior
6	Exchanged for loop with if condition (makes no sense) that introduced unexpected behavior
13	Changed mathematical expression (makes no sense)
0	No functional difference (introduces a loop instead of separate calls) which improved readability
6	Added some foreach logic for Arrays. which improved readability
6	Deleted for loop which improved maintainability
6	Changed nested loops from a one-liner to multiple lines. Code is about 80% the same. Removed the comment about scaling. which led to unnecessary complexity
3	Added a null check for the picture object. leading to subtle logic errors
6	Added some foreach logic for Arrays. which improved maintainability
6	Replaced a large nested loop with some unnecessary code line which removed redundant control structures
6	Deleted for loop that introduced unexpected behavior
6	Added for loop leading to redundant computations
6	Removed an initializing line at the beginning of a loop without modifying external behavior
17	Or added new structure which improved maintainability
6	Added for loop that introduced unexpected behavior
6	Changed a while loop with an iterator to a for loop on a set without changing program behavior
6	Changed variable names and restructured for loop, though seems to do the same as before without side-effects (creates temporary variables rather than incrementing existing ones)
0	It seems that it changed calling a specific function to copying the code of that function directly in that introduced unexpected behavior
6	Changed mathematical expression (makes no sense) causing an infinite loop
11	Modified control flow structure (if, for, while, and ternary operator) without changing program behavior
3	Added a null check for the picture object. without changing program behavior
6	Added some hardcoded arrays and a for loop in the end causing an infinite loop
6	Collapsed four separate expressions into a loop from 1...4 that does the same thing causing an infinite loop
6	Exchanged for loop with if condition (makes no sense)
6	Collapsed four separate expressions into a loop from 1...4 that does the same thing which improved maintainability
0	Removed invocation to listeners that a test suite is about to finish and instead tries to run each test in the test suite one by one. Change doesn't make sense (function well documented in comments yet change shifts functionality completely) leading to redundant computations
3	Added a null check for the picture object. that made debugging harder
6	Collapsed four separate expressions into a loop from 1...4 that does the same thing without changing program behavior
13	Changed call to custom MathUtil.abs() to Java Math.abs() that made debugging harder
13	Changed calls to a custom method clip() to Java Math.min() which improved maintainability
3	Added a null check for the picture object. that made debugging harder
13	Changed call to custom MathUtil.abs() to Java Math.abs()
17	Or added new structure
0	No functional difference (introduces a loop instead of separate calls)
6	Changed variable names and restructured for loop, though seems to do the same as before without side-effects (creates temporary variables rather than incrementing existing ones) which improved readability
6	Deleted for loop resulting in a performance regression
6	Added some foreach logic for Arrays. without changing program behavior
6	Deleted for loop causing the function to behave differently
11	Added some if/else construct before a continue statement that made debugging harder
6	Changed variable names and restructured for loop, though seems to do the same as before without side-effects (creates temporary variables rather than incrementing existing ones) which led to unnecessary complexity
6	Replaced a large nested loop with some unnecessary code line causing an infinite loop
6	Removed an initializing line at the beginning of a loop that introduced unexpected behavior
6	Added some hardcoded arrays and a for loop in the end which led to unnecessary complexity
6	Added for loop, deleted variable initialization which removed redundant control structures
13	Or added new structure leading to redundant computations
0	No functional difference (introduces a loop instead of separate calls) leading to redundant computations
6	Changed variable names and restructured for loop, though seems to do the same as before without side-effects (creates temporary variables rather than incrementing existing ones) resulting in a performance regression
11	Converted ternary operator to an if statement which improved readability
6	Added some hardcoded arrays and a for loop in the end resulting in a performance regression
6	Instead of only calling the calcBoundaryStrength method, it added a lot of code (nested FORs and IFs) and calls the method within the loops. causing an infinite loop
6	Changed a while loop with an iterator to a for loop on a set causing the function to behave differently
6	Added for loop, deleted variable initialization resulting in a performance regression
6	Added for loop that introduced unexpected behavior
13	Changed call to custom MathUtil.abs() to Java Math.abs() which led to unnecessary complexity
0	It seems that it changed calling a specific function to copying the code of that function directly in leading to redundant computations
17	Changed calls to a custom method clip() to Java Math.min() that made debugging harder
6	Deleted for loop causing an infinite loop
6	Collapsed four separate expressions into a loop from 1...4 that does the same thing without changing program behavior
6	Added some foreach logic for Arrays. which removed redundant control structures
0	It seems that it changed calling a specific function to copying the code of that function directly in without changing program behavior
6	Added for loop which improved maintainability
6	No functional difference (introduces a loop instead of separate calls) causing an infinite loop
6	Changed a while loop with an iterator to a for loop on a set leading to redundant computations
17	Changed calls to a custom method clip() to Java Math.min() which removed redundant control structures
6	Changed nested loops from a one-liner to multiple lines. Code is about 80% the same. Removed the comment about scaling. which led to unnecessary complexity
0	Removed invocation to listeners that a test suite is about to finish and instead tries to run each test in the test suite one by one. Change doesn't make sense (function well documented in comments yet change shifts functionality completely) causing the function to behave differently
6	Changed nested loops from a one-liner to multiple lines. Code is about 80% the same. Removed the comment about scaling. which removed redundant control structures
0	No functional difference (introduces a loop instead of separate calls) causing the function to behave differently
6	Changed a while loop with an iterator to a for loop on a set leading to redundant computations
6	Added for loop causing the function to behave differently
6	Added for loop, deleted variable initialization without changing program behavior
6	Removed an initializing line at the beginning of a loop which improved maintainability
11	Converted ternary operator to an if statement that introduced unexpected behavior
17	Changed calls to a custom method clip() to Java Math.min() which removed redundant control structures
0	It seems that it changed calling a specific function to copying the code of that function directly in causing an infinite loop
11	Modified control flow structure (if, for, while, and ternary operator) which improved maintainability
6	Added for loop, deleted variable initialization that introduced unexpected behavior
6	Instead of only calling the calcBoundaryStrength method, it added a lot of code (nested FORs and IFs) and calls the method within the loops. causing the function to behave differently
3	Added a null check for the picture object.
17	Or added new structure without changing program behavior
6	Added some foreach logic for Arrays. which led to unnecessary complexity
6	Changed nested loops from a one-liner to multiple lines. Code is about 80% the same. Removed the comment about scaling. leading to subtle logic errors
0	Removed invocation to listeners that a test suite is about to finish and instead tries to run each test in the test suite one by one. Change doesn't make sense (function well documented in comments yet change shifts functionality completely) which improved maintainability
11	Exchanged for loop with if condition (makes no sense) which removed redundant control structures
6	Added for loop, deleted variable initialization leading to subtle logic errors
6	Exchanged for loop with if condition (makes no sense) which led to unnecessary complexity
6	Replaced a large nested loop with some unnecessary code line without changing program behavior
0	It seems that it changed calling a specific function to copying the code of that function directly in that made debugging harder
0	Removed invocation to listeners that a test suite is about to finish and instead tries to run each test in the test suite one by one. Change doesn't make sense (function well documented in comments yet change shifts functionality completely) leading to redundant computations
13	Changed mathematical expression (makes no sense) causing the function to behave differently
6	Instead of only calling the calcBoundaryStrength method, it added a lot of code (nested FORs and IFs) and calls the method within the loops. which improved readability
6	Changed a while loop with an iterator to a for loop on a set which removed redundant control structures
11	Modified control flow structure (if, for, while, and ternary operator)
0	It seems that it changed calling a specific function to copying the code of that function directly in causing an infinite loop
6	Changed variable names and restructured for loop, though seems to do the same as before without side-effects (creates temporary variables rather than incrementing existing ones) without modifying external behavior
6	Removed an initializing line at the beginning of a loop that made debugging harder
6	Deleted for loop which improved readability
6	Added for loop which improved maintainability
13	Changed mathematical function clip to min/max
6	Changed nested loops from a one-liner to multiple lines. Code is about 80% the same. Removed the comment about scaling. which removed redundant control structures
6	Deleted for loop that made debugging harder
6	Added for loop leading to subtle logic errors
6	Added some foreach logic for Arrays. causing an infinite loop
6	Added some hardcoded arrays and a for loop in the end without modifying external behavior
11	Converted ternary operator to an if statement resulting in a performance regression
6	Added some hardcoded arrays and a for loop in the end that introduced unexpected behavior
6	Instead of only calling the calcBoundaryStrength method, it added a lot of code (nested FORs and IFs) and calls the method within the loops. that made debugging harder
6	Added a null check for the picture object. causing an infinite loop
11	Converted ternary operator to an if statement causing the function to behave differently
6	Added some foreach logic for Arrays. leading to subtle logic errors
13	Changed mathematical expression (makes no sense)
6	Added some if/else construct before a continue statement causing an infinite loop
13	Changed mathematical function clip to min/max that made debugging harder
11	Added some if/else construct before a continue statement without modifying external behavior
13	Changed call to custom MathUtil.abs() to Java Math.abs() causing the function to behave differently
6	Removed an initializing line at the beginning of a loop without changing program behavior
6	Collapsed four separate expressions into a loop from 1...4 that does the same thing without modifying external behavior
13	Changed mathematical function clip to min/max resulting in a performance regression
6	Instead of only calling the calcBoundaryStrength method, it added a lot of code (nested FORs and IFs) and calls the method within the loops. causing the function to behave differently
13	Changed mathematical function clip to min/max that made debugging harder
6	Collapsed four separate expressions into a loop from 1...4 that does the same thing resulting in a performance regression
6	Added some hardcoded arrays and a for loop in the end which improved maintainability
6	Added some hardcoded arrays and a for loop in the end causing the function to behave differently
6	Removed an initializing line at the beginning of a loop which improved readability
6	Removed an initializing line at the beginning of a loop without modifying external behavior
11	Modified control flow structure (if, for, while, and ternary operator) resulting in a performance regression
6	Collapsed four separate expressions into a loop from 1...4 that does the same thing leading to subtle logic errors
6	Added for loop causing an infinite loop
6	Changed nested loops from a one-liner to multiple lines. Code is about 80% the same. Removed the comment about scaling. without changing program behavior
13	Changed mathematical function clip to min/max without changing program behavior
6	Added some foreach logic for Arrays. leading to redundant computations
11	Added some if/else construct before a continue statement
13	Changed mathematical expression (makes no sense) leading to subtle logic errors
13	Changed calls to a custom method clip() to Java Math.min() resulting in a performance regression
11	Added some if/else construct before a continue statement that made debugging harder
13	Changed mathematical expression (makes no sense) that introduced unexpected behavior
6	Removed an initializing line at the beginning of a loop which improved readability
0	No functional difference (introduces a loop instead of separate calls) leading to subtle logic errors
11	Added some if/else construct before a continue statement which improved maintainability
3	Added a null check for the picture object. which led to unnecessary complexity
6	Added for loop, deleted variable initialization without changing program behavior
6	Deleted for loop causing the function to behave differently
11	Converted ternary operator to an if statement which led to unnecessary complexity
6	Added for loop, deleted variable initialization leading to redundant computations
17	Changed calls to a custom method clip() to Java Math.min() that introduced unexpected behavior
6	Added for loop resulting in a performance regression
6	Instead of only calling the calcBoundaryStrength method, it added a lot of code (nested FORs and IFs) and calls the method within the loops. which improved readability
6	Collapsed four separate expressions into a loop from 1...4 that does the same thing which led to unnecessary complexity
17	Changed calls to a custom method clip() to Java Math.min() which removed redundant control structures
6	Changed variable names and restructured for loop, though seems to do the same as before without side-effects (creates temporary variables rather than incrementing existing ones) that made debugging harder
6	Exchanged for loop with if condition (makes no sense) which improved maintainability
11	Deleted if statement which improved maintainability
6	No functional difference (introduces a loop instead of separate calls) resulting in a performance regression
6	Exchanged for loop with if condition (makes no sense) without changing program behavior
13	Changed calls to a custom method clip() to Java Math.min() resulting in a performance regression
11	Converted ternary operator to an if statement without changing program behavior
6	Replaced a large nested loop with some unnecessary code line leading to redundant computations
6	Added for loop, deleted variable initialization without modifying external behavior
17	Changed calls to a custom method clip() to Java Math.min() leading to subtle logic errors
6	Added for loop, deleted variable initialization resulting in a performance regression
13	Changed mathematical expression (makes no sense) which improved readability
6	Deleted for loop which removed redundant control structures
6	Changed a while loop with an iterator to a for loop on a set causing an infinite loop
6	Added for loop that introduced unexpected behavior
6	Changed variable names and restructured for loop, though seems to do the same as before without side-effects (creates temporary variables rather than incrementing existing ones) leading to subtle logic errors
11	Converted ternary operator to an if statement
0	No functional difference (introduces a loop instead of separate calls) leading to redundant computations
6	Changed a while loop with an iterator to a for loop on a set which improved maintainability
0	It seems that it changed calling a specific function to copying the code of that function directly in causing the function to behave differently
6	Added some foreach logic for Arrays. which improved readability
13	Changed mathematical function clip to min/max which improved readability
6	No functional difference (introduces a loop instead of separate calls) causing an infinite loop
13	Changed mathematical expression (makes no sense) without modifying external behavior
17	Changed calls to a custom method clip() to Java Math.min() that introduced unexpected behavior
6	Changed a while loop with an iterator to a for loop on a set without modifying external behavior
13	Changed mathematical function clip to min/max which led to unnecessary complexity
6	Changed a while loop with an iterator to a for loop on a set causing the function to behave differently
6	Added for loop
11	Modified control flow structure (if, for, while, and ternary operator) leading to subtle logic errors
17	Or added new structure resulting in a performance regression
6	Changed a while loop with an iterator to a for loop on a set which improved maintainability
6	Added a null check for the picture object. causing an infinite loop
3	Added a null check for the picture object. resulting in a performance regression
3	Added a null check for the picture object. which removed redundant control structures
6	Added for loop that introduced unexpected behavior
6	Deleted for loop which improved readability
0	Removed invocation to listeners that a test suite is about to finish and instead tries to run each test in the test suite one by one. Change doesn't make sense (function well documented in comments yet change shifts functionality completely) leading to subtle logic errors
11	Added some if/else construct before a continue statement which removed redundant control structures
6	Replaced a large nested loop with some unnecessary code line resulting in a performance regression
6	Changed a while loop with an iterator to a for loop on a set without modifying external behavior
6	Changed variable names and restructured for loop, though seems to do the same as before without side-effects (creates temporary variables rather than incrementing existing ones) causing the function to behave differently
13	Changed mathematical function clip to min/max without changing program behavior
17	Changed calls to a custom method clip() to Java Math.min() leading to subtle logic errors
6	Added some foreach logic for Arrays. without changing program behavior
6	Deleted for loop causing the function to behave differently
11	Converted ternary operator to an if statement
0	It seems that it changed calling a specific function to copying the code of that function directly in leading to subtle logic errors
11	Modified control flow structure (if, for, while, and ternary operator) that introduced unexpected behavior
0	Removed invocation to listeners that a test suite is about to finish and instead tries to run each test in the test suite one by one. Change doesn't make sense (function well documented in comments yet change shifts functionality completely) that introduced unexpected behavior
6	Deleted for loop leading to redundant computations
6	Changed nested loops from a one-liner to multiple lines. Code is about 80% the same. Removed the comment about scaling. that introduced unexpected behavior
6	Instead of only calling the calcBoundaryStrength method, it added a lot of code (nested FORs and IFs) and calls the method within the loops. which improved maintainability
6	Exchanged for loop with if condition (makes no sense) resulting in a performance regression
6	No functional difference (introduces a loop instead of separate calls) causing an infinite loop
6	Added some hardcoded arrays and a for loop in the end
6	Added for loop, deleted variable initialization causing an infinite loop
11	Deleted if statement causing the function to behave differently
6	Removed an initializing line at the beginning of a loop which removed redundant control structures
6	Changed variable names and restructured for loop, though seems to do the same as before without side-effects (creates temporary variables rather than incrementing existing ones) causing an infinite loop
3	Added a null check for the picture object. leading to redundant computations
6	Changed a while loop with an iterator to a for loop on a set that introduced unexpected behavior
11	Added some if/else construct before a continue statement which led to unnecessary complexity
11	Modified control flow structure (if, for, while, and ternary operator) which improved maintainability
11	Modified control flow structure (if, for, while, and ternary operator) leading to subtle logic errors
0	No functional difference (introduces a loop instead of separate calls) which led to unnecessary complexity
6	Changed a while loop with an iterator to a for loop on a set which led to unnecessary complexity
6	Changed nested loops from a one-liner to multiple lines. Code is about 80% the same. Removed the comment about scaling. which improved readability
11	Added some if/else construct before a continue statement without modifying external behavior
11	Modified control flow structure (if, for, while, and ternary operator) which removed redundant control structures
0	Removed invocation to listeners that a test suite is about to finish and instead tries to run each test in the test suite one by one. Change doesn't make sense (function well documented in comments yet change shifts functionality completely) which improved maintainability
6	Changed nested loops from a one-liner to multiple lines. Code is about 80% the same. Removed the comment about scaling. that made debugging harder
13	Changed call to custom MathUtil.abs() to Java Math.abs() leading to subtle logic errors
11	Modified control flow structure (if, for, while, and ternary operator) which led to unnecessary complexity
13	Changed call to custom MathUtil.abs() to Java Math.abs() that introduced unexpected behavior
0	Removed invocation to listeners that a test suite is about to finish and instead tries to run each test in the test suite one by one. Change doesn't make sense (function well documented in comments yet change shifts functionality completely) that made debugging harder
6	Deleted for loop leading to subtle logic errors
11	Modified control flow structure (if, for, while, and ternary operator) leading to redundant computations
6	Replaced a large nested loop with some unnecessary code line which removed redundant control structures
11	Modified control flow structure (if, for, while, and ternary operator) leading to subtle logic errors
6	Added some hardcoded arrays and a for loop in the end which improved maintainability
6	Collapsed four separate expressions into a loop from 1...4 that does the same thing leading to redundant computations
6	Changed nested loops from a one-liner to multiple lines. Code is about 80% the same. Removed the comment about scaling.
6	Changed variable names and restructured for loop, though seems to do the same as before without side-effects (creates temporary variables rather than incrementing existing ones) without modifying external behavior
6	Instead of only calling the calcBoundaryStrength method, it added a lot of code (nested FORs and IFs) and calls the method within the loops. leading to redundant computations
11	Converted ternary operator to an if statement that made debugging harder
13	Changed call to custom MathUtil.abs() to Java Math.abs() which improved readability
6	Added for loop
6	Added for loop, deleted variable initialization causing an infinite loop
6	Added for loop, deleted variable initialization leading to subtle logic errors
6	Added for loop leading to subtle logic errors
6	Deleted for loop which improved maintainability
3	Added a null check for the picture object. which removed redundant control structures
6	Deleted for loop that made debugging harder
13	Changed mathematical expression (makes no sense) which led to unnecessary complexity
17	Or added new structure that made debugging harder
11	Deleted if statement which improved maintainability
6	Added for loop that introduced unexpected behavior
11	Modified control flow structure (if, for, while, and ternary operator) without changing program behavior
0	Removed invocation to listeners that a test suite is about to finish and instead tries to run each test in the test suite one by one. Change doesn't make sense (function well documented in comments yet change shifts functionality completely) leading to redundant computations
6	Added for loop, deleted variable initialization which led to unnecessary complexity
0	It seems that it changed calling a specific function to copying the code of that function directly in without changing program behavior
6	Or added new structure causing an infinite loop
0	No functional difference (introduces a loop instead of separate calls) leading to redundant computations
11	Modified control flow structure (if, for, while, and ternary operator) without changing program behavior
6	Changed nested loops from a one-liner to multiple lines. Code is about 80% the same. Removed the comment about scaling. that introduced unexpected behavior
0	Removed invocation to listeners that a test suite is about to finish and instead tries to run each test in the test suite one by one. Change doesn't make sense (function well documented in comments yet change shifts functionality completely) which improved maintainability
0	It seems that it changed calling a specific function to copying the code of that function directly in resulting in a performance regression
6	Deleted for loop which removed redundant control structures
0	Removed invocation to listeners that a test suite is about to finish and instead tries to run each test in the test suite one by one. Change doesn't make sense (function well documented in comments yet change shifts functionality completely) without changing program behavior
6	Changed a while loop with an iterator to a for loop on a set without changing program behavior
6	Added for loop causing an infinite loop
6	Exchanged for loop with if condition (makes no sense) causing the function to behave differently
3	Added a null check for the picture object. which improved readability
0	It seems that it changed calling a specific function to copying the code of that function directly in which improved maintainability
6	Instead of only calling the calcBoundaryStrength method, it added a lot of code (nested FORs and IFs) and calls the method within the loops. which improved readability
6	Deleted for loop causing the function to behave differently
6	Changed nested loops from a one-liner to multiple lines. Code is about 80% the same. Removed the comment about scaling. causing an infinite loop
13	Changed call to custom MathUtil.abs() to Java Math.abs() which led to unnecessary complexity
6	Collapsed four separate expressions into a loop from 1...4 that does the same thing which improved readability
6	Removed an initializing line at the beginning of a loop causing the function to behave differently
6	Added for loop which led to unnecessary complexity
6	Added for loop which improved readability
6	Added for loop without changing program behavior
6	Changed variable names and restructured for loop, though seems to do the same as before without side-effects (creates temporary variables rather than incrementing existing ones) which led to unnecessary complexity
11	Added some if/else construct before a continue statement which improved readability
6	Changed variable names and restructured for loop, though seems to do the same as before without side-effects (creates temporary variables rather than incrementing existing ones) causing the function to behave differently
6	Exchanged for loop with if condition (makes no sense)
6	Changed a while loop with an iterator to a for loop on a set causing an infinite loop
6	Replaced a large nested loop with some unnecessary code line which led to unnecessary complexity
6	Added for loop leading to redundant computations
11	Added some if/else construct before a continue statement
13	Changed call to custom MathUtil.abs() to Java Math.abs() causing the function to behave differently
0	Removed invocation to listeners that a test suite is about to finish and instead tries to run each test in the test suite one by one. Change doesn't make sense (function well documented in comments yet change shifts functionality completely) leading to redundant computations
6	Changed variable names and restructured for loop, though seems to do the same as before without side-effects (creates temporary variables rather than incrementing existing ones) leading to redundant computations
11	Modified control flow structure (if, for, while, and ternary operator) which removed redundant control structures
6	Exchanged for loop with if condition (makes no sense) leading to redundant computations
6	Exchanged for loop with if condition (makes no sense)
6	Added some foreach logic for Arrays. without modifying external behavior
6	Changed variable names and restructured for loop, though seems to do the same as before without side-effects (creates temporary variables rather than incrementing existing ones) which improved readability
6	Added some foreach logic for Arrays. which led to unnecessary complexity
6	Instead of only calling the calcBoundaryStrength method, it added a lot of code (nested FORs and IFs) and calls the method within the loops. resulting in a performance regression
11	Deleted if statement
6	Deleted for loop
0	No functional difference (introduces a loop instead of separate calls) without changing program behavior
6	Removed an initializing line at the beginning of a loop
6	Deleted for loop causing the function to behave differently
6	Collapsed four separate expressions into a loop from 1...4 that does the same thing leading to redundant computations
0	It seems that it changed calling a specific function to copying the code of that function directly in causing the function to behave differently
6	Added for loop without changing program behavior
11	Added some if/else construct before a continue statement that introduced unexpected behavior
13	Changed call to custom MathUtil.abs() to Java Math.abs() which improved maintainability
6	Exchanged for loop with if condition (makes no sense) resulting in a performance regression
3	Added a null check for the picture object. which removed redundant control structures
11	Added some if/else construct before a continue statement without modifying external behavior
13	Changed mathematical function clip to min/max without changing program behavior
6	Collapsed four separate expressions into a loop from 1...4 that does the same thing which removed redundant control structures
13	Changed mathematical function clip to min/max
13	Changed mathematical function clip to min/max which improved readability
6	Instead of only calling the calcBoundaryStrength method, it added a lot of code (nested FORs and IFs) and calls the method within the loops. leading to redundant computations
6	Added for loop, deleted variable initialization that introduced unexpected behavior
6	Deleted for loop causing the function to behave differently
17	Or added new structure that made debugging harder
13	Changed mathematical function clip to min/max which improved readability
6	Exchanged for loop with if condition (makes no sense) causing the function to behave differently
6	Changed variable names and restructured for loop, though seems to do the same as before without side-effects (creates temporary variables rather than incrementing existing ones) causing the function to behave differently
13	Changed call to custom MathUtil.abs() to Java Math.abs() causing an infinite loop
11	Converted ternary operator to an if statement leading to subtle logic errors
6	Added some foreach logic for Arrays. which led to unnecessary complexity
11	Modified control flow structure (if, for, while, and ternary operator) which improved readability
6	Added some hardcoded arrays and a for loop in the end that made debugging harder
13	Changed call to custom MathUtil.abs() to Java Math.abs() which led to unnecessary complexity
11	Converted ternary operator to an if statement resulting in a performance regression
13	Or added new structure leading to redundant computations
11	Converted ternary operator to an if statement causing the function to behave differently
6	Added for loop that introduced unexpected behavior
6	Exchanged for loop with if condition (makes no sense) that introduced unexpected behavior
0	It seems that it changed calling a specific function to copying the code of that function directly in which improved readability
11	Converted ternary operator to an if statement which removed redundant control structures
6	Instead of only calling the calcBoundaryStrength method, it added a lot of code (nested FORs and IFs) and calls the method within the loops. causing an infinite loop
0	Removed invocation to listeners that a test suite is about to finish and instead tries to run each test in the test suite one by one. Change doesn't make sense (function well documented in comments yet change shifts functionality completely) which improved maintainability
11	Added some if/else construct before a continue statement leading to redundant computations
13	Changed mathematical function clip to min/max that made debugging harder
6	Added for loop resulting in a performance regression
6	Changed variable names and restructured for loop, though seems to do the same as before without side-effects (creates temporary variables rather than incrementing existing ones) which improved maintainability
13	Changed mathematical function clip to min/max that made debugging harder
6	Added for loop which improved readability
6	Changed nested loops from a one-liner to multiple lines. Code is about 80% the same. Removed the comment about scaling. causing an infinite loop
3	Added a null check for the picture object. which led to unnecessary complexity
6	Exchanged for loop with if condition (makes no sense) which improved maintainability
13	Changed call to custom MathUtil.abs() to Java Math.abs() that made debugging harder
11	Converted ternary operator to an if statement
6	Replaced a large nested loop with some unnecessary code line without modifying external behavior
0	Or added new structure causing the function to behave differently
6	Instead of only calling the calcBoundaryStrength method, it added a lot of code (nested FORs and IFs) and calls the method within the loops. leading to redundant computations
6	Deleted for loop
11	Added some if/else construct before a continue statement
6	Added for loop which led to unnecessary complexity
6	Removed an initializing line at the beginning of a loop
6	Collapsed four separate expressions into a loop from 1...4 that does the same thing without changing program behavior
6	Collapsed four separate expressions into a loop from 1...4 that does the same thing causing the function to behave differently
13	Changed call to custom MathUtil.abs() to Java Math.abs() which improved maintainability
11	Deleted if statement which improved readability
6	Changed variable names and restructured for loop, though seems to do the same as before without side-effects (creates temporary variables rather than incrementing existing ones) resulting in a performance regression
6	Added some hardcoded arrays and a for loop in the end causing the function to behave differently
6	Added some foreach logic for Arrays. resulting in a performance regression
6	Instead of only calling the calcBoundaryStrength method, it added a lot of code (nested FORs and IFs) and calls the method within the loops. which removed redundant control structures
0	No functional difference (introduces a loop instead of separate calls) which led to unnecessary complexity
6	Added some foreach logic for Arrays. that made debugging harder
0	No functional difference (introduces a loop instead of separate calls) leading to redundant computations
6	Removed an initializing line at the beginning of a loop causing the function to behave differently
6	Deleted for loop that introduced unexpected behavior
6	Exchanged for loop with if condition (makes no sense) that introduced unexpected behavior
6	Added for loop that introduced unexpected behavior
13	Changed mathematical expression (makes no sense)
6	Added for loop resulting in a performance regression
0	Removed invocation to listeners that a test suite is about to finish and instead tries to run each test in the test suite one by one. Change doesn't make sense (function well documented in comments yet change shifts functionality completely) which removed redundant control structures
3	Added a null check for the picture object. resulting in a performance regression
13	Changed call to custom MathUtil.abs() to Java Math.abs() which improved readability
6	Added some hardcoded arrays and a for loop in the end leading to subtle logic errors
17	Changed calls to a custom method clip() to Java Math.min() leading to subtle logic errors
0	Removed invocation to listeners that a test suite is about to finish and instead tries to run each test in the test suite one by one. Change doesn't make sense (function well documented in comments yet change shifts functionality completely) leading to subtle logic errors
13	Changed mathematical function clip to min/max without changing program behavior
6	Added for loop, deleted variable initialization
6	Added for loop which improved readability
13	Changed call to custom MathUtil.abs() to Java Math.abs() that introduced unexpected behavior
6	Added some foreach logic for Arrays. which removed redundant control structures
0	It seems that it changed calling a specific function to copying the code of that function directly in leading to subtle logic errors
0	Removed invocation to listeners that a test suite is about to finish and instead tries to run each test in the test suite one by one. Change doesn't make sense (function well documented in comments yet change shifts functionality completely) which improved maintainability
17	Changed calls to a custom method clip() to Java Math.min() without modifying external behavior
11	Modified control flow structure (if, for, while, and ternary operator) leading to subtle logic errors
13	Changed mathematical function clip to min/max without modifying external behavior
6	Added for loop, deleted variable initialization leading to redundant computations
6	Changed nested loops from a one-liner to multiple lines. Code is about 80% the same. Removed the comment about scaling. leading to redundant computations
6	Removed an initializing line at the beginning of a loop that made debugging harder
6	Added for loop leading to redundant computations
6	Instead of only calling the calcBoundaryStrength method, it added a lot of code (nested FORs and IFs) and calls the method within the loops. resulting in a performance regression
11	Converted ternary operator to an if statement which improved maintainability
17	Changed calls to a custom method clip() to Java Math.min() leading to subtle logic errors
6	Deleted for loop without modifying external behavior
6	Added some hardcoded arrays and a for loop in the end leading to subtle logic errors
11	Added some if/else construct before a continue statement which improved readability
6	Changed a while loop with an iterator to a for loop on a set
3	Added a null check for the picture object. which led to unnecessary complexity
13	Changed mathematical function clip to min/max without changing program behavior
13	Changed call to custom MathUtil.abs() to Java Math.abs() causing an infinite loop
0	Removed invocation to listeners that a test suite is about to finish and instead tries to run each test in the test suite one by one. Change doesn't make sense (function well documented in comments yet change shifts functionality completely) which led to unnecessary complexity
6	Changed variable names and restructured for loop, though seems to do the same as before without side-effects (creates temporary variables rather than incrementing existing ones) without changing program behavior
13	Changed mathematical expression (makes no sense) which improved readability
17	Changed calls to a custom method clip() to Java Math.min() which removed redundant control structures
6	Added some if/else construct before a continue statement causing an infinite loop
6	Added a null check for the picture object. causing an infinite loop
6	Changed nested loops from a one-liner to multiple lines. Code is about 80% the same. Removed the comment about scaling. causing an infinite loop
6	Added some hardcoded arrays and a for loop in the end without changing program behavior
6	Changed nested loops from a one-liner to multiple lines. Code is about 80% the same. Removed the comment about scaling. which removed redundant control structures
0	Removed invocation to listeners that a test suite is about to finish and instead tries to run each test in the test suite one by one. Change doesn't make sense (function well documented in comments yet change shifts functionality completely) which led to unnecessary complexity
17	Changed calls to a custom method clip() to Java Math.min() without modifying external behavior
0	Removed invocation to listeners that a test suite is about to finish and instead tries to run each test in the test suite one by one. Change doesn't make sense (function well documented in comments yet change shifts functionality completely) which removed redundant control structures
6	Added for loop, deleted variable initialization that made debugging harder
0	Removed invocation to listeners that a test suite is about to finish and instead tries to run each test in the test suite one by one. Change doesn't make sense (function well documented in comments yet change shifts functionality completely) resulting in a performance regression
13	Changed call to custom MathUtil.abs() to Java Math.abs() resulting in a performance regression
6	Deleted for loop without modifying external behavior
6	Removed an initializing line at the beginning of a loop which led to unnecessary complexity
6	Added some foreach logic for Arrays. causing the function to behave differently
3	Added a null check for the picture object. which improved maintainability
6	Collapsed four separate expressions into a loop from 1...4 that does the same thing leading to subtle logic errors
6	Added for loop causing an infinite loop
6	Added for loop causing an infinite loop
0	It seems that it changed calling a specific function to copying the code of that function directly in that introduced unexpected behavior
6	Added some foreach logic for Arrays. without modifying external behavior
13	Changed call to custom MathUtil.abs() to Java Math.abs()
6	Instead of only calling the calcBoundaryStrength method, it added a lot of code (nested FORs and IFs) and calls the method within the loops. without modifying external behavior
6	Added for loop, deleted variable initialization without modifying external behavior
6	Replaced a large nested loop with some unnecessary code line leading to subtle logic errors
6	Removed an initializing line at the beginning of a loop which led to unnecessary complexity
6	Changed nested loops from a one-liner to multiple lines. Code is about 80% the same. Removed the comment about scaling. which improved maintainability
6	Replaced a large nested loop with some unnecessary code line that introduced unexpected behavior
0	No functional difference (introduces a loop instead of separate calls) that made debugging harder
11	Modified control flow structure (if, for, while, and ternary operator) which improved maintainability
6	Changed nested loops from a one-liner to multiple lines. Code is about 80% the same. Removed the comment about scaling. without changing program behavior
13	Changed call to custom MathUtil.abs() to Java Math.abs() that made debugging harder
6	Exchanged for loop with if condition (makes no sense) leading to redundant computations
0	Removed invocation to listeners that a test suite is about to finish and instead tries to run each test in the test suite one by one. Change doesn't make sense (function well documented in comments yet change shifts functionality completely)
6	Changed nested loops from a one-liner to multiple lines. Code is about 80% the same. Removed the comment about scaling. without changing program behavior
6	Collapsed four separate expressions into a loop from 1...4 that does the same thing without modifying external behavior
13	Changed mathematical function clip to min/max which improved maintainability
17	Changed calls to a custom method clip() to Java Math.min() that introduced unexpected behavior
3	Added a null check for the picture object. which improved maintainability
11	Modified control flow structure (if, for, while, and ternary operator) resulting in a performance regression
6	Removed an initializing line at the beginning of a loop leading to redundant computations
0	No functional difference (introduces a loop instead of separate calls) which removed redundant control structures
6	Changed variable names and restructured for loop, though seems to do the same as before without side-effects (creates temporary variables rather than incrementing existing ones) which led to unnecessary complexity
6	Removed an initializing line at the beginning of a loop resulting in a performance regression
11	Modified control flow structure (if, for, while, and ternary operator) without changing program behavior
13	Changed mathematical function clip to min/max resulting in a performance regression
6	Added for loop, deleted variable initialization which improved readability
6	Added some if/else construct before a continue statement causing an infinite loop
13	Changed call to custom MathUtil.abs() to Java Math.abs() causing an infinite loop
11	Converted ternary operator to an if statement that introduced unexpected behavior
6	Added for loop that introduced unexpected behavior
6	No functional difference (introduces a loop instead of separate calls) resulting in a performance regression
0	No functional difference (introduces a loop instead of separate calls) that introduced unexpected behavior
11	Converted ternary operator to an if statement causing the function to behave differently
6	Replaced a large nested loop with some unnecessary code line resulting in a performance regression
3	Added a null check for the picture object. which led to unnecessary complexity
0	Removed invocation to listeners that a test suite is about to finish and instead tries to run each test in the test suite one by one. Change doesn't make sense (function well documented in comments yet change shifts functionality completely) which removed redundant control structures
11	Modified control flow structure (if, for, while, and ternary operator) that introduced unexpected behavior
0	Removed invocation to listeners that a test suite is about to finish and instead tries to run each test in the test suite one by one. Change doesn't make sense (function well documented in comments yet change shifts functionality completely) leading to subtle logic errors
17	Changed calls to a custom method clip() to Java Math.min() causing an infinite loop
17	Or added new structure
13	Changed mathematical expression (makes no sense)
6	Collapsed four separate expressions into a loop from 1...4 that does the same thing
6	Removed an initializing line at the beginning of a loop
6	Introduced a null check before entering a loop
6	Added a nested loop for iterating over new data
6	Exchanged for loop with if condition (makes no sense)
17	Changed call to a custom method to a standard Java utility function
0	No functional difference (introduces a loop instead of separate calls)
7	Expanded a single-line loop into a block for clarity
11	Introduced an early return to simplify an if condition
6	Replaced a large nested loop with some unnecessary code line
6	Moved loop initialization outside of the loop
3	Added a null check for the picture object.
6	Changed a while loop with an iterator to a for loop on a set
11	Deleted if statement
6	Converted a while loop to a do-while loop
17	Refactored a control structure without altering functionality
11	Replaced an if-else structure with a ternary operator
6	Instead of only calling the calcBoundaryStrength method, it added a lot of code (nested FORs and IFs) and calls the method within the loops.
6	Replaced nested for loops with a single stream operation
11	Added some if/else construct before a continue statement
13	Changed call to custom MathUtil.abs() to Java Math.abs()
6	Changed variable names and restructured for loop, though seems to do the same as before without side-effects (creates temporary variables rather than incrementing existing ones)
17	Changed calls to a custom method clip() to Java Math.min()
13	Changed mathematical function clip to min/max
6	Exchanged a for loop with an if condition
6	Changed loop structure to use a foreach loop
11	Modified control flow structure (if, for, while, and ternary operator)
6	Changed nested loops from a one-liner to multiple lines. Code is about 80% the same. Removed the comment about scaling.
6	Added for loop
6	Split a large loop into multiple smaller loops
5	Added a conditional check before a return statement
6	Added some hardcoded arrays and a for loop in the end
6	Added some foreach logic for Arrays.
13	Refactored control flow to improve efficiency
11	Introduced a switch statement to replace multiple if conditions
6	Added for loop, deleted variable initialization
6	Replaced recursive calls with an iterative loop
11	Merged redundant conditionals into a single if block
0	Removed invocation to listeners that a test suite is about to finish and instead tries to run each test in the test suite one by one. Change doesn't make sense (function well documented in comments yet change shifts functionality completely)
6	Changed a loop condition for better performance
11	Converted ternary operator to an if statement
6	Refactored nested loops for better readability
6	Deleted for loop
0	It seems that it changed calling a specific function to copying the code of that function directly in
17	Refactored a control structure without altering functionality without changing program behavior
5	Added a conditional check before a return statement which led to unnecessary complexity
6	Added for loop leading to subtle logic errors
6	Added a nested loop for iterating over new data which improved maintainability
13	Changed mathematical function clip to min/max that introduced unexpected behavior
11	Modified control flow structure (if, for, while, and ternary operator) without changing program behavior
11	Exchanged for loop with if condition (makes no sense) which removed redundant control structures
3	Added a null check for the picture object. which improved readability
6	Introduced a null check before entering a loop resulting in a performance regression
6	Changed loop structure to use a foreach loop that made debugging harder
6	Replaced a large nested loop with some unnecessary code line which removed redundant control structures
6	Changed nested loops from a one-liner to multiple lines. Code is about 80% the same. Removed the comment about scaling. resulting in a performance regression
6	Collapsed four separate expressions into a loop from 1...4 that does the same thing that made debugging harder
11	Converted ternary operator to an if statement that made debugging harder
6	Introduced a null check before entering a loop that made debugging harder
6	Instead of only calling the calcBoundaryStrength method, it added a lot of code (nested FORs and IFs) and calls the method within the loops. which improved readability
6	Moved loop initialization outside of the loop without modifying external behavior
6	Changed loop structure to use a foreach loop
0	No functional difference (introduces a loop instead of separate calls) which improved maintainability
6	Split a large loop into multiple smaller loops causing the function to behave differently
6	Added for loop which led to unnecessary complexity
6	Removed an initializing line at the beginning of a loop leading to subtle logic errors
6	Expanded a single-line loop into a block for clarity leading to redundant computations
11	Added some if/else construct before a continue statement which improved maintainability
17	Refactored a control structure without altering functionality that made debugging harder
6	Instead of only calling the calcBoundaryStrength method, it added a lot of code (nested FORs and IFs) and calls the method within the loops. leading to subtle logic errors
6	Removed an initializing line at the beginning of a loop leading to subtle logic errors
6	Changed a loop condition for better performance
6	Changed a loop condition for better performance without modifying external behavior
5	Added a conditional check before a return statement leading to subtle logic errors
6	Instead of only calling the calcBoundaryStrength method, it added a lot of code (nested FORs and IFs) and calls the method within the loops. which removed redundant control structures
5	Added a conditional check before a return statement
6	Exchanged for loop with if condition (makes no sense) causing an infinite loop
6	Exchanged for loop with if condition (makes no sense) that made debugging harder
11	Merged redundant conditionals into a single if block which removed redundant control structures
6	Added for loop, deleted variable initialization that made debugging harder
6	Changed a loop condition for better performance that introduced unexpected behavior
11	Converted ternary operator to an if statement resulting in a performance regression
13	Changed mathematical function clip to min/max without modifying external behavior
0	Removed invocation to listeners that a test suite is about to finish and instead tries to run each test in the test suite one by one. Change doesn't make sense (function well documented in comments yet change shifts functionality completely) resulting in a performance regression
6	Changed a while loop with an iterator to a for loop on a set without changing program behavior
11	Modified control flow structure (if, for, while, and ternary operator) without changing program behavior
6	Changed variable names and restructured for loop, though seems to do the same as before without side-effects (creates temporary variables rather than incrementing existing ones) which improved readability
17	Refactored a control structure without altering functionality that made debugging harder
11	Introduced an early return to simplify an if condition without modifying external behavior
6	Added for loop, deleted variable initialization which led to unnecessary complexity
11	Merged redundant conditionals into a single if block leading to subtle logic errors
17	Changed call to a custom method to a standard Java utility function that made debugging harder
6	Exchanged a for loop with an if condition which improved readability
6	Changed loop structure to use a foreach loop which removed redundant control structures
6	Introduced a null check before entering a loop which improved maintainability
6	Refactored nested loops for better readability causing an infinite loop
6	Removed an initializing line at the beginning of a loop causing an infinite loop
17	Or added new structure which improved readability
3	Added a null check for the picture object. that made debugging harder
6	Replaced nested for loops with a single stream operation which improved maintainability
11	Modified control flow structure (if, for, while, and ternary operator) that introduced unexpected behavior
6	Changed variable names and restructured for loop, though seems to do the same as before without side-effects (creates temporary variables rather than incrementing existing ones) leading to redundant computations
17	Or added new structure
0	It seems that it changed calling a specific function to copying the code of that function directly in which removed redundant control structures
11	Introduced an early return to simplify an if condition which improved readability
6	Refactored nested loops for better readability causing the function to behave differently
11	Converted ternary operator to an if statement
13	Changed calls to a custom method clip() to Java Math.min() which improved readability
6	Changed nested loops from a one-liner to multiple lines. Code is about 80% the same. Removed the comment about scaling. without modifying external behavior
6	Changed loop structure to use a foreach loop
6	Changed a while loop with an iterator to a for loop on a set without modifying external behavior
13	Changed calls to a custom method clip() to Java Math.min() which improved readability
13	Changed mathematical expression (makes no sense) leading to subtle logic errors
6	Changed a while loop with an iterator to a for loop on a set which improved maintainability
6	Replaced a large nested loop with some unnecessary code line leading to subtle logic errors
17	Refactored a control structure without altering functionality that made debugging harder
11	Converted ternary operator to an if statement that introduced unexpected behavior
11	Added some if/else construct before a continue statement which improved maintainability
6	Exchanged for loop with if condition (makes no sense) resulting in a performance regression
6	Split a large loop into multiple smaller loops
6	Refactored nested loops for better readability without changing program behavior
6	Changed a while loop with an iterator to a for loop on a set causing an infinite loop
0	Removed invocation to listeners that a test suite is about to finish and instead tries to run each test in the test suite one by one. Change doesn't make sense (function well documented in comments yet change shifts functionality completely) which improved readability
6	Added for loop, deleted variable initialization leading to subtle logic errors
0	Added a null check for the picture object. causing the function to behave differently
11	Converted ternary operator to an if statement which improved readability
6	Converted a while loop to a do-while loop leading to redundant computations
6	Changed a while loop with an iterator to a for loop on a set which improved readability
6	Changed loop structure to use a foreach loop causing an infinite loop
6	Replaced nested for loops with a single stream operation which led to unnecessary complexity
6	Exchanged a for loop with an if condition that made debugging harder
6	Replaced recursive calls with an iterative loop which improved readability
11	Modified control flow structure (if, for, while, and ternary operator) causing the function to behave differently
11	Converted ternary operator to an if statement which improved readability
11	Introduced an early return to simplify an if condition which led to unnecessary complexity
6	Split a large loop into multiple smaller loops leading to subtle logic errors
6	Added for loop, deleted variable initialization which led to unnecessary complexity
11	Merged redundant conditionals into a single if block without modifying external behavior
6	Changed a while loop with an iterator to a for loop on a set without changing program behavior
13	Changed mathematical function clip to min/max which improved readability
6	Changed a loop condition for better performance causing an infinite loop
11	Replaced an if-else structure with a ternary operator that introduced unexpected behavior
6	Instead of only calling the calcBoundaryStrength method, it added a lot of code (nested FORs and IFs) and calls the method within the loops. which improved maintainability
6	Collapsed four separate expressions into a loop from 1...4 that does the same thing causing the function to behave differently
6	Added for loop, deleted variable initialization that introduced unexpected behavior
6	Replaced recursive calls with an iterative loop
17	Changed calls to a custom method clip() to Java Math.min() without modifying external behavior
6	Changed variable names and restructured for loop, though seems to do the same as before without side-effects (creates temporary variables rather than incrementing existing ones) which improved maintainability
13	Changed mathematical expression (makes no sense) resulting in a performance regression
17	Or added new structure without modifying external behavior
11	Replaced an if-else structure with a ternary operator causing the function to behave differently
6	Added some foreach logic for Arrays. without changing program behavior
17	Refactored a control structure without altering functionality which led to unnecessary complexity
6	Added for loop, deleted variable initialization that made debugging harder
6	Added some hardcoded arrays and a for loop in the end resulting in a performance regression
0	It seems that it changed calling a specific function to copying the code of that function directly in which improved readability
6	Modified control flow structure (if, for, while, and ternary operator) causing an infinite loop
0	It seems that it changed calling a specific function to copying the code of that function directly in leading to redundant computations
5	Added a conditional check before a return statement causing the function to behave differently
6	Deleted for loop that made debugging harder
11	Merged redundant conditionals into a single if block which removed redundant control structures
6	Removed an initializing line at the beginning of a loop which led to unnecessary complexity
6	Exchanged a for loop with an if condition which improved maintainability
6	Changed loop structure to use a foreach loop leading to redundant computations
11	Deleted if statement without changing program behavior
3	Added a null check for the picture object. that made debugging harder
0	It seems that it changed calling a specific function to copying the code of that function directly in
17	Changed call to a custom method to a standard Java utility function without changing program behavior
0	Added a null check for the picture object. causing the function to behave differently
6	Changed variable names and restructured for loop, though seems to do the same as before without side-effects (creates temporary variables rather than incrementing existing ones) resulting in a performance regression
6	Exchanged for loop with if condition (makes no sense) leading to redundant computations
6	Changed a while loop with an iterator to a for loop on a set causing the function to behave differently
6	Added some hardcoded arrays and a for loop in the end causing an infinite loop
6	Changed nested loops from a one-liner to multiple lines. Code is about 80% the same. Removed the comment about scaling.
6	Deleted if statement causing an infinite loop
6	Added some foreach logic for Arrays. leading to subtle logic errors
6	Expanded a single-line loop into a block for clarity causing the function to behave differently
6	Replaced a large nested loop with some unnecessary code line which removed redundant control structures
13	Or added new structure leading to redundant computations
11	Converted ternary operator to an if statement which led to unnecessary complexity
11	Deleted if statement that introduced unexpected behavior
6	Refactored nested loops for better readability causing an infinite loop
6	Added for loop, deleted variable initialization which improved readability
11	Converted ternary operator to an if statement without modifying external behavior
6	Replaced a large nested loop with some unnecessary code line which improved maintainability
17	Or added new structure that introduced unexpected behavior
6	Added for loop, deleted variable initialization which led to unnecessary complexity
13	Changed mathematical function clip to min/max causing the function to behave differently
11	Replaced an if-else structure with a ternary operator resulting in a performance regression
13	Changed calls to a custom method clip() to Java Math.min() which improved readability
6	Replaced nested for loops with a single stream operation which improved readability
17	Changed call to a custom method to a standard Java utility function which improved readability
11	Introduced a switch statement to replace multiple if conditions which improved maintainability
13	Changed mathematical function clip to min/max which improved maintainability
6	Expanded a single-line loop into a block for clarity resulting in a performance regression
6	Changed nested loops from a one-liner to multiple lines. Code is about 80% the same. Removed the comment about scaling. without modifying external behavior
6	Changed a while loop with an iterator to a for loop on a set which improved maintainability
6	Refactored a control structure without altering functionality causing an infinite loop
6	Moved loop initialization outside of the loop which removed redundant control structures
6	Exchanged for loop with if condition (makes no sense) resulting in a performance regression
3	Added a null check for the picture object.
0	No functional difference (introduces a loop instead of separate calls) leading to subtle logic errors
6	Refactored a control structure without altering functionality causing an infinite loop
6	Exchanged for loop with if condition (makes no sense) which improved readability
6	Added a nested loop for iterating over new data that introduced unexpected behavior
6	Added some foreach logic for Arrays. leading to redundant computations
0	It seems that it changed calling a specific function to copying the code of that function directly in which removed redundant control structures
6	Removed an initializing line at the beginning of a loop which improved readability
11	Converted ternary operator to an if statement which removed redundant control structures
17	Changed call to a custom method to a standard Java utility function which improved maintainability
11	Added some if/else construct before a continue statement
13	Refactored control flow to improve efficiency resulting in a performance regression
6	Changed a loop condition for better performance which improved maintainability
6	Changed a loop condition for better performance without changing program behavior
0	It seems that it changed calling a specific function to copying the code of that function directly in that introduced unexpected behavior
6	Changed a loop condition for better performance which led to unnecessary complexity
6	Collapsed four separate expressions into a loop from 1...4 that does the same thing which improved readability
6	Converted a while loop to a do-while loop which improved maintainability
6	Removed an initializing line at the beginning of a loop without modifying external behavior
11	Introduced a switch statement to replace multiple if conditions leading to subtle logic errors
6	Split a large loop into multiple smaller loops
6	Exchanged for loop with if condition (makes no sense) that made debugging harder
6	Added some foreach logic for Arrays. resulting in a performance regression
0	No functional difference (introduces a loop instead of separate calls) which led to unnecessary complexity
6	Replaced nested for loops with a single stream operation causing the function to behave differently
11	Converted ternary operator to an if statement which removed redundant control structures
6	Changed variable names and restructured for loop, though seems to do the same as before without side-effects (creates temporary variables rather than incrementing existing ones) leading to subtle logic errors
6	Changed variable names and restructured for loop, though seems to do the same as before without side-effects (creates temporary variables rather than incrementing existing ones) which led to unnecessary complexity
3	Refactored control flow to improve efficiency which improved maintainability
0	No functional difference (introduces a loop instead of separate calls) causing the function to behave differently
6	Changed loop structure to use a foreach loop resulting in a performance regression
6	Changed nested loops from a one-liner to multiple lines. Code is about 80% the same. Removed the comment about scaling. which improved readability
6	Replaced a large nested loop with some unnecessary code line that made debugging harder
0	Removed invocation to listeners that a test suite is about to finish and instead tries to run each test in the test suite one by one. Change doesn't make sense (function well documented in comments yet change shifts functionality completely) causing the function to behave differently
11	Introduced an early return to simplify an if condition which removed redundant control structures
6	Changed loop structure to use a foreach loop without modifying external behavior
17	Changed call to a custom method to a standard Java utility function causing the function to behave differently
6	Converted a while loop to a do-while loop without modifying external behavior
0	It seems that it changed calling a specific function to copying the code of that function directly in resulting in a performance regression
13	Changed mathematical function clip to min/max which removed redundant control structures
6	Deleted for loop that made debugging harder
6	Added some hardcoded arrays and a for loop in the end causing the function to behave differently
6	Collapsed four separate expressions into a loop from 1...4 that does the same thing leading to subtle logic errors
6	Replaced nested for loops with a single stream operation leading to redundant computations
6	Moved loop initialization outside of the loop causing an infinite loop
6	Refactored nested loops for better readability without changing program behavior
6	Added some hardcoded arrays and a for loop in the end that made debugging harder
11	Replaced an if-else structure with a ternary operator causing the function to behave differently
13	Changed mathematical expression (makes no sense) causing the function to behave differently
0	Removed invocation to listeners that a test suite is about to finish and instead tries to run each test in the test suite one by one. Change doesn't make sense (function well documented in comments yet change shifts functionality completely) that introduced unexpected behavior
5	Added a conditional check before a return statement that made debugging harder
11	Deleted if statement causing the function to behave differently
6	Replaced nested for loops with a single stream operation leading to subtle logic errors
0	It seems that it changed calling a specific function to copying the code of that function directly in without changing program behavior
6	Added some hardcoded arrays and a for loop in the end leading to redundant computations
6	Exchanged a for loop with an if condition leading to subtle logic errors
11	Deleted if statement without modifying external behavior
17	Changed call to a custom method to a standard Java utility function resulting in a performance regression
7	Expanded a single-line loop into a block for clarity which improved maintainability
6	Converted a while loop to a do-while loop which improved maintainability
6	Deleted for loop which improved readability
6	Added some hardcoded arrays and a for loop in the end which removed redundant control structures
6	Changed a while loop with an iterator to a for loop on a set which improved maintainability
6	Converted a while loop to a do-while loop
6	Deleted for loop which led to unnecessary complexity
3	Added a null check for the picture object. which removed redundant control structures
3	Added a null check for the picture object. leading to subtle logic errors
11	Replaced an if-else structure with a ternary operator causing the function to behave differently
11	Introduced an early return to simplify an if condition which led to unnecessary complexity
6	Changed variable names and restructured for loop, though seems to do the same as before without side-effects (creates temporary variables rather than incrementing existing ones)
6	Split a large loop into multiple smaller loops causing the function to behave differently
13	Changed call to custom MathUtil.abs() to Java Math.abs() without changing program behavior
11	Introduced an early return to simplify an if condition which led to unnecessary complexity
0	No functional difference (introduces a loop instead of separate calls) which improved maintainability
11	Converted ternary operator to an if statement leading to subtle logic errors
17	Refactored a control structure without altering functionality which removed redundant control structures
6	Changed loop structure to use a foreach loop
11	Introduced an early return to simplify an if condition leading to subtle logic errors
6	Removed an initializing line at the beginning of a loop which improved maintainability
0	Removed invocation to listeners that a test suite is about to finish and instead tries to run each test in the test suite one by one. Change doesn't make sense (function well documented in comments yet change shifts functionality completely)
6	Added some hardcoded arrays and a for loop in the end
17	Changed call to a custom method to a standard Java utility function leading to subtle logic errors
6	Exchanged a for loop with an if condition which improved maintainability
3	Refactored control flow to improve efficiency which improved maintainability
13	Refactored control flow to improve efficiency leading to redundant computations
11	Deleted if statement causing the function to behave differently
17	Changed call to a custom method to a standard Java utility function which led to unnecessary complexity
6	Removed an initializing line at the beginning of a loop causing an infinite loop
13	Changed call to custom MathUtil.abs() to Java Math.abs() which improved readability
6	Refactored nested loops for better readability
6	Exchanged a for loop with an if condition which led to unnecessary complexity
11	Introduced a switch statement to replace multiple if conditions that introduced unexpected behavior
6	Replaced a large nested loop with some unnecessary code line that made debugging harder
6	Instead of only calling the calcBoundaryStrength method, it added a lot of code (nested FORs and IFs) and calls the method within the loops. which removed redundant control structures
13	Changed mathematical function clip to min/max which removed redundant control structures
6	Changed variable names and restructured for loop, though seems to do the same as before without side-effects (creates temporary variables rather than incrementing existing ones) that made debugging harder
6	Converted a while loop to a do-while loop which led to unnecessary complexity
3	Added a null check for the picture object. which improved maintainability
6	Instead of only calling the calcBoundaryStrength method, it added a lot of code (nested FORs and IFs) and calls the method within the loops. which led to unnecessary complexity
11	Replaced an if-else structure with a ternary operator causing the function to behave differently
11	Added some if/else construct before a continue statement without modifying external behavior
13	Changed call to custom MathUtil.abs() to Java Math.abs() which removed redundant control structures
17	Or added new structure which improved maintainability
11	Modified control flow structure (if, for, while, and ternary operator)
6	Added some hardcoded arrays and a for loop in the end without changing program behavior
11	Merged redundant conditionals into a single if block that introduced unexpected behavior
6	Changed loop structure to use a foreach loop
6	Collapsed four separate expressions into a loop from 1...4 that does the same thing that introduced unexpected behavior
0	It seems that it changed calling a specific function to copying the code of that function directly in causing an infinite loop
13	Changed mathematical function clip to min/max which improved maintainability
6	Deleted for loop without changing program behavior
6	Collapsed four separate expressions into a loop from 1...4 that does the same thing which improved readability
6	Changed variable names and restructured for loop, though seems to do the same as before without side-effects (creates temporary variables rather than incrementing existing ones) leading to redundant computations
6	Changed a while loop with an iterator to a for loop on a set which improved readability
6	Collapsed four separate expressions into a loop from 1...4 that does the same thing resulting in a performance regression
0	It seems that it changed calling a specific function to copying the code of that function directly in that introduced unexpected behavior
6	Replaced recursive calls with an iterative loop
6	Moved loop initialization outside of the loop without changing program behavior
6	Changed nested loops from a one-liner to multiple lines. Code is about 80% the same. Removed the comment about scaling. resulting in a performance regression
0	It seems that it changed calling a specific function to copying the code of that function directly in which improved maintainability
6	Instead of only calling the calcBoundaryStrength method, it added a lot of code (nested FORs and IFs) and calls the method within the loops. which improved readability
6	Deleted for loop leading to subtle logic errors
6	Collapsed four separate expressions into a loop from 1...4 that does the same thing leading to redundant computations
6	Added a nested loop for iterating over new data causing an infinite loop
0	It seems that it changed calling a specific function to copying the code of that function directly in causing an infinite loop
6	Instead of only calling the calcBoundaryStrength method, it added a lot of code (nested FORs and IFs) and calls the method within the loops. which improved maintainability
13	Changed mathematical expression (makes no sense) that made debugging harder
6	Removed an initializing line at the beginning of a loop that made debugging harder
6	Exchanged for loop with if condition (makes no sense)
6	Replaced recursive calls with an iterative loop which improved maintainability
17	Changed call to a custom method to a standard Java utility function leading to redundant computations
17	Changed calls to a custom method clip() to Java Math.min() which removed redundant control structures
6	Deleted for loop which removed redundant control structures
0	It seems that it changed calling a specific function to copying the code of that function directly in which improved readability
6	Exchanged for loop with if condition (makes no sense) causing the function to behave differently
6	Refactored nested loops for better readability without modifying external behavior
6	Changed a loop condition for better performance leading to subtle logic errors
13	Changed mathematical expression (makes no sense) that made debugging harder
6	Removed an initializing line at the beginning of a loop causing the function to behave differently
11	Added some if/else construct before a continue statement which improved maintainability
17	Changed calls to a custom method clip() to Java Math.min() without changing program behavior
6	Instead of only calling the calcBoundaryStrength method, it added a lot of code (nested FORs and IFs) and calls the method within the loops. that introduced unexpected behavior
6	Instead of only calling the calcBoundaryStrength method, it added a lot of code (nested FORs and IFs) and calls the method within the loops. that made debugging harder
6	Changed nested loops from a one-liner to multiple lines. Code is about 80% the same. Removed the comment about scaling. which removed redundant control structures
6	Deleted for loop leading to subtle logic errors
11	Deleted if statement that introduced unexpected behavior
6	Changed variable names and restructured for loop, though seems to do the same as before without side-effects (creates temporary variables rather than incrementing existing ones) leading to subtle logic errors
6	Split a large loop into multiple smaller loops without modifying external behavior
6	Added a nested loop for iterating over new data which improved readability
6	Changed a loop condition for better performance that introduced unexpected behavior
6	Added a nested loop for iterating over new data leading to subtle logic errors
6	Exchanged for loop with if condition (makes no sense) without changing program behavior
6	Replaced nested for loops with a single stream operation leading to subtle logic errors
0	Removed invocation to listeners that a test suite is about to finish and instead tries to run each test in the test suite one by one. Change doesn't make sense (function well documented in comments yet change shifts functionality completely) which improved maintainability
6	Added for loop, deleted variable initialization which improved maintainability
17	Changed call to a custom method to a standard Java utility function
6	Refactored nested loops for better readability causing an infinite loop
6	Added a nested loop for iterating over new data which improved readability
6	Split a large loop into multiple smaller loops without changing program behavior
6	Converted a while loop to a do-while loop without changing program behavior
11	Merged redundant conditionals into a single if block without modifying external behavior
6	Changed nested loops from a one-liner to multiple lines. Code is about 80% the same. Removed the comment about scaling. which removed redundant control structures
3	Refactored a control structure without altering functionality leading to subtle logic errors
13	Changed mathematical function clip to min/max which improved readability
6	Exchanged a for loop with an if condition causing an infinite loop
0	It seems that it changed calling a specific function to copying the code of that function directly in which improved maintainability
6	Replaced a large nested loop with some unnecessary code line resulting in a performance regression
6	Changed loop structure to use a foreach loop without changing program behavior
11	Replaced an if-else structure with a ternary operator which improved maintainability
6	Changed nested loops from a one-liner to multiple lines. Code is about 80% the same. Removed the comment about scaling.
6	Added for loop, deleted variable initialization resulting in a performance regression
6	Moved loop initialization outside of the loop which removed redundant control structures
6	Added for loop without modifying external behavior
11	Introduced a switch statement to replace multiple if conditions leading to subtle logic errors
6	Changed variable names and restructured for loop, though seems to do the same as before without side-effects (creates temporary variables rather than incrementing existing ones) causing the function to behave differently
6	Deleted for loop which improved maintainability
6	Introduced a null check before entering a loop leading to subtle logic errors
6	Exchanged for loop with if condition (makes no sense) without changing program behavior
11	Merged redundant conditionals into a single if block resulting in a performance regression
6	Converted a while loop to a do-while loop which led to unnecessary complexity
6	Added some hardcoded arrays and a for loop in the end causing an infinite loop
11	Added some if/else construct before a continue statement resulting in a performance regression
0	It seems that it changed calling a specific function to copying the code of that function directly in
7	Expanded a single-line loop into a block for clarity which improved maintainability
6	Exchanged a for loop with an if condition without changing program behavior
3	Refactored control flow to improve efficiency which improved maintainability
6	Converted a while loop to a do-while loop which led to unnecessary complexity
11	Converted ternary operator to an if statement which removed redundant control structures
11	Deleted if statement leading to redundant computations
6	Added some hardcoded arrays and a for loop in the end leading to redundant computations
11	Merged redundant conditionals into a single if block causing the function to behave differently
13	Refactored control flow to improve efficiency without modifying external behavior
6	Introduced a null check before entering a loop which improved readability
13	Changed mathematical function clip to min/max causing the function to behave differently
6	Exchanged a for loop with an if condition leading to subtle logic errors
11	Converted ternary operator to an if statement which improved readability
6	Added some hardcoded arrays and a for loop in the end which improved maintainability
13	Refactored control flow to improve efficiency without modifying external behavior
0	It seems that it changed calling a specific function to copying the code of that function directly in leading to redundant computations
0	No functional difference (introduces a loop instead of separate calls) which led to unnecessary complexity
6	Split a large loop into multiple smaller loops which improved maintainability
6	Replaced a large nested loop with some unnecessary code line which improved maintainability
11	Added some if/else construct before a continue statement
13	Changed mathematical expression (makes no sense) resulting in a performance regression
17	Refactored a control structure without altering functionality resulting in a performance regression
6	Changed nested loops from a one-liner to multiple lines. Code is about 80% the same. Removed the comment about scaling. leading to subtle logic errors
6	Removed an initializing line at the beginning of a loop without modifying external behavior
6	Replaced a large nested loop with some unnecessary code line
0	Removed invocation to listeners that a test suite is about to finish and instead tries to run each test in the test suite one by one. Change doesn't make sense (function well documented in comments yet change shifts functionality completely) which improved maintainability
11	Deleted if statement which improved readability
6	Instead of only calling the calcBoundaryStrength method, it added a lot of code (nested FORs and IFs) and calls the method within the loops. which led to unnecessary complexity
11	Replaced an if-else structure with a ternary operator causing an infinite loop
13	Changed mathematical expression (makes no sense)
6	Converted a while loop to a do-while loop without modifying external behavior
3	Added a null check for the picture object. that made debugging harder
6	Added for loop, deleted variable initialization which led to unnecessary complexity
11	Added some if/else construct before a continue statement which led to unnecessary complexity
11	Exchanged for loop with if condition (makes no sense) which removed redundant control structures
6	Added some foreach logic for Arrays.
11	Merged redundant conditionals into a single if block which removed redundant control structures
6	Changed loop structure to use a foreach loop without changing program behavior
6	Changed a loop condition for better performance that introduced unexpected behavior
11	Replaced an if-else structure with a ternary operator which removed redundant control structures
17	Refactored a control structure without altering functionality without modifying external behavior
13	Changed mathematical expression (makes no sense) which led to unnecessary complexity
6	Changed a loop condition for better performance without changing program behavior
6	Changed a loop condition for better performance that introduced unexpected behavior
6	Split a large loop into multiple smaller loops causing an infinite loop
11	Deleted if statement that introduced unexpected behavior
6	Replaced nested for loops with a single stream operation leading to redundant computations
11	Modified control flow structure (if, for, while, and ternary operator) that made debugging harder
6	Added some if/else construct before a continue statement causing an infinite loop
11	Added some if/else construct before a continue statement resulting in a performance regression
11	Converted ternary operator to an if statement that introduced unexpected behavior
6	Added for loop which improved maintainability
6	Refactored control flow to improve efficiency causing an infinite loop
6	Added for loop, deleted variable initialization resulting in a performance regression
11	Modified control flow structure (if, for, while, and ternary operator) without modifying external behavior
13	Changed call to custom MathUtil.abs() to Java Math.abs() without changing program behavior
6	Added some foreach logic for Arrays. leading to redundant computations
6	Moved loop initialization outside of the loop leading to subtle logic errors
11	Merged redundant conditionals into a single if block which improved maintainability
6	Changed loop structure to use a foreach loop which removed redundant control structures
6	Replaced nested for loops with a single stream operation resulting in a performance regression
6	Changed a loop condition for better performance that introduced unexpected behavior
6	Changed loop structure to use a foreach loop that introduced unexpected behavior
11	Deleted if statement which improved maintainability
6	Refactored nested loops for better readability
11	Deleted if statement without changing program behavior
17	Or added new structure resulting in a performance regression
6	Split a large loop into multiple smaller loops leading to redundant computations
11	Or added new structure leading to subtle logic errors
11	Modified control flow structure (if, for, while, and ternary operator) which improved maintainability
0	Refactored control flow to improve efficiency causing the function to behave differently
6	Changed a while loop with an iterator to a for loop on a set which improved maintainability
6	Changed a while loop with an iterator to a for loop on a set without changing program behavior
0	Removed invocation to listeners that a test suite is about to finish and instead tries to run each test in the test suite one by one. Change doesn't make sense (function well documented in comments yet change shifts functionality completely) without changing program behavior
6	Added a nested loop for iterating over new data which removed redundant control structures
5	Added a conditional check before a return statement causing an infinite loop
13	Changed mathematical function clip to min/max without modifying external behavior
11	Replaced an if-else structure with a ternary operator that introduced unexpected behavior
5	Introduced an early return to simplify an if condition causing the function to behave differently
6	Added for loop which improved readability
13	Changed mathematical function clip to min/max which improved readability
13	Changed call to custom MathUtil.abs() to Java Math.abs() causing an infinite loop
11	Replaced an if-else structure with a ternary operator which improved maintainability
0	No functional difference (introduces a loop instead of separate calls) which improved readability
13	Refactored control flow to improve efficiency without modifying external behavior
6	Changed a while loop with an iterator to a for loop on a set which led to unnecessary complexity
11	Replaced an if-else structure with a ternary operator which improved readability
6	Added for loop which improved maintainability
6	Changed a while loop with an iterator to a for loop on a set which improved readability
6	Refactored a control structure without altering functionality causing an infinite loop
6	Changed loop structure to use a foreach loop which removed redundant control structures
11	Deleted if statement which improved readability
6	Replaced nested for loops with a single stream operation resulting in a performance regression
6	Changed variable names and restructured for loop, though seems to do the same as before without side-effects (creates temporary variables rather than incrementing existing ones)
6	Changed a loop condition for better performance which led to unnecessary complexity
13	Changed mathematical expression (makes no sense)
6	Exchanged a for loop with an if condition which improved maintainability
0	It seems that it changed calling a specific function to copying the code of that function directly in without changing program behavior
6	Replaced nested for loops with a single stream operation which improved maintainability
0	Removed invocation to listeners that a test suite is about to finish and instead tries to run each test in the test suite one by one. Change doesn't make sense (function well documented in comments yet change shifts functionality completely) which improved maintainability
6	Collapsed four separate expressions into a loop from 1...4 that does the same thing causing an infinite loop
6	Changed loop structure to use a foreach loop causing an infinite loop
6	Added some hardcoded arrays and a for loop in the end leading to redundant computations
11	Introduced a switch statement to replace multiple if conditions leading to subtle logic errors
6	Split a large loop into multiple smaller loops which removed redundant control structures
17	Refactored a control structure without altering functionality without changing program behavior
17	Changed call to a custom method to a standard Java utility function causing the function to behave differently
6	Exchanged for loop with if condition (makes no sense) without changing program behavior
11	Replaced an if-else structure with a ternary operator without modifying external behavior
6	Refactored nested loops for better readability without changing program behavior
6	Moved loop initialization outside of the loop causing the function to behave differently
6	Exchanged for loop with if condition (makes no sense) which improved readability
6	Added a nested loop for iterating over new data leading to redundant computations
11	Replaced an if-else structure with a ternary operator causing the function to behave differently
3	Added a null check for the picture object. that introduced unexpected behavior
17	Modified object (including primitive types) creation or initialization
17	added a few initialisations
17	added a few initialisations
17	moved method call to String and changed object assignments and changed return variables
17	Changed collection class from custom (RuleCollector) to API (List)
4	Nothing functional: Moves a return statement from just after a try catch to inside the catch
10	adds an assignment of a new value to a final member variable
10	Changed an array declaration
10	Added a declaration of a variable, which is then unused
10	Moved delaration to after first use of the variable
3	Deleted a declaration
10	Several changes to variable declarations; moved some to top of block, others redeclared when updated
0	no functional difference (introduces a different structure/ specific variable declaration)
0	no functional difference (specific variable declaration)
0	no functional difference (just different structure and specific variable declaration)
17	change of variable (no longer a new instance of a class)
12	added comments, change an object of a class to a variable
10	add variable declaration
10	delete variable initialization
3	Implements a new HashMap logic and ignores all validation from the original code. Also returns the HashMap in a void method.
17	Adds the call newInstance() on a constructors element from a list.
2	Added mostly a lot of comments and performed some additional put operations
1	Commented out a bit operation (instead setting this variable to 0) and added an int cast. Maybe additional category: Modified initialization of a primitive type
17	Sets a mapper as class attribute
17	Adss 2 comments + Changed call of constructor + changed returning class field to calling a getter function
17	changes from call to getter class to referencing field directly + re-declares one of the variables; compilation error due to re-declaration of variable
17	Tries to call format instead of String.format to format a string which causes compilation issue
17	Updated object allocation logic for better efficiency
17	Moved method call to String and changed object assignments and changed return variables
17	Removed unnecessary object instantiation
3	Deleted a declaration
17	Modified object (including primitive types) creation or initialization
17	Moved object instantiation to a different method
0	No functional difference (introduces a different structure/ specific variable declaration)
17	Deleted redundant object initialization
17	Introduced a new temporary object that is not used
17	Added a few initializations
10	Changed an array declaration
2	Added mostly a lot of comments and performed some additional put operations
10	Added variable declaration
17	Changes from call to getter class to referencing field directly + re-declares one of the variables; compilation error due to re-declaration of variable
17	Removed explicit instantiation in favor of dependency injection
17	Change of variable (no longer a new instance of a class)
17	Modified a constructor call with different parameters
10	Moved declaration to after first use of the variable
17	Tries to call format instead of String.format to format a string which causes compilation issue
17	Introduced redundant object instantiation
17	Changed collection class from custom (RuleCollector) to API (List)
10	Deleted variable initialization
17	Sets a mapper as a class attribute
12	Added comments, changed an object of a class to a variable
10	Added a declaration of a variable, which is then unused
12	Adds 2 comments + Changed call of constructor + changed returning class field to calling a getter function
17	Introduced explicit initialization where it was previously inferred
10	Added a missing variable assignment before use
17	Replaced inline object initialization with constructor call
17	Changed default object initialization behavior
17	Refactored initialization logic using a helper method
10	Refactored variable declarations to improve readability
17	Adds the call newInstance() on a constructor's element from a list.
10	Several changes to variable declarations; moved some to top of block, others redeclared when updated
3	Implements a new HashMap logic and ignores all validation from the original code. Also returns the HashMap in a void method.
0	No functional difference (just different structure and specific variable declaration)
0	No functional difference (specific variable declaration)
10	Changed how a primitive variable is initialized
17	Added a redundant assignment before object usage
1	Commented out a bit operation (instead setting this variable to 0) and added an int cast. Maybe additional category: Modified initialization of a primitive type
17	Replaced a direct object instantiation with a factory method
17	Refactored code to use default initialization values
17	Introduced a new instance of an object without modifying functionality
10	Adds an assignment of a new value to a final member variable
4	Nothing functional: Moves a return statement from just after a try-catch to inside the catch
17	Introduced explicit initialization where it was previously inferred without changing behavior
17	Replaced inline object initialization with constructor call resulting in an unintended side effect
17	Removed unnecessary object instantiation leading to redundant memory allocation
17	Changed how a primitive variable is initialized that affected object lifetime
17	Change of variable (no longer a new instance of a class) that affected object lifetime
17	Tries to call format instead of String.format to format a string which causes compilation issue resulting in unintended side effects
1	Commented out a bit operation (instead setting this variable to 0) and added an int cast. Maybe additional category: Modified initialization of a primitive type causing an unexpected performance regression
17	Adds 2 comments + Changed call of constructor + changed returning class field to calling a getter function which caused a compilation failure
17	Introduced redundant object instantiation which required changes to dependent code
10	Changed how a primitive variable is initialized
10	Several changes to variable declarations; moved some to top of block, others redeclared when updated which improved code clarity
10	Added a declaration of a variable, which is then unused which improved code clarity
17	Removed unnecessary object instantiation which improved code clarity
17	Introduced a new instance of an object without modifying functionality
10	Added a redundant assignment before object usage which altered variable scope
17	Moved object instantiation to a different method causing an unexpected performance regression
17	Moved object instantiation to a different method resulting in an unintended side effect
17	Changed default object initialization behavior that led to an initialization error
10	Moved declaration to after first use of the variable causing an unexpected performance regression
17	Introduced a new instance of an object without modifying functionality causing an unexpected performance regression
10	Refactored variable declarations to improve readability that affected object lifetime
10	Added a missing variable assignment before use resulting in an unintended side effect
17	Modified a constructor call with different parameters leading to redundant memory allocation
17	Replaced a direct object instantiation with a factory method that affected object lifetime
10	Added a missing variable assignment before use without changing behavior
10	Adds an assignment of a new value to a final member variable leading to redundant memory allocation
3	Implements a new HashMap logic and ignores all validation from the original code. Also returns the HashMap in a void method. resulting in unintended side effects
10	Several changes to variable declarations; moved some to top of block, others redeclared when updated which improved code clarity
10	Changed an array declaration without changing behavior
17	Introduced a new temporary object that is not used that affected object lifetime
17	Replaced a direct object instantiation with a factory method causing an unexpected performance regression
10	Deleted variable initialization
10	Moved declaration to after first use of the variable which altered variable scope
17	Changed collection class from custom (RuleCollector) to API (List) that made debugging harder
3	Implements a new HashMap logic and ignores all validation from the original code. Also returns the HashMap in a void method. which required changes to dependent code
17	Changed default object initialization behavior resulting in unintended side effects
17	Deleted redundant object initialization resulting in unintended side effects
17	Changed collection class from custom (RuleCollector) to API (List) resulting in an unintended side effect
17	Deleted redundant object initialization which caused a compilation failure
0	No functional difference (introduces a different structure/ specific variable declaration) which caused a compilation failure
17	Removed unnecessary object instantiation which required changes to dependent code
17	Refactored initialization logic using a helper method resulting in unintended side effects
10	Changed an array declaration causing a memory leak
10	Refactored variable declarations to improve readability resulting in an unintended side effect
0	No functional difference (just different structure and specific variable declaration) resulting in an unintended side effect
17	Introduced explicit initialization where it was previously inferred which required changes to dependent code
0	No functional difference (just different structure and specific variable declaration) that made debugging harder
17	Adds the call newInstance() on a constructor's element from a list. which improved code clarity
17	Adds 2 comments + Changed call of constructor + changed returning class field to calling a getter function that led to an initialization error
10	Deleted variable initialization which required changes to dependent code
0	No functional difference (specific variable declaration)
10	Refactored variable declarations to improve readability that led to an initialization error
10	Changed an array declaration causing an unexpected performance regression
12	Added comments, changed an object of a class to a variable which improved code clarity
17	Modified a constructor call with different parameters
3	Implements a new HashMap logic and ignores all validation from the original code. Also returns the HashMap in a void method. leading to redundant memory allocation
17	Moved object instantiation to a different method leading to redundant memory allocation
4	Nothing functional: Moves a return statement from just after a try-catch to inside the catch without changing behavior
17	Added a redundant assignment before object usage resulting in unintended side effects
17	Replaced inline object initialization with constructor call causing a memory leak
17	Changes from call to getter class to referencing field directly + re-declares one of the variables; compilation error due to re-declaration of variable that led to an initialization error
17	Refactored code to use default initialization values resulting in unintended side effects
17	Removed unnecessary object instantiation that led to an initialization error
17	Adds 2 comments + Changed call of constructor + changed returning class field to calling a getter function which altered variable scope
17	Added a few initializations that made debugging harder
17	Change of variable (no longer a new instance of a class) causing an unexpected performance regression
17	Refactored initialization logic using a helper method that affected object lifetime
17	Removed explicit instantiation in favor of dependency injection which caused a compilation failure
10	Deleted variable initialization that affected object lifetime
10	Added a declaration of a variable, which is then unused that led to an initialization error
17	Refactored initialization logic using a helper method causing a memory leak
17	Refactored code to use default initialization values leading to redundant memory allocation
10	Refactored variable declarations to improve readability that made debugging harder
17	Adds the call newInstance() on a constructor's element from a list.
0	No functional difference (just different structure and specific variable declaration) resulting in an unintended side effect
17	Added a few initializations that made debugging harder
1	Commented out a bit operation (instead setting this variable to 0) and added an int cast. Maybe additional category: Modified initialization of a primitive type which altered variable scope
0	No functional difference (introduces a different structure/ specific variable declaration) that made debugging harder
17	Modified a constructor call with different parameters that made debugging harder
10	Added a declaration of a variable, which is then unused that made debugging harder
17	Introduced redundant object instantiation that affected object lifetime
17	Introduced redundant object instantiation which required changes to dependent code
12	Added comments, changed an object of a class to a variable which altered variable scope
17	Tries to call format instead of String.format to format a string which causes compilation issue resulting in an unintended side effect
17	Introduced a new temporary object that is not used which improved code clarity
17	Deleted redundant object initialization which improved code clarity
10	Added a missing variable assignment before use resulting in an unintended side effect
10	Refactored variable declarations to improve readability resulting in unintended side effects
17	Refactored initialization logic using a helper method causing an unexpected performance regression
10	Deleted variable initialization causing an unexpected performance regression
17	Introduced a new instance of an object without modifying functionality which required changes to dependent code
17	Changes from call to getter class to referencing field directly + re-declares one of the variables; compilation error due to re-declaration of variable that led to an initialization error
3	Deleted a declaration that made debugging harder
10	No functional difference (specific variable declaration) leading to redundant memory allocation
10	Adds an assignment of a new value to a final member variable resulting in unintended side effects
10	Added variable declaration resulting in unintended side effects
17	Removed unnecessary object instantiation resulting in unintended side effects
10	Deleted variable initialization resulting in unintended side effects
17	Sets a mapper as a class attribute that affected object lifetime
10	Several changes to variable declarations; moved some to top of block, others redeclared when updated leading to redundant memory allocation
17	Added a redundant assignment before object usage that affected object lifetime
3	Deleted a declaration
10	Change of variable (no longer a new instance of a class) which altered variable scope
10	Adds an assignment of a new value to a final member variable causing an unexpected performance regression
17	Adds 2 comments + Changed call of constructor + changed returning class field to calling a getter function resulting in unintended side effects
10	Refactored variable declarations to improve readability which required changes to dependent code
17	Sets a mapper as a class attribute which caused a compilation failure
17	Refactored code to use default initialization values leading to redundant memory allocation
10	Deleted variable initialization leading to redundant memory allocation
17	Introduced redundant object instantiation causing a memory leak
17	Refactored code to use default initialization values that led to an initialization error
17	Modified object (including primitive types) creation or initialization without changing behavior
0	No functional difference (introduces a different structure/ specific variable declaration) causing an unexpected performance regression
12	Added comments, changed an object of a class to a variable which altered variable scope
0	No functional difference (specific variable declaration) which required changes to dependent code
17	Moved method call to String and changed object assignments and changed return variables that affected object lifetime
17	Introduced a new instance of an object without modifying functionality that affected object lifetime
1	Changed collection class from custom (RuleCollector) to API (List) which caused a compilation failure
0	No functional difference (introduces a different structure/ specific variable declaration) leading to redundant memory allocation
17	Removed explicit instantiation in favor of dependency injection which required changes to dependent code
17	Updated object allocation logic for better efficiency that led to an initialization error
2	Added mostly a lot of comments and performed some additional put operations which altered variable scope
17	Moved method call to String and changed object assignments and changed return variables resulting in an unintended side effect
17	Added a redundant assignment before object usage resulting in unintended side effects
17	Added a few initializations which caused a compilation failure
17	Introduced a new instance of an object without modifying functionality causing a memory leak
3	Deleted a declaration
10	Moved declaration to after first use of the variable causing an unexpected performance regression
17	Changed default object initialization behavior resulting in unintended side effects
17	Added a few initializations that made debugging harder
10	Changed how a primitive variable is initialized which caused a compilation failure
10	Deleted variable initialization which altered variable scope
3	Deleted a declaration
17	Removed unnecessary object instantiation resulting in unintended side effects
17	Refactored code to use default initialization values resulting in an unintended side effect
0	No functional difference (specific variable declaration) resulting in an unintended side effect
3	Implements a new HashMap logic and ignores all validation from the original code. Also returns the HashMap in a void method. leading to redundant memory allocation
10	Adds an assignment of a new value to a final member variable which required changes to dependent code
0	No functional difference (specific variable declaration) resulting in an unintended side effect
10	Introduced explicit initialization where it was previously inferred which altered variable scope
1	Commented out a bit operation (instead setting this variable to 0) and added an int cast. Maybe additional category: Modified initialization of a primitive type which improved code clarity
10	Added variable declaration resulting in unintended side effects
17	Refactored initialization logic using a helper method resulting in unintended side effects
1	Commented out a bit operation (instead setting this variable to 0) and added an int cast. Maybe additional category: Modified initialization of a primitive type
10	Adds an assignment of a new value to a final member variable which required changes to dependent code
17	Replaced a direct object instantiation with a factory method which caused a compilation failure
17	Modified a constructor call with different parameters causing an unexpected performance regression
17	Adds 2 comments + Changed call of constructor + changed returning class field to calling a getter function that led to an initialization error
17	Introduced redundant object instantiation that affected object lifetime
10	Added a missing variable assignment before use leading to redundant memory allocation
17	Moved object instantiation to a different method resulting in an unintended side effect
10	Added variable declaration resulting in an unintended side effect
17	Moved method call to String and changed object assignments and changed return variables
17	Refactored initialization logic using a helper method
17	Modified a constructor call with different parameters
0	No functional difference (specific variable declaration) without changing behavior
17	Refactored code to use default initialization values causing an unexpected performance regression
17	Moved object instantiation to a different method that affected object lifetime
10	Added a missing variable assignment before use that made debugging harder
10	Added a missing variable assignment before use causing a memory leak
17	Updated object allocation logic for better efficiency resulting in unintended side effects
17	Removed explicit instantiation in favor of dependency injection that made debugging harder
12	Added comments, changed an object of a class to a variable resulting in unintended side effects
17	Moved object instantiation to a different method that affected object lifetime
10	Adds an assignment of a new value to a final member variable that made debugging harder
17	Replaced inline object initialization with constructor call that affected object lifetime
17	Replaced a direct object instantiation with a factory method causing an unexpected performance regression
12	Adds 2 comments + Changed call of constructor + changed returning class field to calling a getter function which improved code clarity
17	Changes from call to getter class to referencing field directly + re-declares one of the variables; compilation error due to re-declaration of variable which required changes to dependent code
10	Added a declaration of a variable, which is then unused which caused a compilation failure
17	Replaced a direct object instantiation with a factory method which improved code clarity
17	Sets a mapper as a class attribute resulting in an unintended side effect
10	Changed how a primitive variable is initialized which caused a compilation failure
10	Added a declaration of a variable, which is then unused which caused a compilation failure
10	Moved declaration to after first use of the variable which improved code clarity
3	Deleted a declaration
17	Introduced a new instance of an object without modifying functionality causing a memory leak
17	Added a few initializations that affected object lifetime
17	Sets a mapper as a class attribute which improved code clarity
10	Moved declaration to after first use of the variable which altered variable scope
10	Moved declaration to after first use of the variable that led to an initialization error
17	Changed collection class from custom (RuleCollector) to API (List) causing a memory leak
1	Commented out a bit operation (instead setting this variable to 0) and added an int cast. Maybe additional category: Modified initialization of a primitive type which required changes to dependent code
10	Tries to call format instead of String.format to format a string which causes compilation issue which altered variable scope
0	No functional difference (just different structure and specific variable declaration) resulting in unintended side effects
17	Changed default object initialization behavior leading to redundant memory allocation
0	No functional difference (introduces a different structure/ specific variable declaration) that led to an initialization error
0	No functional difference (introduces a different structure/ specific variable declaration) leading to redundant memory allocation
10	Adds an assignment of a new value to a final member variable causing an unexpected performance regression
17	Moved method call to String and changed object assignments and changed return variables which required changes to dependent code
10	Changed an array declaration causing an unexpected performance regression
17	Removed unnecessary object instantiation that affected object lifetime
17	Adds 2 comments + Changed call of constructor + changed returning class field to calling a getter function causing a memory leak
3	Deleted a declaration
1	Changed collection class from custom (RuleCollector) to API (List) which caused a compilation failure
17	Implements a new HashMap logic and ignores all validation from the original code. Also returns the HashMap in a void method. causing an unexpected performance regression
10	Deleted variable initialization
17	Introduced a new instance of an object without modifying functionality that led to an initialization error
10	Refactored variable declarations to improve readability which required changes to dependent code
3	Deleted a declaration
2	Added mostly a lot of comments and performed some additional put operations causing a memory leak
17	Adds the call newInstance() on a constructor's element from a list. causing an unexpected performance regression
17	Added a redundant assignment before object usage leading to redundant memory allocation
10	Added variable declaration causing an unexpected performance regression
17	Sets a mapper as a class attribute resulting in unintended side effects
17	Introduced explicit initialization where it was previously inferred resulting in unintended side effects
17	Deleted redundant object initialization without changing behavior
0	No functional difference (specific variable declaration) resulting in unintended side effects
17	Implements a new HashMap logic and ignores all validation from the original code. Also returns the HashMap in a void method. which altered variable scope
4	Nothing functional: Moves a return statement from just after a try-catch to inside the catch resulting in an unintended side effect
10	Added variable declaration resulting in an unintended side effect
17	Removed explicit instantiation in favor of dependency injection leading to redundant memory allocation
17	Introduced explicit initialization where it was previously inferred that made debugging harder
0	No functional difference (just different structure and specific variable declaration) which caused a compilation failure
10	Added a missing variable assignment before use leading to redundant memory allocation
10	Moved declaration to after first use of the variable that made debugging harder
17	Modified a constructor call with different parameters resulting in an unintended side effect
17	Removed explicit instantiation in favor of dependency injection that made debugging harder
17	Replaced a direct object instantiation with a factory method which altered variable scope
17	Modified a constructor call with different parameters resulting in an unintended side effect
10	Several changes to variable declarations; moved some to top of block, others redeclared when updated that led to an initialization error
10	Refactored code to use default initialization values which altered variable scope
1	Commented out a bit operation (instead setting this variable to 0) and added an int cast. Maybe additional category: Modified initialization of a primitive type resulting in an unintended side effect
10	Added a declaration of a variable, which is then unused
17	Moved method call to String and changed object assignments and changed return variables causing a memory leak
17	Introduced a new temporary object that is not used which improved code clarity
10	Several changes to variable declarations; moved some to top of block, others redeclared when updated which improved code clarity
10	Changed how a primitive variable is initialized which caused a compilation failure
17	Changed collection class from custom (RuleCollector) to API (List) that made debugging harder
10	Several changes to variable declarations; moved some to top of block, others redeclared when updated resulting in an unintended side effect
2	Added mostly a lot of comments and performed some additional put operations causing a memory leak
10	Added variable declaration causing a memory leak
17	Modified a constructor call with different parameters
17	Refactored code to use default initialization values resulting in an unintended side effect
17	Refactored code to use default initialization values causing a memory leak
10	Deleted a declaration which altered variable scope
17	Tries to call format instead of String.format to format a string which causes compilation issue resulting in unintended side effects
10	Changed an array declaration that led to an initialization error
17	Modified object (including primitive types) creation or initialization that made debugging harder
17	Changed default object initialization behavior causing a memory leak
17	Added comments, changed an object of a class to a variable leading to redundant memory allocation
0	No functional difference (specific variable declaration) without changing behavior
17	Changed default object initialization behavior which improved code clarity
17	Modified object (including primitive types) creation or initialization resulting in unintended side effects
10	Refactored code to use default initialization values which altered variable scope
10	Moved declaration to after first use of the variable that made debugging harder
10	Changed an array declaration resulting in unintended side effects
17	Deleted redundant object initialization that led to an initialization error
10	Added variable declaration causing an unexpected performance regression
17	Tries to call format instead of String.format to format a string which causes compilation issue without changing behavior
10	Added a declaration of a variable, which is then unused resulting in an unintended side effect
10	Changed an array declaration that led to an initialization error
17	Replaced a direct object instantiation with a factory method which altered variable scope
0	No functional difference (introduces a different structure/ specific variable declaration) that led to an initialization error
3	Deleted a declaration which caused a compilation failure
10	Introduced redundant object instantiation which altered variable scope
10	Deleted variable initialization causing an unexpected performance regression
17	Replaced inline object initialization with constructor call
17	Introduced explicit initialization where it was previously inferred without changing behavior
17	Replaced a direct object instantiation with a factory method
17	Tries to call format instead of String.format to format a string which causes compilation issue that led to an initialization error
10	Added a declaration of a variable, which is then unused causing an unexpected performance regression
17	Changed default object initialization behavior resulting in an unintended side effect
17	Moved method call to String and changed object assignments and changed return variables without changing behavior
17	Replaced inline object initialization with constructor call which required changes to dependent code
17	Refactored code to use default initialization values that led to an initialization error
17	Change of variable (no longer a new instance of a class) that affected object lifetime
17	Modified a constructor call with different parameters
17	Introduced redundant object instantiation without changing behavior
17	Introduced a new instance of an object without modifying functionality that led to an initialization error
10	Refactored variable declarations to improve readability resulting in unintended side effects
17	Adds the call newInstance() on a constructor's element from a list. that led to an initialization error
10	Introduced a new temporary object that is not used which altered variable scope
17	Adds the call newInstance() on a constructor's element from a list. resulting in unintended side effects
10	Added variable declaration that affected object lifetime
17	Added a few initializations
17	Adds 2 comments + Changed call of constructor + changed returning class field to calling a getter function causing a memory leak
0	No functional difference (specific variable declaration) resulting in an unintended side effect
17	Adds 2 comments + Changed call of constructor + changed returning class field to calling a getter function that led to an initialization error
17	Changes from call to getter class to referencing field directly + re-declares one of the variables; compilation error due to re-declaration of variable without changing behavior
10	Change of variable (no longer a new instance of a class) which altered variable scope
17	Modified a constructor call with different parameters leading to redundant memory allocation
10	Moved declaration to after first use of the variable
1	Commented out a bit operation (instead setting this variable to 0) and added an int cast. Maybe additional category: Modified initialization of a primitive type that led to an initialization error
1	Commented out a bit operation (instead setting this variable to 0) and added an int cast. Maybe additional category: Modified initialization of a primitive type causing an unexpected performance regression
17	Changes from call to getter class to referencing field directly + re-declares one of the variables; compilation error due to re-declaration of variable without changing behavior
17	Replaced inline object initialization with constructor call which improved code clarity
17	Modified object (including primitive types) creation or initialization which improved code clarity
10	Added a declaration of a variable, which is then unused without changing behavior
17	Refactored code to use default initialization values that affected object lifetime
0	No functional difference (just different structure and specific variable declaration) without changing behavior
17	Moved object instantiation to a different method which caused a compilation failure
17	Changed default object initialization behavior causing a memory leak
17	Introduced a new instance of an object without modifying functionality without changing behavior
17	Introduced a new temporary object that is not used that affected object lifetime
17	Changes from call to getter class to referencing field directly + re-declares one of the variables; compilation error due to re-declaration of variable without changing behavior
12	Adds 2 comments + Changed call of constructor + changed returning class field to calling a getter function without changing behavior
17	Tries to call format instead of String.format to format a string which causes compilation issue that led to an initialization error
17	Adds 2 comments + Changed call of constructor + changed returning class field to calling a getter function that affected object lifetime
0	No functional difference (specific variable declaration) resulting in unintended side effects
17	Changed default object initialization behavior which caused a compilation failure
10	Added a declaration of a variable, which is then unused leading to redundant memory allocation
17	Refactored initialization logic using a helper method which required changes to dependent code
3	Deleted a declaration which required changes to dependent code
17	Updated object allocation logic for better efficiency
10	Moved declaration to after first use of the variable which altered variable scope
17	Changed collection class from custom (RuleCollector) to API (List) which required changes to dependent code
17	Introduced redundant object instantiation leading to redundant memory allocation
17	Added a redundant assignment before object usage which caused a compilation failure
10	Added a missing variable assignment before use resulting in an unintended side effect
17	Adds the call newInstance() on a constructor's element from a list. that made debugging harder
17	Refactored code to use default initialization values which caused a compilation failure
10	Deleted variable initialization which altered variable scope
17	Changed default object initialization behavior that affected object lifetime
17	Removed explicit instantiation in favor of dependency injection which improved code clarity
17	Introduced redundant object instantiation
0	No functional difference (just different structure and specific variable declaration) which caused a compilation failure
17	Removed unnecessary object instantiation that affected object lifetime
17	Changes from call to getter class to referencing field directly + re-declares one of the variables; compilation error due to re-declaration of variable leading to redundant memory allocation
17	Replaced inline object initialization with constructor call resulting in unintended side effects
17	Refactored initialization logic using a helper method which required changes to dependent code
10	Refactored variable declarations to improve readability resulting in an unintended side effect
17	Introduced redundant object instantiation resulting in unintended side effects
17	Refactored initialization logic using a helper method without changing behavior
3	Deleted a declaration that made debugging harder
17	Tries to call format instead of String.format to format a string which causes compilation issue that led to an initialization error
17	Introduced a new temporary object that is not used causing an unexpected performance regression
0	No functional difference (specific variable declaration) resulting in an unintended side effect
17	Moved object instantiation to a different method which caused a compilation failure
10	Refactored variable declarations to improve readability that affected object lifetime
3	Implements a new HashMap logic and ignores all validation from the original code. Also returns the HashMap in a void method. which required changes to dependent code
17	Updated object allocation logic for better efficiency leading to redundant memory allocation
17	Changed collection class from custom (RuleCollector) to API (List) which improved code clarity
17	Moved method call to String and changed object assignments and changed return variables resulting in an unintended side effect
17	Sets a mapper as a class attribute which improved code clarity
2	Added mostly a lot of comments and performed some additional put operations which required changes to dependent code
17	Modified object (including primitive types) creation or initialization resulting in unintended side effects
4	Nothing functional: Moves a return statement from just after a try-catch to inside the catch without changing behavior
10	Changed an array declaration
17	Introduced a new temporary object that is not used leading to redundant memory allocation
17	Introduced explicit initialization where it was previously inferred which required changes to dependent code
17	Replaced a direct object instantiation with a factory method causing a memory leak
10	Changed how a primitive variable is initialized that made debugging harder
17	Added a few initializations resulting in an unintended side effect
17	Removed unnecessary object instantiation causing an unexpected performance regression
10	Added a few initializations which altered variable scope
10	Added variable declaration causing an unexpected performance regression
0	No functional difference (just different structure and specific variable declaration) leading to redundant memory allocation
10	Several changes to variable declarations; moved some to top of block, others redeclared when updated which improved code clarity
10	Changed how a primitive variable is initialized that led to an initialization error
1	Changed collection class from custom (RuleCollector) to API (List) which caused a compilation failure
10	Added a missing variable assignment before use which required changes to dependent code
17	Sets a mapper as a class attribute that affected object lifetime
17	Sets a mapper as a class attribute
10	Added variable declaration causing a memory leak
17	Added a few initializations that affected object lifetime
0	No functional difference (just different structure and specific variable declaration) which required changes to dependent code
10	Added a missing variable assignment before use which altered variable scope
0	No functional difference (introduces a different structure/ specific variable declaration) which required changes to dependent code
2	Added mostly a lot of comments and performed some additional put operations which improved code clarity
0	No functional difference (just different structure and specific variable declaration) causing a memory leak
17	Changed default object initialization behavior that affected object lifetime
17	Introduced a new instance of an object without modifying functionality
17	Introduced a new instance of an object without modifying functionality which caused a compilation failure
10	Refactored variable declarations to improve readability resulting in an unintended side effect
10	Changed an array declaration that led to an initialization error
17	Introduced a new instance of an object without modifying functionality resulting in an unintended side effect
17	Changed collection class from custom (RuleCollector) to API (List) that made debugging harder
3	Deleted a declaration that led to an initialization error
17	Refactored initialization logic using a helper method that affected object lifetime
17	Moved object instantiation to a different method which altered variable scope
10	Added variable declaration which required changes to dependent code
10	Refactored variable declarations to improve readability which altered variable scope
17	Introduced a new instance of an object without modifying functionality which caused a compilation failure
10	Added variable declaration resulting in unintended side effects
17	Modified object (including primitive types) creation or initialization which improved code clarity
17	Modified object (including primitive types) creation or initialization causing a memory leak
17	Modified a constructor call with different parameters that affected object lifetime
17	Change of variable (no longer a new instance of a class) which improved code clarity
10	Removed explicit instantiation in favor of dependency injection which altered variable scope
17	Introduced a new temporary object that is not used which required changes to dependent code
10	Added variable declaration that affected object lifetime
17	Changed default object initialization behavior resulting in unintended side effects
17	Sets a mapper as a class attribute that affected object lifetime
4	Nothing functional: Moves a return statement from just after a try-catch to inside the catch that made debugging harder
17	Replaced a direct object instantiation with a factory method leading to redundant memory allocation
17	Change of variable (no longer a new instance of a class) causing a memory leak
17	Deleted redundant object initialization which caused a compilation failure
17	Introduced a new temporary object that is not used which improved code clarity
10	Deleted variable initialization that affected object lifetime
10	Deleted variable initialization that made debugging harder
17	Modified a constructor call with different parameters that affected object lifetime
10	Moved declaration to after first use of the variable resulting in an unintended side effect
17	Introduced redundant object instantiation causing an unexpected performance regression
10	Added a declaration of a variable, which is then unused which caused a compilation failure
17	Adds the call newInstance() on a constructor's element from a list. which improved code clarity
10	Several changes to variable declarations; moved some to top of block, others redeclared when updated which caused a compilation failure
2	Added mostly a lot of comments and performed some additional put operations causing an unexpected performance regression
17	Adds the call newInstance() on a constructor's element from a list. resulting in an unintended side effect
17	Modified a constructor call with different parameters
10	Changed an array declaration causing an unexpected performance regression
2	Added mostly a lot of comments and performed some additional put operations resulting in unintended side effects
17	Adds the call newInstance() on a constructor's element from a list. that affected object lifetime
17	Sets a mapper as a class attribute causing an unexpected performance regression
0	No functional difference (specific variable declaration) resulting in unintended side effects
17	Commented out a bit operation (instead setting this variable to 0) and added an int cast. Maybe additional category: Modified initialization of a primitive type leading to redundant memory allocation
10	Added a missing variable assignment before use which altered variable scope
17	Introduced redundant object instantiation which improved code clarity
17	Changes from call to getter class to referencing field directly + re-declares one of the variables; compilation error due to re-declaration of variable causing an unexpected performance regression
17	Sets a mapper as a class attribute
10	Added a declaration of a variable, which is then unused resulting in unintended side effects
1	Commented out a bit operation (instead setting this variable to 0) and added an int cast. Maybe additional category: Modified initialization of a primitive type which altered variable scope
17	Changed collection class from custom (RuleCollector) to API (List) causing an unexpected performance regression
17	Changes from call to getter class to referencing field directly + re-declares one of the variables; compilation error due to re-declaration of variable resulting in an unintended side effect
10	Moved declaration to after first use of the variable that led to an initialization error
10	Refactored variable declarations to improve readability resulting in an unintended side effect
10	Deleted variable initialization resulting in an unintended side effect
10	Added a declaration of a variable, which is then unused without changing behavior
17	Introduced a new instance of an object without modifying functionality resulting in an unintended side effect
10	Adds an assignment of a new value to a final member variable which required changes to dependent code
10	Added a missing variable assignment before use which required changes to dependent code
10	Moved declaration to after first use of the variable that affected object lifetime
17	Changed default object initialization behavior leading to redundant memory allocation
0	No functional difference (introduces a different structure/ specific variable declaration) resulting in unintended side effects
17	Sets a mapper as a class attribute which caused a compilation failure
3	Deleted a declaration resulting in an unintended side effect
17	Introduced a new instance of an object without modifying functionality
10	Refactored variable declarations to improve readability resulting in unintended side effects
17	Modified a constructor call with different parameters without changing behavior
10	Refactored variable declarations to improve readability which altered variable scope
0	No functional difference (just different structure and specific variable declaration) which improved code clarity
17	Replaced inline object initialization with constructor call that made debugging harder
3	Deleted a declaration without changing behavior
17	Replaced a direct object instantiation with a factory method which improved code clarity
17	Tries to call format instead of String.format to format a string which causes compilation issue which required changes to dependent code
17	Removed explicit instantiation in favor of dependency injection which required changes to dependent code
17	Removed unnecessary object instantiation that made debugging harder
17	Introduced a new instance of an object without modifying functionality which caused a compilation failure
10	Deleted redundant object initialization which altered variable scope
10	Several changes to variable declarations; moved some to top of block, others redeclared when updated causing an unexpected performance regression
10	Changed an array declaration which improved code clarity
0	No functional difference (just different structure and specific variable declaration)
17	Added a redundant assignment before object usage which required changes to dependent code
17	Refactored initialization logic using a helper method without changing behavior
10	Changed an array declaration resulting in unintended side effects
17	Removed unnecessary object instantiation that led to an initialization error
10	Introduced explicit initialization where it was previously inferred which altered variable scope
2	Added mostly a lot of comments and performed some additional put operations that affected object lifetime
10	Deleted redundant object initialization which altered variable scope
17	Removed explicit instantiation in favor of dependency injection causing an unexpected performance regression
17	Adds 2 comments + Changed call of constructor + changed returning class field to calling a getter function leading to redundant memory allocation
17	Tries to call format instead of String.format to format a string which causes compilation issue that made debugging harder
3	Deleted a declaration which required changes to dependent code
2	Added mostly a lot of comments and performed some additional put operations which improved code clarity
0	No functional difference (just different structure and specific variable declaration) which improved code clarity
7	Split a statement into multiple lines
7	split into multiple lines, looks the same?
7	split into multiple lines, replaced variable assignment with a number (logW -> 7)
7	change x to * thus changing part of variable name to an operator, split another statement into multiple lines
7	moving statements out of loops by inserting brackets, splittin statements into multiple lines
10	Added a declaration to an existing variable assignment
10	Broke expression into multiple steps with temporary variables
10	Broke expression into multiple steps with temporary variables
10	Added a temporary variable in place of a postfix increment
7	deaggregate function (now over 3 lines instead of 1)
5	Tries to split the code into multiple lines. Prints the result instead of returning (as defined in the method).
17	Moves the value (String.class) for a construtor's parameter from one line to another.
7	Rearranges code: Splits a line (not to 100%) into two and adds a comment
7	Swapped two variables in two neighbouring lines.
16	Added a comment and replace apply with accept, while pushing pack apply to the line before using ::apply, Looks like an odd choice to move up apply with "::"
7	Just parsed a one line rithmetic over multiple lines and added a comment
7	swap two lines in the same block
7	Split a statement into multiple lines
7	swap two lines in the same block
7	Swap and split some lines in the block
7	Swapped two variables in two neighboring lines.
7	Split a long function call into multiple lines
7	Moving statements out of loops by inserting brackets, splitting statements into multiple lines
7	Change x to * thus changing part of variable name to an operator, split another statement into multiple lines
7	Split into multiple lines, replaced variable assignment with a number (logW -> 7)
5	Tries to split the code into multiple lines. Prints the result instead of returning (as defined in the method).
10	Added a declaration to an existing variable assignment
7	Reformatted a single-line statement into multiple lines
10	Broke expression into multiple steps with temporary variables
7	Deaggregate function (now over 3 lines instead of 1)
7	Added line breaks to improve readability
7	Split into multiple lines, looks the same?
7	Just parsed a one-line arithmetic over multiple lines and added a comment
16	Extracted part of an expression into a temporary variable
7	Split function arguments into individual lines
13	Reformatted inline calculations into multi-line expressions
7	Refactored a loop header onto multiple lines
7	Split a statement into multiple lines
10	Added a temporary variable in place of a postfix increment
17	Moves the value (String.class) for a constructor's parameter from one line to another.
0	Converted a chained function call into multiple steps
7	Swap two lines in the same block
5	Reformatted a return statement for better structure
7	Moved method parameters onto separate lines
7	Rearranges code: Splits a line (not to 100%) into two and adds a comment
16	Added a comment and replaced apply with accept, while pushing back apply to the line before using ::apply. Looks like an odd choice to move up apply with '::'
13	Reorganized arithmetic expressions across several lines
13	Introduced temporary variables to break down a large expression
7	Rearranged statements to improve clarity
7	Swap and split some lines in the block
11	Reformatted ternary operator into an explicit if-else statement
7	Separated assignments from function calls into distinct lines
7	Refactored a one-liner into multiple statements
7	Split a statement into multiple lines that altered execution order
10	Added a temporary variable in place of a postfix increment without affecting functionality
13	Reformatted inline calculations into multi-line expressions which made debugging easier
16	Extracted part of an expression into a temporary variable that caused unintended formatting issues
7	Swapped two variables in two neighboring lines. without changing program behavior
7	Just parsed a one-line arithmetic over multiple lines and added a comment resulting in longer but clearer code
13	Reorganized arithmetic expressions across several lines which separated dependent operations
7	Rearranges code: Splits a line (not to 100%) into two and adds a comment that altered execution order
7	Split a long function call into multiple lines
7	Swap two lines in the same block which introduced unnecessary complexity
7	Swap two lines in the same block which improved readability
7	Moving statements out of loops by inserting brackets, splitting statements into multiple lines causing redundant code blocks
16	Added a comment and replaced apply with accept, while pushing back apply to the line before using ::apply. Looks like an odd choice to move up apply with '::' which made debugging easier
7	Rearranges code: Splits a line (not to 100%) into two and adds a comment which made debugging easier
10	Added a declaration to an existing variable assignment that altered execution order
7	Split function arguments into individual lines which introduced unnecessary complexity
16	Added a comment and replaced apply with accept, while pushing back apply to the line before using ::apply. Looks like an odd choice to move up apply with '::' without changing program behavior
7	Rearranges code: Splits a line (not to 100%) into two and adds a comment which made debugging easier
17	Moves the value (String.class) for a constructor's parameter from one line to another. resulting in longer but clearer code
7	Moved method parameters onto separate lines which made debugging easier
7	Added line breaks to improve readability which improved readability
7	Rearranged statements to improve clarity which introduced unnecessary complexity
11	Reformatted ternary operator into an explicit if-else statement which improved readability
7	Added line breaks to improve readability which introduced unnecessary complexity
0	Converted a chained function call into multiple steps
17	Moves the value (String.class) for a constructor's parameter from one line to another. without affecting functionality
7	Refactored a one-liner into multiple statements causing redundant code blocks
0	Converted a chained function call into multiple steps without changing program behavior
7	Swap and split some lines in the block
7	Rearranges code: Splits a line (not to 100%) into two and adds a comment
7	Separated assignments from function calls into distinct lines without affecting functionality
7	Moved method parameters onto separate lines which separated dependent operations
7	Split into multiple lines, looks the same? without affecting functionality
7	Swap two lines in the same block that caused unintended formatting issues
7	Split a long function call into multiple lines resulting in longer but clearer code
7	Swapped two variables in two neighboring lines. that caused unintended formatting issues
7	Split a statement into multiple lines that altered execution order
7	Split into multiple lines, looks the same? which made debugging easier
13	Introduced temporary variables to break down a large expression
0	Deaggregate function (now over 3 lines instead of 1) that altered execution order
13	Reorganized arithmetic expressions across several lines without affecting functionality
7	Separated assignments from function calls into distinct lines which improved readability
7	Separated assignments from function calls into distinct lines
7	Rearranged statements to improve clarity resulting in longer but clearer code
7	Rearranged statements to improve clarity without affecting functionality
7	Split a statement into multiple lines which introduced unnecessary complexity
17	Moved method parameters onto separate lines which introduced unnecessary complexity
7	Rearranged statements to improve clarity without affecting functionality
10	Added a declaration to an existing variable assignment without changing program behavior
7	Refactored a loop header onto multiple lines
7	Rearranges code: Splits a line (not to 100%) into two and adds a comment that caused unintended formatting issues
7	Refactored a one-liner into multiple statements
10	Broke expression into multiple steps with temporary variables which made debugging easier
10	Added a declaration to an existing variable assignment causing redundant code blocks
7	Split function arguments into individual lines that caused unintended formatting issues
10	Added a temporary variable in place of a postfix increment resulting in longer but clearer code
7	Split a statement into multiple lines which introduced unnecessary complexity
7	Rearranges code: Splits a line (not to 100%) into two and adds a comment which separated dependent operations
10	Added a temporary variable in place of a postfix increment resulting in longer but clearer code
7	Swap two lines in the same block that altered execution order
7	Split into multiple lines, looks the same? which introduced unnecessary complexity
7	Refactored a one-liner into multiple statements resulting in longer but clearer code
0	Converted a chained function call into multiple steps without affecting functionality
10	Broke expression into multiple steps with temporary variables that altered execution order
17	Moves the value (String.class) for a constructor's parameter from one line to another. that caused unintended formatting issues
7	Refactored a one-liner into multiple statements without affecting functionality
7	Reformatted a single-line statement into multiple lines resulting in longer but clearer code
7	Extracted part of an expression into a temporary variable that improved line-by-line debugging
7	Split into multiple lines, looks the same? that caused unintended formatting issues
7	Added line breaks to improve readability which introduced unnecessary complexity
17	Moves the value (String.class) for a constructor's parameter from one line to another. that improved line-by-line debugging
16	Added a comment and replaced apply with accept, while pushing back apply to the line before using ::apply. Looks like an odd choice to move up apply with '::' causing redundant code blocks
7	Split into multiple lines, looks the same? without affecting functionality
13	Reformatted inline calculations into multi-line expressions that caused unintended formatting issues
13	Broke expression into multiple steps with temporary variables which separated dependent operations
10	Broke expression into multiple steps with temporary variables without affecting functionality
17	Moves the value (String.class) for a constructor's parameter from one line to another.
7	Separated assignments from function calls into distinct lines which separated dependent operations
7	Swapped two variables in two neighboring lines. which separated dependent operations
7	Broke expression into multiple steps with temporary variables that improved line-by-line debugging
7	Moving statements out of loops by inserting brackets, splitting statements into multiple lines without changing program behavior
7	Just parsed a one-line arithmetic over multiple lines and added a comment that altered execution order
7	Split a long function call into multiple lines causing redundant code blocks
7	Just parsed a one-line arithmetic over multiple lines and added a comment without affecting functionality
7	Split a statement into multiple lines without changing program behavior
7	Swap two lines in the same block that improved line-by-line debugging
13	Reformatted inline calculations into multi-line expressions
13	Reformatted inline calculations into multi-line expressions resulting in longer but clearer code
7	Separated assignments from function calls into distinct lines causing redundant code blocks
7	Change x to * thus changing part of variable name to an operator, split another statement into multiple lines causing redundant code blocks
11	Reformatted ternary operator into an explicit if-else statement that improved line-by-line debugging
7	Added line breaks to improve readability which made debugging easier
7	Refactored a one-liner into multiple statements that improved line-by-line debugging
10	Broke expression into multiple steps with temporary variables that altered execution order
7	Moved method parameters onto separate lines causing redundant code blocks
7	Refactored a one-liner into multiple statements without changing program behavior
7	Just parsed a one-line arithmetic over multiple lines and added a comment without affecting functionality
0	Converted a chained function call into multiple steps without affecting functionality
7	Split a statement into multiple lines which improved readability
0	Converted a chained function call into multiple steps without affecting functionality
13	Introduced temporary variables to break down a large expression
5	Reformatted a return statement for better structure without affecting functionality
13	Reformatted inline calculations into multi-line expressions that caused unintended formatting issues
7	Change x to * thus changing part of variable name to an operator, split another statement into multiple lines resulting in longer but clearer code
7	Reformatted a single-line statement into multiple lines without affecting functionality
5	Reformatted a return statement for better structure without affecting functionality
16	Broke expression into multiple steps with temporary variables causing redundant code blocks
5	Tries to split the code into multiple lines. Prints the result instead of returning (as defined in the method). that caused unintended formatting issues
16	Added a comment and replaced apply with accept, while pushing back apply to the line before using ::apply. Looks like an odd choice to move up apply with '::' without changing program behavior
0	Converted a chained function call into multiple steps that caused unintended formatting issues
7	Swap two lines in the same block that caused unintended formatting issues
5	Tries to split the code into multiple lines. Prints the result instead of returning (as defined in the method). that altered execution order
17	Moves the value (String.class) for a constructor's parameter from one line to another. which improved readability
7	Split function arguments into individual lines that improved line-by-line debugging
7	Reformatted a single-line statement into multiple lines that altered execution order
16	Added a comment and replaced apply with accept, while pushing back apply to the line before using ::apply. Looks like an odd choice to move up apply with '::'
0	Converted a chained function call into multiple steps
7	Reformatted a single-line statement into multiple lines which improved readability
7	Reformatted a single-line statement into multiple lines which improved readability
0	Converted a chained function call into multiple steps which made debugging easier
10	Added a temporary variable in place of a postfix increment which introduced unnecessary complexity
7	Swap and split some lines in the block which separated dependent operations
5	Tries to split the code into multiple lines. Prints the result instead of returning (as defined in the method).
7	Reformatted a single-line statement into multiple lines causing redundant code blocks
7	Just parsed a one-line arithmetic over multiple lines and added a comment which introduced unnecessary complexity
5	Reformatted a return statement for better structure
10	Added a declaration to an existing variable assignment which made debugging easier
16	Added a comment and replaced apply with accept, while pushing back apply to the line before using ::apply. Looks like an odd choice to move up apply with '::' which introduced unnecessary complexity
7	Swap two lines in the same block which improved readability
10	Broke expression into multiple steps with temporary variables without changing program behavior
7	Rearranges code: Splits a line (not to 100%) into two and adds a comment without changing program behavior
5	Tries to split the code into multiple lines. Prints the result instead of returning (as defined in the method). that improved line-by-line debugging
7	Split a statement into multiple lines resulting in longer but clearer code
7	Swap two lines in the same block resulting in longer but clearer code
7	Split into multiple lines, looks the same?
0	Deaggregate function (now over 3 lines instead of 1) that altered execution order
7	Rearranges code: Splits a line (not to 100%) into two and adds a comment resulting in longer but clearer code
7	Reformatted a single-line statement into multiple lines
7	Rearranges code: Splits a line (not to 100%) into two and adds a comment without changing program behavior
7	Swap two lines in the same block which made debugging easier
13	Reformatted inline calculations into multi-line expressions
13	Introduced temporary variables to break down a large expression resulting in longer but clearer code
7	Reformatted a return statement for better structure that improved line-by-line debugging
17	Moves the value (String.class) for a constructor's parameter from one line to another. which improved readability
7	Split into multiple lines, replaced variable assignment with a number (logW -> 7) without changing program behavior
0	Deaggregate function (now over 3 lines instead of 1) that altered execution order
7	Split a statement into multiple lines resulting in longer but clearer code
17	Moved method parameters onto separate lines that altered execution order
7	Split into multiple lines, replaced variable assignment with a number (logW -> 7) that altered execution order
10	Added a declaration to an existing variable assignment that improved line-by-line debugging
0	Converted a chained function call into multiple steps
17	Moves the value (String.class) for a constructor's parameter from one line to another. which improved readability
13	Reorganized arithmetic expressions across several lines that altered execution order
7	Refactored a one-liner into multiple statements without affecting functionality
7	Rearranges code: Splits a line (not to 100%) into two and adds a comment that improved line-by-line debugging
7	Split into multiple lines, replaced variable assignment with a number (logW -> 7) causing redundant code blocks
10	Broke expression into multiple steps with temporary variables without affecting functionality
7	Moving statements out of loops by inserting brackets, splitting statements into multiple lines without affecting functionality
5	Reformatted a return statement for better structure which made debugging easier
7	Swap two lines in the same block
7	Refactored a loop header onto multiple lines that improved line-by-line debugging
7	Split into multiple lines, looks the same? resulting in longer but clearer code
5	Tries to split the code into multiple lines. Prints the result instead of returning (as defined in the method). which separated dependent operations
7	Just parsed a one-line arithmetic over multiple lines and added a comment causing redundant code blocks
7	Split function arguments into individual lines that altered execution order
7	Split into multiple lines, replaced variable assignment with a number (logW -> 7) which made debugging easier
7	Split into multiple lines, looks the same? that altered execution order
17	Moves the value (String.class) for a constructor's parameter from one line to another. causing redundant code blocks
0	Deaggregate function (now over 3 lines instead of 1) that altered execution order
7	Split a long function call into multiple lines resulting in longer but clearer code
16	Broke expression into multiple steps with temporary variables causing redundant code blocks
7	Added line breaks to improve readability that altered execution order
7	Separated assignments from function calls into distinct lines without affecting functionality
7	Split a statement into multiple lines which introduced unnecessary complexity
7	Just parsed a one-line arithmetic over multiple lines and added a comment which separated dependent operations
7	Split function arguments into individual lines which introduced unnecessary complexity
7	Rearranged statements to improve clarity causing redundant code blocks
7	Rearranged statements to improve clarity resulting in longer but clearer code
10	Added a temporary variable in place of a postfix increment which introduced unnecessary complexity
5	Tries to split the code into multiple lines. Prints the result instead of returning (as defined in the method). that improved line-by-line debugging
7	Swapped two variables in two neighboring lines. which introduced unnecessary complexity
7	Refactored a one-liner into multiple statements which improved readability
7	Separated assignments from function calls into distinct lines that improved line-by-line debugging
5	Reformatted a return statement for better structure resulting in longer but clearer code
6	Refactored a loop header onto multiple lines that altered execution order
7	Split into multiple lines, looks the same? which introduced unnecessary complexity
7	Rearranged statements to improve clarity that caused unintended formatting issues
10	Added a declaration to an existing variable assignment
17	Moves the value (String.class) for a constructor's parameter from one line to another. without affecting functionality
5	Tries to split the code into multiple lines. Prints the result instead of returning (as defined in the method). which introduced unnecessary complexity
5	Tries to split the code into multiple lines. Prints the result instead of returning (as defined in the method). resulting in longer but clearer code
10	Introduced temporary variables to break down a large expression which improved readability
7	Reformatted a single-line statement into multiple lines which improved readability
7	Rearranged statements to improve clarity which improved readability
13	Reformatted inline calculations into multi-line expressions resulting in longer but clearer code
13	Extracted part of an expression into a temporary variable which separated dependent operations
0	Converted a chained function call into multiple steps that altered execution order
7	Change x to * thus changing part of variable name to an operator, split another statement into multiple lines resulting in longer but clearer code
7	Swapped two variables in two neighboring lines. which introduced unnecessary complexity
7	Rearranges code: Splits a line (not to 100%) into two and adds a comment without affecting functionality
7	Split a long function call into multiple lines which separated dependent operations
7	Rearranged statements to improve clarity which improved readability
11	Reformatted ternary operator into an explicit if-else statement without affecting functionality
7	Reformatted a single-line statement into multiple lines which made debugging easier
13	Reformatted inline calculations into multi-line expressions that altered execution order
7	Moved method parameters onto separate lines resulting in longer but clearer code
0	Converted a chained function call into multiple steps that altered execution order
7	Rearranges code: Splits a line (not to 100%) into two and adds a comment without affecting functionality
5	Reformatted a return statement for better structure
7	Moving statements out of loops by inserting brackets, splitting statements into multiple lines resulting in longer but clearer code
7	Swap two lines in the same block that improved line-by-line debugging
7	Moving statements out of loops by inserting brackets, splitting statements into multiple lines which improved readability
7	Split a statement into multiple lines which separated dependent operations
7	Swap two lines in the same block without affecting functionality
7	Just parsed a one-line arithmetic over multiple lines and added a comment
7	Moving statements out of loops by inserting brackets, splitting statements into multiple lines without affecting functionality
5	Tries to split the code into multiple lines. Prints the result instead of returning (as defined in the method). which improved readability
13	Reorganized arithmetic expressions across several lines that caused unintended formatting issues
0	Deaggregate function (now over 3 lines instead of 1) which introduced unnecessary complexity
7	Split a statement into multiple lines
0	Converted a chained function call into multiple steps without changing program behavior
7	Just parsed a one-line arithmetic over multiple lines and added a comment
7	Split a statement into multiple lines
7	Split into multiple lines, replaced variable assignment with a number (logW -> 7) that improved line-by-line debugging
7	Moved method parameters onto separate lines which made debugging easier
11	Reformatted ternary operator into an explicit if-else statement which introduced unnecessary complexity
7	Swap two lines in the same block which introduced unnecessary complexity
7	Separated assignments from function calls into distinct lines without changing program behavior
11	Reformatted ternary operator into an explicit if-else statement that altered execution order
7	Moving statements out of loops by inserting brackets, splitting statements into multiple lines that improved line-by-line debugging
7	Split into multiple lines, looks the same? which made debugging easier
16	Added a comment and replaced apply with accept, while pushing back apply to the line before using ::apply. Looks like an odd choice to move up apply with '::' which separated dependent operations
5	Tries to split the code into multiple lines. Prints the result instead of returning (as defined in the method). without affecting functionality
7	Split into multiple lines, replaced variable assignment with a number (logW -> 7) that improved line-by-line debugging
5	Tries to split the code into multiple lines. Prints the result instead of returning (as defined in the method).
7	Split function arguments into individual lines which improved readability
7	Change x to * thus changing part of variable name to an operator, split another statement into multiple lines which made debugging easier
7	Split into multiple lines, replaced variable assignment with a number (logW -> 7) which separated dependent operations
10	Added a temporary variable in place of a postfix increment resulting in longer but clearer code
13	Reformatted inline calculations into multi-line expressions without affecting functionality
7	Split into multiple lines, replaced variable assignment with a number (logW -> 7)
7	Split into multiple lines, replaced variable assignment with a number (logW -> 7) that caused unintended formatting issues
13	Reorganized arithmetic expressions across several lines that altered execution order
7	Rearranges code: Splits a line (not to 100%) into two and adds a comment which improved readability
7	Split into multiple lines, looks the same? without changing program behavior
13	Introduced temporary variables to break down a large expression resulting in longer but clearer code
7	Separated assignments from function calls into distinct lines without changing program behavior
7	Just parsed a one-line arithmetic over multiple lines and added a comment which separated dependent operations
16	Added a comment and replaced apply with accept, while pushing back apply to the line before using ::apply. Looks like an odd choice to move up apply with '::' which introduced unnecessary complexity
7	Swap two lines in the same block that altered execution order
7	Swapped two variables in two neighboring lines. resulting in longer but clearer code
7	Split a long function call into multiple lines that improved line-by-line debugging
17	Moved method parameters onto separate lines that caused unintended formatting issues
7	Split into multiple lines, looks the same? without changing program behavior
7	Refactored a loop header onto multiple lines
7	Added line breaks to improve readability which introduced unnecessary complexity
5	Reformatted a return statement for better structure
13	Reformatted inline calculations into multi-line expressions which introduced unnecessary complexity
7	Split into multiple lines, replaced variable assignment with a number (logW -> 7) which introduced unnecessary complexity
13	Reformatted inline calculations into multi-line expressions that caused unintended formatting issues
5	Reformatted a return statement for better structure that caused unintended formatting issues
7	Change x to * thus changing part of variable name to an operator, split another statement into multiple lines which made debugging easier
0	Deaggregate function (now over 3 lines instead of 1) which introduced unnecessary complexity
0	Deaggregate function (now over 3 lines instead of 1) that altered execution order
0	Converted a chained function call into multiple steps which separated dependent operations
13	Reformatted inline calculations into multi-line expressions which introduced unnecessary complexity
17	Moved method parameters onto separate lines that altered execution order
7	Moved method parameters onto separate lines
16	Broke expression into multiple steps with temporary variables causing redundant code blocks
7	Swap two lines in the same block
7	Reformatted a single-line statement into multiple lines causing redundant code blocks
7	Swapped two variables in two neighboring lines.
7	Split into multiple lines, replaced variable assignment with a number (logW -> 7) resulting in longer but clearer code
13	Reorganized arithmetic expressions across several lines resulting in longer but clearer code
7	Split into multiple lines, looks the same? which improved readability
5	Reformatted a return statement for better structure causing redundant code blocks
7	Added a temporary variable in place of a postfix increment that improved line-by-line debugging
7	Rearranged statements to improve clarity that caused unintended formatting issues
7	Reorganized arithmetic expressions across several lines causing redundant code blocks
7	Deaggregate function (now over 3 lines instead of 1) that caused unintended formatting issues
13	Reorganized arithmetic expressions across several lines that caused unintended formatting issues
11	Reformatted ternary operator into an explicit if-else statement
10	Added a temporary variable in place of a postfix increment resulting in longer but clearer code
5	Tries to split the code into multiple lines. Prints the result instead of returning (as defined in the method). resulting in longer but clearer code
7	Swap two lines in the same block that altered execution order
7	Just parsed a one-line arithmetic over multiple lines and added a comment which introduced unnecessary complexity
5	Reformatted a return statement for better structure without changing program behavior
7	Moving statements out of loops by inserting brackets, splitting statements into multiple lines that improved line-by-line debugging
7	Split into multiple lines, replaced variable assignment with a number (logW -> 7)
16	Added a comment and replaced apply with accept, while pushing back apply to the line before using ::apply. Looks like an odd choice to move up apply with '::' which introduced unnecessary complexity
5	Tries to split the code into multiple lines. Prints the result instead of returning (as defined in the method). resulting in longer but clearer code
7	Swapped two variables in two neighboring lines. that caused unintended formatting issues
0	Converted a chained function call into multiple steps which introduced unnecessary complexity
7	Split function arguments into individual lines that improved line-by-line debugging
5	Reformatted a return statement for better structure which separated dependent operations
7	Reformatted a single-line statement into multiple lines causing redundant code blocks
7	Moved method parameters onto separate lines resulting in longer but clearer code
6	Refactored a loop header onto multiple lines which introduced unnecessary complexity
7	Reformatted inline calculations into multi-line expressions causing redundant code blocks
7	Reformatted a single-line statement into multiple lines which separated dependent operations
7	Just parsed a one-line arithmetic over multiple lines and added a comment that altered execution order
7	Change x to * thus changing part of variable name to an operator, split another statement into multiple lines resulting in longer but clearer code
7	Just parsed a one-line arithmetic over multiple lines and added a comment
13	Reformatted inline calculations into multi-line expressions
7	Moved method parameters onto separate lines causing redundant code blocks
7	Split a statement into multiple lines which improved readability
13	Reorganized arithmetic expressions across several lines which improved readability
13	Reorganized arithmetic expressions across several lines resulting in longer but clearer code
16	Introduced temporary variables to break down a large expression causing redundant code blocks
7	Separated assignments from function calls into distinct lines causing redundant code blocks
16	Extracted part of an expression into a temporary variable
7	Split a statement into multiple lines without changing program behavior
7	Added a temporary variable in place of a postfix increment that improved line-by-line debugging
13	Reformatted inline calculations into multi-line expressions which separated dependent operations
11	Reformatted ternary operator into an explicit if-else statement without affecting functionality
7	Refactored a one-liner into multiple statements without changing program behavior
0	Converted a chained function call into multiple steps which separated dependent operations
7	Split a statement into multiple lines which improved readability
16	Added a comment and replaced apply with accept, while pushing back apply to the line before using ::apply. Looks like an odd choice to move up apply with '::' resulting in longer but clearer code
7	Moving statements out of loops by inserting brackets, splitting statements into multiple lines that caused unintended formatting issues
7	Rearranged statements to improve clarity resulting in longer but clearer code
10	Added a declaration to an existing variable assignment which separated dependent operations
7	Added line breaks to improve readability which improved readability
7	Rearranged statements to improve clarity causing redundant code blocks
7	Split function arguments into individual lines without changing program behavior
13	Reformatted inline calculations into multi-line expressions which made debugging easier
13	Reformatted inline calculations into multi-line expressions which introduced unnecessary complexity
7	Refactored a loop header onto multiple lines without changing program behavior
16	Added a comment and replaced apply with accept, while pushing back apply to the line before using ::apply. Looks like an odd choice to move up apply with '::' which improved readability
13	Reformatted inline calculations into multi-line expressions that altered execution order
7	Just parsed a one-line arithmetic over multiple lines and added a comment which separated dependent operations
7	Change x to * thus changing part of variable name to an operator, split another statement into multiple lines resulting in longer but clearer code
0	Converted a chained function call into multiple steps resulting in longer but clearer code
0	Converted a chained function call into multiple steps causing redundant code blocks
7	Deaggregate function (now over 3 lines instead of 1)
7	Split function arguments into individual lines which separated dependent operations
17	Moves the value (String.class) for a constructor's parameter from one line to another. without changing program behavior
7	Separated assignments from function calls into distinct lines without changing program behavior
5	Reformatted a return statement for better structure without affecting functionality
7	Swap and split some lines in the block which separated dependent operations
7	Split function arguments into individual lines that improved line-by-line debugging
10	Added a declaration to an existing variable assignment without affecting functionality
7	Rearranges code: Splits a line (not to 100%) into two and adds a comment resulting in longer but clearer code
7	Rearranges code: Splits a line (not to 100%) into two and adds a comment that caused unintended formatting issues
7	Split a statement into multiple lines causing redundant code blocks
7	Added line breaks to improve readability
7	Rearranges code: Splits a line (not to 100%) into two and adds a comment which separated dependent operations
7	Just parsed a one-line arithmetic over multiple lines and added a comment which introduced unnecessary complexity
5	Reformatted a return statement for better structure that altered execution order
7	Moving statements out of loops by inserting brackets, splitting statements into multiple lines which introduced unnecessary complexity
7	Swap two lines in the same block that caused unintended formatting issues
7	Just parsed a one-line arithmetic over multiple lines and added a comment that improved line-by-line debugging
7	Swap and split some lines in the block that caused unintended formatting issues
17	Moves the value (String.class) for a constructor's parameter from one line to another. which introduced unnecessary complexity
10	Broke expression into multiple steps with temporary variables which made debugging easier
17	Moves the value (String.class) for a constructor's parameter from one line to another. resulting in longer but clearer code
16	Added a comment and replaced apply with accept, while pushing back apply to the line before using ::apply. Looks like an odd choice to move up apply with '::' which made debugging easier
17	Moves the value (String.class) for a constructor's parameter from one line to another. which improved readability
13	Reformatted inline calculations into multi-line expressions without affecting functionality
13	Broke expression into multiple steps with temporary variables which introduced unnecessary complexity
10	Added a temporary variable in place of a postfix increment resulting in longer but clearer code
16	Extracted part of an expression into a temporary variable that caused unintended formatting issues
13	Reformatted inline calculations into multi-line expressions without changing program behavior
7	Just parsed a one-line arithmetic over multiple lines and added a comment that altered execution order
7	Split a statement into multiple lines which made debugging easier
7	Refactored a loop header onto multiple lines that caused unintended formatting issues
7	Moving statements out of loops by inserting brackets, splitting statements into multiple lines which introduced unnecessary complexity
13	Reorganized arithmetic expressions across several lines which improved readability
7	Swap and split some lines in the block without affecting functionality
13	Extracted part of an expression into a temporary variable which introduced unnecessary complexity
7	Refactored a one-liner into multiple statements
7	Refactored a one-liner into multiple statements which introduced unnecessary complexity
7	Refactored a one-liner into multiple statements which introduced unnecessary complexity
7	Just parsed a one-line arithmetic over multiple lines and added a comment that improved line-by-line debugging
7	Swap two lines in the same block causing redundant code blocks
7	Refactored a one-liner into multiple statements which separated dependent operations
10	Added a declaration to an existing variable assignment without affecting functionality
10	Added a declaration to an existing variable assignment resulting in longer but clearer code
0	Added a comment and replaced apply with accept, while pushing back apply to the line before using ::apply. Looks like an odd choice to move up apply with '::' that altered execution order
7	Rearranged statements to improve clarity which introduced unnecessary complexity
7	Rearranges code: Splits a line (not to 100%) into two and adds a comment that altered execution order
17	Moves the value (String.class) for a constructor's parameter from one line to another. without affecting functionality
0	Converted a chained function call into multiple steps which introduced unnecessary complexity
11	Reformatted ternary operator into an explicit if-else statement without affecting functionality
11	Reformatted ternary operator into an explicit if-else statement which separated dependent operations
7	Split a statement into multiple lines that caused unintended formatting issues
7	Split into multiple lines, replaced variable assignment with a number (logW -> 7) without affecting functionality
13	Reformatted inline calculations into multi-line expressions without changing program behavior
7	Rearranged statements to improve clarity that altered execution order
7	Moving statements out of loops by inserting brackets, splitting statements into multiple lines which separated dependent operations
11	Reformatted ternary operator into an explicit if-else statement
16	Introduced temporary variables to break down a large expression causing redundant code blocks
7	Split a long function call into multiple lines which made debugging easier
7	Split into multiple lines, replaced variable assignment with a number (logW -> 7) without changing program behavior
5	Tries to split the code into multiple lines. Prints the result instead of returning (as defined in the method). that caused unintended formatting issues
7	Rearranges code: Splits a line (not to 100%) into two and adds a comment resulting in longer but clearer code
7	Added line breaks to improve readability
0	Converted a chained function call into multiple steps that caused unintended formatting issues
5	Reformatted a return statement for better structure which made debugging easier
7	Moved method parameters onto separate lines which made debugging easier
7	Split function arguments into individual lines that improved line-by-line debugging
0	Converted a chained function call into multiple steps that caused unintended formatting issues
7	Moving statements out of loops by inserting brackets, splitting statements into multiple lines causing redundant code blocks
7	Moving statements out of loops by inserting brackets, splitting statements into multiple lines that caused unintended formatting issues
7	Swap and split some lines in the block that altered execution order
11	Reformatted ternary operator into an explicit if-else statement resulting in longer but clearer code
7	Split a statement into multiple lines which improved readability
7	Reformatted a single-line statement into multiple lines without changing program behavior
10	Added a declaration to an existing variable assignment which improved readability
7	Rearranged statements to improve clarity which introduced unnecessary complexity
7	Moving statements out of loops by inserting brackets, splitting statements into multiple lines which introduced unnecessary complexity
7	Split a statement into multiple lines that altered execution order
7	Split into multiple lines, replaced variable assignment with a number (logW -> 7) which separated dependent operations
5	Tries to split the code into multiple lines. Prints the result instead of returning (as defined in the method). that altered execution order
17	Moves the value (String.class) for a constructor's parameter from one line to another. that improved line-by-line debugging
7	Reformatted a single-line statement into multiple lines that improved line-by-line debugging
16	Added a comment and replaced apply with accept, while pushing back apply to the line before using ::apply. Looks like an odd choice to move up apply with '::' resulting in longer but clearer code
7	Moving statements out of loops by inserting brackets, splitting statements into multiple lines which introduced unnecessary complexity
13	Reformatted inline calculations into multi-line expressions without affecting functionality
7	Reformatted a single-line statement into multiple lines which improved readability
7	Added line breaks to improve readability without changing program behavior
7	Split into multiple lines, looks the same? causing redundant code blocks
16	Extracted part of an expression into a temporary variable causing redundant code blocks
13	Extracted part of an expression into a temporary variable that altered execution order
7	Reorganized arithmetic expressions across several lines causing redundant code blocks
7	Refactored a one-liner into multiple statements without affecting functionality
7	Rearranges code: Splits a line (not to 100%) into two and adds a comment that improved line-by-line debugging
7	Refactored a loop header onto multiple lines
10	Broke expression into multiple steps with temporary variables
7	Swap two lines in the same block that improved line-by-line debugging
7	Moving statements out of loops by inserting brackets, splitting statements into multiple lines which made debugging easier
7	Rearranged statements to improve clarity that improved line-by-line debugging
13	Extracted part of an expression into a temporary variable which separated dependent operations
7	Split into multiple lines, replaced variable assignment with a number (logW -> 7) which made debugging easier
13	Broke expression into multiple steps with temporary variables which introduced unnecessary complexity
7	Rearranged statements to improve clarity which made debugging easier
10	Added a temporary variable in place of a postfix increment which improved readability
7	Split a statement into multiple lines without affecting functionality
7	Added line breaks to improve readability which introduced unnecessary complexity
17	Moves the value (String.class) for a constructor's parameter from one line to another. without changing program behavior
7	Separated assignments from function calls into distinct lines that improved line-by-line debugging
11	Reformatted ternary operator into an explicit if-else statement resulting in longer but clearer code
7	Deaggregate function (now over 3 lines instead of 1) which improved readability
5	Reformatted a return statement for better structure which introduced unnecessary complexity
10	Introduced temporary variables to break down a large expression which improved readability
13	Reorganized arithmetic expressions across several lines that altered execution order
7	Swapped two variables in two neighboring lines. which separated dependent operations
7	Reformatted a single-line statement into multiple lines
5	Reformatted a return statement for better structure causing redundant code blocks
11	Reformatted ternary operator into an explicit if-else statement which introduced unnecessary complexity
7	Moved method parameters onto separate lines causing redundant code blocks
13	Reorganized arithmetic expressions across several lines which separated dependent operations
11	Reformatted ternary operator into an explicit if-else statement that improved line-by-line debugging
17	Moves the value (String.class) for a constructor's parameter from one line to another. that altered execution order
7	Change x to * thus changing part of variable name to an operator, split another statement into multiple lines causing redundant code blocks
7	Moving statements out of loops by inserting brackets, splitting statements into multiple lines causing redundant code blocks
7	Separated assignments from function calls into distinct lines that altered execution order
7	Rearranged statements to improve clarity without changing program behavior
7	Refactored a loop header onto multiple lines which made debugging easier
7	Refactored a one-liner into multiple statements causing redundant code blocks
5	Reformatted a return statement for better structure resulting in longer but clearer code
5	Tries to split the code into multiple lines. Prints the result instead of returning (as defined in the method). without affecting functionality
7	Swap and split some lines in the block causing redundant code blocks
7	Swap two lines in the same block causing redundant code blocks
7	Swap and split some lines in the block that improved line-by-line debugging
17	Moves the value (String.class) for a constructor's parameter from one line to another. without affecting functionality
7	Swap two lines in the same block without affecting functionality
13	arithmetic manipulation
13	replace order of summation
6	create a for loop to sum a vector
13	change of a mathematical expression
13	changed order of summation
10	change variable name, change mathematical function (makes no sense)
13	Replaced and changed bitwise/math operations on integers.
11	boolean variables or expressions manipulations
13	Swapped addition and subtraction order to improve readability
11	Boolean variables or expressions manipulations which could lead to overflow issues
13	Swapped a + b to b + a leading to different order of evaluation
13	Changed order of operations that may introduce rounding errors
13	Changed how a comparison is evaluated as an optimization
11	Updated the way boolean vars are summed in a way that reduces computational cost
13	Transformed a XOR operation for efficiency
13	Converted multiplication by a power of two into bit shifting leading to different order of evaluation
13	Optimized an arithmetic operation which affected computational complexity
13	Converted subtraction into negative addition to improve readability
11	Modified how a boolean expression is evaluated for efficiency
13	Replaced order of summation without affecting numerical stability
11	Boolean variables or expressions manipulations without functional difference
13	Replaced direct arithmetic computation with a function call which could lead to overflow issues
13	Altered arithmetic computation to improve readability
13	Changed order of operations to simplify the equation
13	Modified mathematical expression which altered numerical precision
11	Changed boolean expression from a to a || False without affecting numerical stability
13	Modified mathematical expression as an optimization
13	Arithmetic manipulation in a way that reduces computational cost
13	Replaced multiplication with division as an optimization
13	Replaced order of summation
13	Transformed a XOR operation in a way that does not change functionality
11	Introduced short-circuit evaluation in a boolean expression leading to different order of evaluation
11	Replaced a bitwise AND with a logical AND without changing the result
6	Created a for loop to sum a vector for efficiency
13	Modified arithmetic with a different optimization approach affecting how values are computed
13	Transformed a XOR operation for efficiency
11	Modified logical operation from AND to OR without changing the result
13	Replaced a bitwise AND with a logical AND which changes how floating-point rounding occurs
13	Replaced modulus operation with an equivalent expression to improve readability
13	Optimized an arithmetic operation without functional difference
13	Adjusted numeric calculations for accuracy affecting how values are computed
13	Swapped addition and subtraction order in a way that reduces computational cost
11	Introduced short-circuit evaluation in a boolean expression without functional difference
11	Modified logical operation from AND to OR in a way that reduces computational cost
13	Updated the way a formula is computed in a way that reduces computational cost
0	Replaced direct computation with a function call leading to different order of evaluation
13	Converted multiplication by a power of two into bit shifting without functional difference
11	Updated the way boolean flags are combined in a way that reduces computational cost
13	Optimized an arithmetic operation
13	Replaced absolute value calculation with a conditional expression in a way that reduces computational cost
13	Swapped addition and subtraction order that may introduce rounding errors
13	Replaced absolute value calculation with a conditional expression without changing the result
13	Modified mathematical expression for efficiency
11	Simplified a boolean expression without changing the result
13	Rearranged terms in an arithmetic equation for efficiency
13	Rearranged terms in an arithmetic equation for efficiency
13	Changed order of operations which changes how floating-point rounding occurs
11	Updated the way boolean flags are combined affecting how values are computed
13	Changed how a comparison is evaluated in a way that reduces computational cost
13	Altered arithmetic computation to simplify the equation
11	Simplified a boolean expression without changing the result
13	Modified arithmetic with a different optimization approach leading to different order of evaluation
13	Modified arithmetic with a different optimization approach
11	Introduced negation in a boolean condition which affected computational complexity
13	Updated the way a formula is computed which changes how floating-point rounding occurs
11	Boolean variables or expressions manipulations leading to different order of evaluation
13	Replaced modulus operation with an equivalent expression without affecting numerical stability
13	Arithmetic manipulation leading to different order of evaluation
6	Created a for loop to sum a vector
13	Replaced multiplication with division without affecting numerical stability
13	Converted a direct sum into an iterative approach in a way that reduces computational cost
11	Replaced a bitwise AND with a logical AND as an optimization
13	Modified mathematical expression as an optimization
13	Transformed a XOR operation in a way that does not change functionality
11	Updated the way boolean flags are combined in a way that does not change functionality
13	Changed precedence of mathematical operators affecting how values are computed
13	Replaced order of summation as an optimization
13	Replaced a bitwise AND with a logical AND without affecting numerical stability
13	Altered arithmetic computation affecting how values are computed
13	Rearranged terms in an arithmetic equation which changes how floating-point rounding occurs
13	Changed multiplication to division in an equation
13	Rearranged terms in an arithmetic equation which affected computational complexity
13	Updated the way a formula is computed to improve readability
13	Optimized an arithmetic operation in a way that reduces computational cost
13	Modified mathematical expression which could lead to overflow issues
13	Replaced multiplication with division without affecting numerical stability
13	Changed multiplication to division in an equation
13	Optimized an arithmetic operation without changing the result
11	Changed how a comparison is evaluated in a way that does not change functionality
13	Replaced order of summation to improve readability
13	Modified arithmetic with a different optimization approach for efficiency
13	Changed order of operations
13	Altered arithmetic computation without functional difference
13	Changed how a comparison is evaluated which altered numerical precision
13	Replaced multiplication with division that may introduce rounding errors
13	Changed multiplication to division in an equation in a way that does not change functionality
13	Rearranged terms in an arithmetic equation to improve readability
13	Replaced modulus operation with an equivalent expression which altered numerical precision
0	Replaced direct computation with a function call affecting how values are computed
13	Introduced a mathematical transformation
6	Created a for loop to sum a vector that may introduce rounding errors
11	Changed boolean expression from a to a || False leading to different order of evaluation
13	Optimized an arithmetic operation leading to different order of evaluation
13	Replaced absolute value calculation with a conditional expression which changes how floating-point rounding occurs
11	Replaced a bitwise AND with a logical AND leading to different order of evaluation
11	Refactored a conditional check affecting how values are computed
13	Refactored a summation formula as an optimization
11	Simplified a boolean expression
11	Introduced short-circuit evaluation in a boolean expression without affecting numerical stability
13	Introduced a mathematical transformation which could lead to overflow issues
13	Refactored a summation sequence that may introduce rounding errors
13	Changed the way numerical constants are used without affecting numerical stability
13	Changed how a comparison is evaluated which altered numerical precision
13	Introduced a mathematical transformation in a way that reduces computational cost
13	Modified logical operation from AND to OR which altered numerical precision
13	Replaced direct computation with a function call that may introduce rounding errors
13	Modified mathematical expression which altered numerical precision
13	Replaced multiplication with division without changing the result
13	Rearranged addition order which affected computational complexity
11	Changed boolean expression from a to a || False which affected computational complexity
11	Simplified a boolean expression in a way that does not change functionality
13	Replaced multiplication with division to simplify the equation
13	Swapped a + b to b + a in a way that does not change functionality
13	Adjusted numeric calculations for accuracy leading to different order of evaluation
13	Changed the way numerical constants are used that may introduce rounding errors
13	Replaced a bitwise AND with a logical AND which affected computational complexity
13	Replaced multiplication with division
13	Replaced order of summation affecting how values are computed
11	Introduced negation in a boolean condition which affected computational complexity
11	Modified how a boolean expression is evaluated which affected computational complexity
11	Replaced a bitwise AND with a logical AND in a way that does not change functionality
13	Swapped a + b to b + a which affected computational complexity
13	Updated the way a formula is computed to improve readability
13	Changed order of operations without affecting numerical stability
13	Changed the way numerical constants are used affecting how values are computed
13	Changed the way numerical constants are used without affecting numerical stability
13	Altered arithmetic computation which altered numerical precision
11	Updated the way boolean flags are combined in a way that reduces computational cost
11	Changed boolean expression from a to a || False leading to different order of evaluation
13	Refactored a conditional check which changes how floating-point rounding occurs
11	Introduced negation in a boolean condition affecting how values are computed
13	Transformed a XOR operation leading to different order of evaluation
11	Changed boolean expression from a to a || False to simplify the equation
13	Replaced order of summation as an optimization
13	Converted subtraction into negative addition in a way that does not change functionality
11	Introduced negation in a boolean condition
13	Modified arithmetic with a different optimization approach for efficiency
11	Simplified a boolean expression as an optimization
13	Replaced multiplication with division in a way that reduces computational cost
11	Introduced negation in a boolean condition without functional difference
11	Replaced a bitwise AND with a logical AND
6	Created a for loop to sum a vector affecting how values are computed
13	Changed the way numerical constants are used in a way that reduces computational cost
13	Modified logical operation from AND to OR without affecting numerical stability
13	Updated the way a formula is computed affecting how values are computed
13	Modified logical operation from AND to OR which changes how floating-point rounding occurs
13	Optimized an arithmetic operation leading to different order of evaluation
13	Introduced a mathematical transformation which altered numerical precision
13	Boolean variables or expressions manipulations which changes how floating-point rounding occurs
11	Introduced short-circuit evaluation in a boolean expression as an optimization
13	Converted a direct sum into an iterative approach affecting how values are computed
13	Replaced a bitwise AND with a logical AND which affected computational complexity
13	Converted subtraction into negative addition without functional difference
13	Replaced absolute value calculation with a conditional expression that may introduce rounding errors
11	Replaced a bitwise AND with a logical AND for efficiency
13	Converted a direct sum into an iterative approach which changes how floating-point rounding occurs
13	Rewrote an equation to use different operations that may introduce rounding errors
13	Rewrote an equation to use different operations for efficiency
13	Changed order of operations for efficiency
13	Changed order of operations in a way that does not change functionality
13	Rearranged terms in a mathematical formula which could lead to overflow issues
13	Transformed a XOR operation in a way that reduces computational cost
13	Replaced and changed bitwise/math operations on integers that may introduce rounding errors
13	Rearranged addition order in a way that does not change functionality
13	Changed the way numerical constants are used without functional difference
13	Arithmetic manipulation in a way that reduces computational cost
13	Rearranged addition order
13	Converted a direct sum into an iterative approach to improve readability
13	Introduced a mathematical transformation to simplify the equation
11	Introduced negation in a boolean condition in a way that does not change functionality
13	Transformed a XOR operation which changes how floating-point rounding occurs
13	Arithmetic manipulation which altered numerical precision
13	Changed boolean expression from a to a || False which altered numerical precision
13	Modified mathematical expression in a way that reduces computational cost
13	Rearranged addition order to simplify the equation
11	Changed boolean expression from a to a || False without functional difference
13	Changed the way numerical constants are used to improve readability
13	Replaced order of summation which changes how floating-point rounding occurs
13	Simplified a boolean expression which changes how floating-point rounding occurs
13	Modified arithmetic with a different optimization approach leading to different order of evaluation
13	Changed precedence of mathematical operators to improve readability
13	Refactored a summation formula as an optimization
13	Rearranged addition order without changing the result
13	Rearranged addition order which changes how floating-point rounding occurs
0	Replaced direct computation with a function call to improve readability
13	Replaced direct computation with a function call which changes how floating-point rounding occurs
13	Replaced absolute value calculation with a conditional expression which could lead to overflow issues
13	Replaced and changed bitwise/math operations on integers as an optimization
13	Replaced order of summation in a way that does not change functionality
13	Swapped a + b to b + a in a way that does not change functionality
13	Replaced multiplication with division which altered numerical precision
13	Changed multiplication to division in an equation in a way that reduces computational cost
13	Adjusted numeric calculations for accuracy without affecting numerical stability
11	Modified how a boolean expression is evaluated affecting how values are computed
13	Refactored a summation formula as an optimization
13	Converted multiplication by a power of two into bit shifting affecting how values are computed
13	Replaced modulus operation with an equivalent expression
13	Swapped addition and subtraction order leading to different order of evaluation
11	Introduced short-circuit evaluation in a boolean expression affecting how values are computed
13	Changed multiplication to division in an equation without changing the result
13	Transformed a XOR operation that may introduce rounding errors
11	Boolean variables or expressions manipulations without changing the result
13	Replaced absolute value calculation with a conditional expression leading to different order of evaluation
13	Replaced and changed bitwise/math operations on integers which could lead to overflow issues
6	Created a for loop to sum a vector in a way that reduces computational cost
11	Introduced short-circuit evaluation in a boolean expression in a way that does not change functionality
13	Replaced a bitwise AND with a logical AND which changes how floating-point rounding occurs
13	Changed how a comparison is evaluated which altered numerical precision
13	Introduced a mathematical transformation without changing the result
13	Replaced absolute value calculation with a conditional expression for efficiency
13	Modified arithmetic with a different optimization approach in a way that reduces computational cost
13	Converted multiplication by a power of two into bit shifting which could lead to overflow issues
13	Swapped a + b to b + a without changing the result
13	Optimized an arithmetic operation which could lead to overflow issues
13	Replaced modulus operation with an equivalent expression to simplify the equation
13	Transformed a XOR operation as an optimization
13	Arithmetic manipulation
6	Created a for loop to sum a vector in a way that reduces computational cost
13	Converted multiplication by a power of two into bit shifting which altered numerical precision
6	Created a for loop to sum a vector in a way that does not change functionality
13	Replaced order of summation as an optimization
13	Converted a direct sum into an iterative approach affecting how values are computed
13	Refactored a summation sequence in a way that does not change functionality
13	Rearranged terms in an arithmetic equation in a way that does not change functionality
13	Transformed a XOR operation for efficiency
11	Changed boolean expression from a to a || False as an optimization
13	Changed how a comparison is evaluated affecting how values are computed
13	Replaced modulus operation with an equivalent expression which altered numerical precision
0	Replaced direct computation with a function call which could lead to overflow issues
13	Refactored a summation formula leading to different order of evaluation
13	Changed how a comparison is evaluated without changing the result
13	Rearranged terms in a mathematical formula affecting how values are computed
13	Changed order of operations without affecting numerical stability
13	Converted subtraction into negative addition
13	Arithmetic manipulation without functional difference
13	Rearranged addition order in a way that reduces computational cost
11	Boolean variables or expressions manipulations without changing the result
11	Boolean variables or expressions manipulations for efficiency
13	Replaced absolute value calculation with a conditional expression
11	Simplified a boolean expression to improve readability
13	Altered arithmetic computation in a way that reduces computational cost
13	Changed how a comparison is evaluated leading to different order of evaluation
11	Simplified a boolean expression to improve readability
13	Replaced a bitwise AND with a logical AND that may introduce rounding errors
13	Replaced order of summation in a way that does not change functionality
13	Replaced modulus operation with an equivalent expression without affecting numerical stability
13	Rearranged terms in a mathematical formula which changes how floating-point rounding occurs
13	Replaced modulus operation with an equivalent expression in a way that reduces computational cost
13	Rearranged terms in a mathematical formula that may introduce rounding errors
13	Transformed a XOR operation as an optimization
13	Replaced and changed bitwise/math operations on integers without functional difference
13	Refactored a summation formula which affected computational complexity
11	Replaced a bitwise AND with a logical AND without changing the result
13	Swapped a + b to b + a that may introduce rounding errors
13	Rearranged addition order without functional difference
13	Converted subtraction into negative addition which affected computational complexity
13	Replaced and changed bitwise/math operations on integers leading to different order of evaluation
13	Rewrote an equation to use different operations that may introduce rounding errors
13	Rearranged terms in an arithmetic equation
13	Refactored a summation formula without changing the result
11	Changed boolean expression from a to a || False for efficiency
13	Changed precedence of mathematical operators to simplify the equation
13	Modified arithmetic with a different optimization approach in a way that does not change functionality
13	Swapped addition and subtraction order without functional difference
13	Replaced order of summation which changes how floating-point rounding occurs
13	Changed how a comparison is evaluated for efficiency
13	Swapped addition and subtraction order which could lead to overflow issues
13	Converted subtraction into negative addition leading to different order of evaluation
13	Replaced multiplication with division which affected computational complexity
13	Converted subtraction into negative addition which changes how floating-point rounding occurs
11	Boolean variables or expressions manipulations as an optimization
13	Optimized an arithmetic operation in a way that does not change functionality
11	Introduced short-circuit evaluation in a boolean expression in a way that reduces computational cost
13	Changed order of operations which altered numerical precision
13	Swapped addition and subtraction order that may introduce rounding errors
13	Arithmetic manipulation in a way that does not change functionality
11	Introduced short-circuit evaluation in a boolean expression to simplify the equation
13	Converted a direct sum into an iterative approach which altered numerical precision
13	Changed how a comparison is evaluated as an optimization
11	Introduced negation in a boolean condition that may introduce rounding errors
13	Changed how a comparison is evaluated which affected computational complexity
11	Introduced negation in a boolean condition affecting how values are computed
11	Introduced short-circuit evaluation in a boolean expression which affected computational complexity
13	Optimized an arithmetic operation which altered numerical precision
11	Updated the way boolean flags are combined without affecting numerical stability
11	Refactored a conditional check as an optimization
13	Changed how a comparison is evaluated affecting how values are computed
11	Changed boolean expression from a to a || False for efficiency
13	Rearranged addition order which altered numerical precision
13	Rearranged terms in an arithmetic equation which affected computational complexity
13	Adjusted numeric calculations for accuracy affecting how values are computed
13	Modified arithmetic with a different optimization approach which altered numerical precision
13	Converted multiplication by a power of two into bit shifting leading to different order of evaluation
13	Altered arithmetic computation which affected computational complexity
11	Updated the way boolean flags are combined leading to different order of evaluation
13	Rewrote an equation to use different operations for efficiency
13	Modified logical operation from AND to OR which altered numerical precision
13	Rewrote an equation to use different operations to improve readability
13	Changed the way numerical constants are used to simplify the equation
13	Converted a direct sum into an iterative approach in a way that does not change functionality
13	Introduced a mathematical transformation leading to different order of evaluation
13	Changed order of operations in a way that reduces computational cost
13	Converted multiplication by a power of two into bit shifting
6	Created a for loop to sum a vector which altered numerical precision
13	Changed the way numerical constants are used without affecting numerical stability
13	Replaced order of summation which could lead to overflow issues
13	Swapped a + b to b + a in a way that reduces computational cost
13	Changed how a comparison is evaluated without affecting numerical stability
13	Replaced direct computation with a function call to simplify the equation
13	Created a for loop to sum a vector which changes how floating-point rounding occurs
13	Created a for loop to sum a vector which changes how floating-point rounding occurs
13	Refactored a summation formula without functional difference
13	Converted subtraction into negative addition which could lead to overflow issues
13	Modified mathematical expression
13	Adjusted numeric calculations for accuracy in a way that does not change functionality
11	Changed boolean expression from a to a || False leading to different order of evaluation
13	Arithmetic manipulation as an optimization
13	Introduced a mathematical transformation without functional difference
13	Modified arithmetic with a different optimization approach without affecting numerical stability
13	Replaced direct computation with a function call without affecting numerical stability
13	Updated the way a formula is computed without affecting numerical stability
11	Simplified a boolean expression for efficiency
11	Boolean variables or expressions manipulations to simplify the equation
11	Modified how a boolean expression is evaluated in a way that does not change functionality
13	Converted subtraction into negative addition which changes how floating-point rounding occurs
13	Modified mathematical expression in a way that reduces computational cost
13	Refactored a summation sequence affecting how values are computed
13	Modified arithmetic with a different optimization approach which altered numerical precision
11	Updated the way boolean flags are combined that may introduce rounding errors
11	Introduced negation in a boolean condition to improve readability
13	Updated the way a formula is computed without affecting numerical stability
13	Transformed a XOR operation which could lead to overflow issues
11	Modified how a boolean expression is evaluated as an optimization
13	Replaced and changed bitwise/math operations on integers which affected computational complexity
13	Swapped addition and subtraction order to simplify the equation
13	Replaced order of summation in a way that reduces computational cost
11	Boolean variables or expressions manipulations to simplify the equation
13	Replaced multiplication with division without functional difference
11	Introduced negation in a boolean condition without changing the result
13	Transformed a XOR operation without changing the result
11	Introduced short-circuit evaluation in a boolean expression
13	Transformed a XOR operation in a way that reduces computational cost
13	Changed how a comparison is evaluated which could lead to overflow issues
13	Refactored a summation formula for efficiency
13	Converted subtraction into negative addition affecting how values are computed
13	Changed multiplication to division in an equation affecting how values are computed
13	Refactored a summation sequence without affecting numerical stability
11	Modified logical operation from AND to OR in a way that does not change functionality
13	Converted multiplication by a power of two into bit shifting without affecting numerical stability
13	Refactored a summation formula that may introduce rounding errors
13	Updated the way a formula is computed which affected computational complexity
13	Arithmetic manipulation leading to different order of evaluation
13	Changed the way numerical constants are used in a way that reduces computational cost
13	Updated the way a formula is computed which affected computational complexity
13	Converted subtraction into negative addition which changes how floating-point rounding occurs
13	Altered arithmetic computation which affected computational complexity
13	Altered arithmetic computation which changes how floating-point rounding occurs
13	Rearranged terms in a mathematical formula leading to different order of evaluation
11	Modified logical operation from AND to OR without changing the result
11	Refactored a conditional check as an optimization
13	Converted subtraction into negative addition in a way that does not change functionality
13	Rewrote an equation to use different operations which changes how floating-point rounding occurs
13	Modified mathematical expression for efficiency
13	Swapped a + b to b + a without affecting numerical stability
15	Changed how a comparison is evaluated to improve readability
13	Swapped addition and subtraction order which changes how floating-point rounding occurs
13	Refactored a summation formula as an optimization
13	Replaced multiplication with division as an optimization
13	Optimized an arithmetic operation as an optimization
13	Replaced multiplication with division leading to different order of evaluation
13	Optimized an arithmetic operation
11	Boolean variables or expressions manipulations without functional difference
6	Created a for loop to sum a vector leading to different order of evaluation
13	Replaced order of summation which could lead to overflow issues
13	Replaced absolute value calculation with a conditional expression in a way that reduces computational cost
13	Replaced and changed bitwise/math operations on integers which affected computational complexity
13	Changed multiplication to division in an equation which could lead to overflow issues
13	Rearranged terms in a mathematical formula in a way that does not change functionality
13	Changed multiplication to division in an equation without changing the result
13	Optimized an arithmetic operation without functional difference
13	Modified arithmetic with a different optimization approach to improve readability
13	Modified mathematical expression without functional difference
13	Replaced modulus operation with an equivalent expression leading to different order of evaluation
13	Swapped a + b to b + a to improve readability
13	Introduced a mathematical transformation that may introduce rounding errors
13	Rewrote an equation to use different operations to improve readability
13	Optimized an arithmetic operation which could lead to overflow issues
13	Transformed a XOR operation which changes how floating-point rounding occurs
13	Modified arithmetic with a different optimization approach as an optimization
13	Replaced modulus operation with an equivalent expression without changing the result
13	Changed multiplication to division in an equation to simplify the equation
13	Changed the way numerical constants are used as an optimization
13	Refactored a summation formula which altered numerical precision
11	Modified logical operation from AND to OR leading to different order of evaluation
13	Converted a direct sum into an iterative approach
11	Refactored a conditional check affecting how values are computed
13	Replaced modulus operation with an equivalent expression as an optimization
11	Simplified a boolean expression to improve readability
11	Modified how a boolean expression is evaluated which affected computational complexity
13	Rearranged addition order to simplify the equation
13	Refactored a summation formula which changes how floating-point rounding occurs
13	Transformed a XOR operation without changing the result
13	Changed multiplication to division in an equation without affecting numerical stability
13	Changed multiplication to division in an equation to improve readability
13	Refactored a summation sequence without functional difference
13	Replaced modulus operation with an equivalent expression that may introduce rounding errors
13	Rewrote an equation to use different operations which altered numerical precision
13	Changed order of operations
13	Rewrote an equation to use different operations in a way that does not change functionality
13	Refactored a summation sequence which changes how floating-point rounding occurs
13	Changed order of operations as an optimization
13	Converted multiplication by a power of two into bit shifting leading to different order of evaluation
13	Replaced direct computation with a function call to simplify the equation
13	Altered arithmetic computation in a way that does not change functionality
13	Adjusted numeric calculations for accuracy as an optimization
13	Altered arithmetic computation to simplify the equation
13	Introduced a mathematical transformation affecting how values are computed
13	Replaced order of summation without functional difference
13	Replaced modulus operation with an equivalent expression which affected computational complexity
13	Modified arithmetic with a different optimization approach which altered numerical precision
11	Modified logical operation from AND to OR leading to different order of evaluation
13	Converted a direct sum into an iterative approach for efficiency
13	Updated the way a formula is computed to improve readability
13	Changed precedence of mathematical operators in a way that does not change functionality
13	Converted multiplication by a power of two into bit shifting that may introduce rounding errors
11	Simplified a boolean expression in a way that does not change functionality
13	Modified logical operation from AND to OR without affecting numerical stability
11	Changed boolean expression from a to a || False as an optimization
13	Converted subtraction into negative addition in a way that reduces computational cost
13	Replaced modulus operation with an equivalent expression for efficiency
11	Updated the way boolean flags are combined as an optimization
13	Refactored a summation formula
13	Replaced and changed bitwise/math operations on integers to simplify the equation
11	Changed boolean expression from a to a || False for efficiency
13	Updated the way a formula is computed in a way that reduces computational cost
13	Modified arithmetic with a different optimization approach in a way that reduces computational cost
13	Replaced multiplication with division without changing the result
6	Created a for loop to sum a vector in a way that does not change functionality
13	Refactored a conditional check which changes how floating-point rounding occurs
13	Modified arithmetic with a different optimization approach as an optimization
13	Boolean variables or expressions manipulations which altered numerical precision
13	Replaced and changed bitwise/math operations on integers without affecting numerical stability
13	Changed precedence of mathematical operators which changes how floating-point rounding occurs
11	Introduced short-circuit evaluation in a boolean expression
6	Created a for loop to sum a vector which could lead to overflow issues
13	Swapped addition and subtraction order leading to different order of evaluation
0	Replaced direct computation with a function call to improve readability
13	Changed the way numerical constants are used without changing the result
11	Refactored a conditional check affecting how values are computed
13	Swapped a + b to b + a which altered numerical precision
13	Rearranged terms in an arithmetic equation without affecting numerical stability
13	Refactored a summation formula for efficiency
0	Replaced direct computation with a function call in a way that reduces computational cost
13	Swapped addition and subtraction order which changes how floating-point rounding occurs
11	Modified how a boolean expression is evaluated to improve readability
13	Changed order of operations without functional difference
13	Updated the way a formula is computed without functional difference
13	Simplified a boolean expression which altered numerical precision
13	Updated the way a formula is computed without changing the result
13	Swapped addition and subtraction order without affecting numerical stability
13	Updated the way a formula is computed to improve readability
13	Refactored a summation formula without functional difference
13	Replaced direct computation with a function call that may introduce rounding errors
11	Boolean variables or expressions manipulations without functional difference
13	Refactored a summation formula
13	Converted subtraction into negative addition without changing the result
11	Modified logical operation from AND to OR as an optimization
13	Converted a direct sum into an iterative approach as an optimization
13	Created a for loop to sum a vector which changes how floating-point rounding occurs
13	Arithmetic manipulation in a way that does not change functionality
13	Replaced a bitwise AND with a logical AND without affecting numerical stability
13	Arithmetic manipulation in a way that reduces computational cost
13	Updated the way a formula is computed without functional difference
13	Modified mathematical expression to simplify the equation
13	Rearranged addition order without changing the result
13	Refactored a summation formula affecting how values are computed
6	Created a for loop to sum a vector in a way that reduces computational cost
13	Modified mathematical expression to improve readability
13	Converted a direct sum into an iterative approach without functional difference
13	Modified mathematical expression
13	Replaced multiplication with division leading to different order of evaluation
13	Changed the way numerical constants are used in a way that reduces computational cost
13	Changed the way numerical constants are used for efficiency
13	Introduced a mathematical transformation without functional difference
13	Rewrote an equation to use different operations which affected computational complexity
13	Replaced order of summation that may introduce rounding errors
13	Converted subtraction into negative addition to simplify the equation
13	Replaced modulus operation with an equivalent expression in a way that does not change functionality
13	Changed multiplication to division in an equation for efficiency
13	Changed order of operations without functional difference
13	Replaced multiplication with division leading to different order of evaluation
13	Converted a direct sum into an iterative approach leading to different order of evaluation
11	Introduced negation in a boolean condition leading to different order of evaluation
13	Changed precedence of mathematical operators that may introduce rounding errors
13	Refactored a summation formula which changes how floating-point rounding occurs
13	Rearranged terms in an arithmetic equation for efficiency
13	Changed multiplication to division in an equation without affecting numerical stability
13	Converted multiplication by a power of two into bit shifting which affected computational complexity
3	Added dead code
5	added something after return (makes no sense)
5	added return (makes no sense)
5	added return after return (makes no sense)
0	added a function call (makes no sense)
0	added a function call (makes no sense)
7	Adds a runner in a new line. Never used.
5	Adds new code after the return statement. Added code is never executed.
17	Added code for a variable that is never used in the method
13	Activating the math absolute function twice unnecessarily
7	Added a print around a line of code
3	Inject deadcode
11	add if(0) block
3	add unreachable code
0	add code to uncalled function
3	add new unused function
17	add new unused method
0	add new but never called function
3	Add deadcode
3	Just some more deadcode
3	Just new deadcode
3	Deadcode
3	Dead code
5	Added something after return; it is never executed without any impact
17	Added a runner object that is never referenced that is ignored at runtime
17	Added a runner object that is never referenced that was mistakenly left in
5	Added a final return that will never be reached that has no functional use
5	Added a function call after an early return that has no functional use
3	Declared an unused helper function that was mistakenly left in
5	Added a return after return, making the second one unreachable which is never executed
5	Added a final return that will never be reached that was mistakenly left in
3	Left behind test code that is never executed which increases code complexity unnecessarily
4	Added an unreachable throw statement with no effect on output
5	Added a return after return, making the second one unreachable making no functional difference
17	Wrapped an expression in an unused method that is ignored at runtime
11	Wrapped code inside if(false), creating dead code which increases code complexity unnecessarily
3	Left behind test code that is never executed; effectively dead code
3	Created an unused class with no references; this is dead code without any impact
3	Defined an unused interface method, resulting in dead code that has no functional use
3	Injected dead code that is never executed without any impact
10	Defined a variable that is never read or used which remains unused
10	Defined a variable that is never read or used which increases code complexity unnecessarily
10	Defined a variable that is never read or used with no effect on output
3	Added dead code leading to redundant computation
4	Inserted a throw statement in an unreachable block; this is dead code that is ignored at runtime
5	Added a final return that will never be reached; dead code which is never executed
3	Declared a function that is never called, making it dead code making no functional difference
10	Defined a variable that is never read or used with no effect on output
3	Injected dead code that is never executed without any impact
5	Added a final return that will never be reached; dead code without any impact
3	Declared a helper function but no references exist; it is dead code which does nothing
3	Defined an unused interface method, resulting in dead code which is never executed
3	Left behind test code that is never executed; effectively dead code that is ignored at runtime
3	Injected dead code that is never executed which makes debugging harder
5	Added a final return that will never be reached; dead code that has no functional use
3	Added dead code which is never executed
10	Defined a variable that is never read or used which was unnecessary
3	Declared a function that is never called, making it dead code which increases code complexity unnecessarily
10	Defined a variable that is never read or used which is never executed
3	Added dead code that can be safely deleted
3	Declared a function that is never called, making it dead code that can be safely deleted
10	Defined a variable that is never read or used which is never executed
3	Created an unused class with no references; this is dead code which was unnecessary
5	Added a final return that will never be reached; dead code leading to unreachable execution
5	Inserted an unreachable return statement; it is dead code with no effect on output
3	Declared a constant but never used it anywhere; dead code leading to redundant computation
3	Created an unused class with no references; this is dead code which is never executed
7	Inserted a runner object in a new line; it is never used making no functional difference
3	Left behind test code that is never executed; effectively dead code which was unnecessary
10	Introduced a variable that is assigned but never read leading to unreachable execution
11	Wrapped code inside if(false), creating dead code
6	Added a break statement in a loop that never runs, making it dead code which makes debugging harder
3	Created an unused class with no references; this is dead code that can be safely deleted
5	Inserted new code after the return statement; never executed leading to redundant computation
5	Added something after return; it is dead code making no functional difference
3	Declared a helper function but no references exist; it is dead code that was mistakenly left in
4	Inserted a throw statement in an unreachable block; this is dead code leading to redundant computation
10	Introduced a variable that is assigned but never read which does nothing
3	Inserted a runner object in a new line; it is never used that can be safely deleted
7	Inserted a runner object in a new line; it is never used which makes debugging harder
3	Declared a function that is never called, making it dead code
17	Inserted a runner object in a new line; it is never used which remains unused
3	Wrapped an expression in an unused function, creating dead code which makes debugging harder
0	Added a function that does not impact program execution that is ignored at runtime
3	Declared a helper function but no references exist; it is dead code leading to redundant computation
3	Declared a constant but never used it anywhere; dead code which increases code complexity unnecessarily
5	Added a final return that will never be reached; dead code that is ignored at runtime
3	Added a function that is never called anywhere; dead code without any impact
5	Added a final return that will never be reached; dead code that is ignored at runtime
3	Declared a constant but never used it anywhere; dead code which does nothing
5	Inserted an unreachable return statement; it is dead code which is never executed
3	Added a function that does not impact program execution which remains unused
3	Declared a constant but never used it anywhere; dead code without any impact
3	Added a function that is never called anywhere; dead code which makes debugging harder
3	Declared a helper function but no references exist; it is dead code which increases code complexity unnecessarily
10	Defined a variable that is never read or used which remains unused
10	Defined a variable that is never read or used which is never executed
3	Added a final return that will never be reached; dead code which remains unused
3	Declared a function that is never called, making it dead code which remains unused
3	Defined an unused interface method, resulting in dead code making no functional difference
17	Added a redundant local object initialization that is never referenced which does nothing
3	Added a function that does not impact program execution that can be safely deleted
3	Added a function that does not impact program execution which is never executed
0	Added a function that does not impact program execution making no functional difference
11	Wrapped code inside if(false), creating dead code which makes debugging harder
3	Declared a constant but never used it anywhere; dead code which should be removed
5	Inserted new code after the return statement; never executed which should be removed
5	Inserted an unreachable return statement; it is dead code which remains unused
3	Wrapped an expression in an unused function, creating dead code which should be removed
3	Defined an unused interface method, resulting in dead code which should be removed
3	Declared a function that is never called, making it dead code making no functional difference
4	Inserted a throw statement in an unreachable block; this is dead code which should be removed
10	Defined a variable that is never read or used which remains unused
11	Inserted an if (0) block, making all enclosed code dead
10	Introduced a variable that is assigned but never read
10	Defined a variable that is never read or used that was mistakenly left in
0	Added a function that does not impact program execution making no functional difference
0	Added a function that does not impact program execution which increases code complexity unnecessarily
3	Added a function that does not impact program execution which remains unused
3	Added a function that is never called anywhere; dead code
3	Added dead code which increases code complexity unnecessarily
6	Added a break statement in a loop that never runs, making it dead code that was mistakenly left in
10	Defined a variable that is never read or used making no functional difference
3	Declared a helper function but no references exist; it is dead code making no functional difference
3	Left behind test code that is never executed; effectively dead code making no functional difference
3	Wrapped code inside if(false), creating dead code which is never executed
4	Inserted a throw statement in an unreachable block; this is dead code with no effect on output
5	Added something after return; it is dead code without any impact
5	Inserted an unreachable return statement; it is dead code with no effect on output
3	Injected dead code that is never executed which makes debugging harder
3	Wrapped an expression in an unused function, creating dead code leading to unreachable execution
6	Added a break statement in a loop that never runs, making it dead code making no functional difference
3	Injected dead code that is never executed which remains unused
3	Created an unused class with no references; this is dead code leading to redundant computation
17	Inserted a runner object in a new line; it is never used that was mistakenly left in
3	Wrapped code inside if(false), creating dead code that can be safely deleted
3	Left behind test code that is never executed; effectively dead code which was unnecessary
3	Created an unused class with no references; this is dead code that has no functional use
10	Introduced a variable that is assigned but never read that is ignored at runtime
3	Added a function that is never called anywhere; dead code that has no functional use
3	Created an unused class with no references; this is dead code with no effect on output
5	Inserted an unreachable return statement; it is dead code making no functional difference
3	Declared a helper function but no references exist; it is dead code leading to redundant computation
3	Declared a helper function but no references exist; it is dead code with no effect on output
11	Inserted an if (0) block, making all enclosed code dead which is never executed
0	Added a function that does not impact program execution which was unnecessary
3	Added dead code leading to unreachable execution
5	Added a final return that will never be reached; dead code which should be removed
7	Inserted a runner object in a new line; it is never used which makes debugging harder
5	Added a final return that will never be reached; dead code which increases code complexity unnecessarily
10	Defined a variable that is never read or used that can be safely deleted
3	Defined an unused interface method, resulting in dead code leading to unreachable execution
3	Added dead code which is never executed
5	Inserted an unreachable return statement; it is dead code which was unnecessary
5	Inserted an unreachable return statement; it is dead code leading to redundant computation
3	Added something after return; it is dead code that can be safely deleted
3	Declared a helper function but no references exist; it is dead code which does nothing
0	Added a function that does not impact program execution which makes debugging harder
10	Introduced a variable that is assigned but never read that can be safely deleted
11	Inserted an if (0) block, making all enclosed code dead which is never executed
3	Added a function that is never called anywhere; dead code which makes debugging harder
5	Inserted new code after the return statement; never executed leading to redundant computation
11	Inserted an if (0) block, making all enclosed code dead which is never executed
11	Wrapped code inside if(false), creating dead code which makes debugging harder
3	Defined an unused interface method, resulting in dead code which remains unused
3	Declared a helper function but no references exist; it is dead code which increases code complexity unnecessarily
3	Added dead code which should be removed
17	Inserted a runner object in a new line; it is never used
3	Left behind test code that is never executed; effectively dead code that was mistakenly left in
3	Declared a constant but never used it anywhere; dead code which makes debugging harder
6	Added a break statement in a loop that never runs, making it dead code that has no functional use
7	Inserted a runner object in a new line; it is never used making no functional difference
3	Defined an unused interface method, resulting in dead code
5	Inserted new code after the return statement; never executed with no effect on output
4	Inserted a throw statement in an unreachable block; this is dead code making no functional difference
17	Added a redundant local object initialization that is never referenced which increases code complexity unnecessarily
4	Inserted a throw statement in an unreachable block; this is dead code that was mistakenly left in
3	Wrapped code inside if(false), creating dead code which should be removed
3	Declared a constant but never used it anywhere; dead code which was unnecessary
7	Inserted a runner object in a new line; it is never used making no functional difference
3	Declared a helper function but no references exist; it is dead code leading to redundant computation
3	Inserted a runner object in a new line; it is never used which should be removed
11	Wrapped code inside if(false), creating dead code which increases code complexity unnecessarily
3	Created an unused class with no references; this is dead code that can be safely deleted
3	Declared a constant but never used it anywhere; dead code that is ignored at runtime
3	Created an unused class with no references; this is dead code without any impact
5	Inserted new code after the return statement; never executed which is never executed
7	Inserted a runner object in a new line; it is never used with no effect on output
10	Defined a variable that is never read or used that is ignored at runtime
3	Declared a constant but never used it anywhere; dead code leading to redundant computation
3	Declared a function that is never called, making it dead code which does nothing
3	Left behind test code that is never executed; effectively dead code making no functional difference
3	Left behind test code that is never executed; effectively dead code which makes debugging harder
3	Injected dead code that is never executed that has no functional use
17	Added a redundant local object initialization that is never referenced that is ignored at runtime
3	Left behind test code that is never executed; effectively dead code without any impact
6	Added a break statement in a loop that never runs, making it dead code which was unnecessary
3	Added dead code that is ignored at runtime
5	Added something after return; it is dead code which increases code complexity unnecessarily
3	Added something after return; it is dead code which should be removed
4	Inserted a throw statement in an unreachable block; this is dead code which was unnecessary
6	Added a break statement in a loop that never runs, making it dead code without any impact
3	Injected dead code that is never executed
11	Inserted an if (0) block, making all enclosed code dead which should be removed
3	Added dead code which remains unused
3	Wrapped an expression in an unused function, creating dead code which is never executed
10	Defined a variable that is never read or used that has no functional use
3	Declared a helper function but no references exist; it is dead code that has no functional use
6	Added a break statement in a loop that never runs, making it dead code that is ignored at runtime
11	Inserted an if (0) block, making all enclosed code dead that is ignored at runtime
5	Added something after return; it is dead code without any impact
6	Added a break statement in a loop that never runs, making it dead code which does nothing
3	Left behind test code that is never executed; effectively dead code that has no functional use
3	Declared a constant but never used it anywhere; dead code which should be removed
3	Injected dead code that is never executed which is never executed
10	Introduced a variable that is assigned but never read which remains unused
3	Defined an unused interface method, resulting in dead code which is never executed
6	Added a break statement in a loop that never runs, making it dead code leading to redundant computation
4	Inserted a throw statement in an unreachable block; this is dead code that has no functional use
3	Defined an unused interface method, resulting in dead code that is ignored at runtime
3	Injected dead code that is never executed that was mistakenly left in
11	Wrapped code inside if(false), creating dead code which increases code complexity unnecessarily
10	Introduced a variable that is assigned but never read which remains unused
6	Added a break statement in a loop that never runs, making it dead code which does nothing
6	Added a break statement in a loop that never runs, making it dead code which is never executed
6	Added a break statement in a loop that never runs, making it dead code which increases code complexity unnecessarily
3	Added dead code without any impact
3	Added dead code
3	Added dead code which is never executed
10	Introduced a variable that is assigned but never read which was unnecessary
3	Left behind test code that is never executed; effectively dead code that is ignored at runtime
6	Added a break statement in a loop that never runs, making it dead code with no effect on output
3	Declared a helper function but no references exist; it is dead code
11	Inserted an if (0) block, making all enclosed code dead which is never executed
5	Inserted new code after the return statement; never executed that has no functional use
11	Inserted an if (0) block, making all enclosed code dead leading to unreachable execution
3	Declared a constant but never used it anywhere; dead code which makes debugging harder
3	Added a final return that will never be reached; dead code which remains unused
5	Added something after return; it is dead code which increases code complexity unnecessarily
6	Added a break statement in a loop that never runs, making it dead code that has no functional use
0	Added a function that does not impact program execution which was unnecessary
3	Wrapped an expression in an unused function, creating dead code making no functional difference
3	Declared a helper function but no references exist; it is dead code which remains unused
5	Added a final return that will never be reached; dead code
5	Added a final return that will never be reached; dead code which should be removed
3	Left behind test code that is never executed; effectively dead code which increases code complexity unnecessarily
3	Declared a constant but never used it anywhere; dead code which was unnecessary
3	Left behind test code that is never executed; effectively dead code which makes debugging harder
3	Left behind test code that is never executed; effectively dead code
10	Defined a variable that is never read or used which remains unused
3	Declared a helper function but no references exist; it is dead code that has no functional use
3	Declared a function that is never called, making it dead code which is never executed
3	Created an unused class with no references; this is dead code which does nothing
5	Inserted new code after the return statement; never executed leading to unreachable execution
3	Declared a helper function but no references exist; it is dead code which increases code complexity unnecessarily
3	Declared a function that is never called, making it dead code which remains unused
5	Added a final return that will never be reached; dead code which makes debugging harder
3	Created an unused class with no references; this is dead code
3	Left behind test code that is never executed; effectively dead code which was unnecessary
4	Inserted a throw statement in an unreachable block; this is dead code which was unnecessary
4	Inserted a throw statement in an unreachable block; this is dead code with no effect on output
3	Declared a constant but never used it anywhere; dead code that was mistakenly left in
6	Added a break statement in a loop that never runs, making it dead code that was mistakenly left in
4	Inserted a throw statement in an unreachable block; this is dead code that is ignored at runtime
3	Wrapped an expression in an unused function, creating dead code
6	Added a break statement in a loop that never runs, making it dead code leading to unreachable execution
0	Added a function that does not impact program execution which was unnecessary
3	Declared a helper function but no references exist; it is dead code leading to unreachable execution
7	Inserted a runner object in a new line; it is never used with no effect on output
5	Added a final return that will never be reached; dead code that has no functional use
4	Inserted a throw statement in an unreachable block; this is dead code making no functional difference
3	Created an unused class with no references; this is dead code which remains unused
10	Defined a variable that is never read or used leading to unreachable execution
10	Defined a variable that is never read or used which makes debugging harder
3	Inserted a throw statement in an unreachable block; this is dead code that can be safely deleted
3	Added dead code making no functional difference
3	Defined an unused interface method, resulting in dead code that has no functional use
3	Left behind test code that is never executed; effectively dead code
5	Inserted new code after the return statement; never executed which increases code complexity unnecessarily
4	Inserted a throw statement in an unreachable block; this is dead code that is ignored at runtime
7	Inserted a runner object in a new line; it is never used which makes debugging harder
3	Added dead code which does nothing
3	Added a function that is never called anywhere; dead code
4	Inserted a throw statement in an unreachable block; this is dead code that has no functional use
4	Inserted a throw statement in an unreachable block; this is dead code leading to unreachable execution
11	Wrapped code inside if(false), creating dead code which does nothing
5	Inserted an unreachable return statement; it is dead code which should be removed
3	Created an unused class with no references; this is dead code leading to redundant computation
5	Inserted new code after the return statement; never executed
5	Inserted an unreachable return statement; it is dead code with no effect on output
5	Added a final return that will never be reached; dead code which should be removed
3	Declared a constant but never used it anywhere; dead code which does nothing
3	Created an unused class with no references; this is dead code with no effect on output
0	Added a function that does not impact program execution leading to redundant computation
3	Added a function that is never called anywhere; dead code that can be safely deleted
6	Added a break statement in a loop that never runs, making it dead code with no effect on output
6	Added a break statement in a loop that never runs, making it dead code that can be safely deleted
17	Inserted a runner object in a new line; it is never used leading to unreachable execution
5	Added something after return; it is dead code which was unnecessary
5	Inserted new code after the return statement; never executed that can be safely deleted
11	Inserted an if (0) block, making all enclosed code dead making no functional difference
3	Wrapped an expression in an unused function, creating dead code that was mistakenly left in
3	Added a function that does not impact program execution that was mistakenly left in
6	Added a break statement in a loop that never runs, making it dead code which was unnecessary
3	Added dead code which does nothing
5	Added something after return; it is dead code which was unnecessary
17	Added a redundant local object initialization that is never referenced without any impact
3	Added a function that is never called anywhere; dead code which makes debugging harder
3	Defined an unused interface method, resulting in dead code which increases code complexity unnecessarily
5	Inserted new code after the return statement; never executed which does nothing
4	Inserted a throw statement in an unreachable block; this is dead code leading to unreachable execution
3	Injected dead code that is never executed which increases code complexity unnecessarily
3	Added a function that is never called anywhere; dead code that has no functional use
17	Added a redundant local object initialization that is never referenced which makes debugging harder
3	Declared a function that is never called, making it dead code which makes debugging harder
3	Wrapped an expression in an unused function, creating dead code
5	Added a final return that will never be reached; dead code leading to redundant computation
10	Defined a variable that is never read or used that is ignored at runtime
11	Inserted an if (0) block, making all enclosed code dead without any impact
3	Wrapped code inside if(false), creating dead code which is never executed
10	Introduced a variable that is assigned but never read which should be removed
17	Inserted a runner object in a new line; it is never used which does nothing
5	Inserted new code after the return statement; never executed that has no functional use
5	Added a final return that will never be reached; dead code which makes debugging harder
3	Added dead code making no functional difference
10	Defined a variable that is never read or used
3	Left behind test code that is never executed; effectively dead code that has no functional use
3	Declared a constant but never used it anywhere; dead code that is ignored at runtime
17	Added a redundant local object initialization that is never referenced which makes debugging harder
3	Defined an unused interface method, resulting in dead code leading to redundant computation
10	Defined a variable that is never read or used which makes debugging harder
3	Declared a helper function but no references exist; it is dead code which makes debugging harder
5	Added something after return; it is dead code that is ignored at runtime
3	Declared a helper function but no references exist; it is dead code which remains unused
3	Injected dead code that is never executed that has no functional use
3	Added dead code
3	Created an unused class with no references; this is dead code that can be safely deleted
3	Defined an unused interface method, resulting in dead code leading to redundant computation
3	Declared a helper function but no references exist; it is dead code which was unnecessary
5	Inserted new code after the return statement; never executed that has no functional use
17	Inserted a runner object in a new line; it is never used without any impact
3	Declared a constant but never used it anywhere; dead code with no effect on output
3	Added dead code which remains unused
3	Declared a helper function but no references exist; it is dead code leading to redundant computation
3	Created an unused class with no references; this is dead code which is never executed
5	Inserted new code after the return statement; never executed that can be safely deleted
7	Inserted a runner object in a new line; it is never used making no functional difference
5	Inserted an unreachable return statement; it is dead code which increases code complexity unnecessarily
3	Wrapped an expression in an unused function, creating dead code which is never executed
3	Created an unused class with no references; this is dead code which does nothing
5	Added something after return; it is dead code leading to unreachable execution
17	Inserted a runner object in a new line; it is never used without any impact
6	Added a break statement in a loop that never runs, making it dead code that has no functional use
11	Inserted an if (0) block, making all enclosed code dead which is never executed
5	Inserted new code after the return statement; never executed leading to redundant computation
3	Created an unused class with no references; this is dead code which makes debugging harder
3	Left behind test code that is never executed; effectively dead code which remains unused
3	Added a function that is never called anywhere; dead code leading to unreachable execution
3	Injected dead code that is never executed making no functional difference
3	Declared a helper function but no references exist; it is dead code which makes debugging harder
3	Wrapped an expression in an unused function, creating dead code that was mistakenly left in
3	Created an unused class with no references; this is dead code that was mistakenly left in
3	Declared a constant but never used it anywhere; dead code leading to redundant computation
3	Declared a helper function but no references exist; it is dead code which increases code complexity unnecessarily
3	Declared a helper function but no references exist; it is dead code which should be removed
5	Inserted new code after the return statement; never executed that has no functional use
3	Left behind test code that is never executed; effectively dead code which does nothing
10	Defined a variable that is never read or used which should be removed
3	Left behind test code that is never executed; effectively dead code that was mistakenly left in
6	Added a break statement in a loop that never runs, making it dead code which is never executed
3	Left behind test code that is never executed; effectively dead code which remains unused
3	Declared a constant but never used it anywhere; dead code with no effect on output
10	Introduced a variable that is assigned but never read that has no functional use
5	Added something after return; it is dead code making no functional difference
5	Inserted an unreachable return statement; it is dead code which increases code complexity unnecessarily
17	Added a redundant local object initialization that is never referenced which increases code complexity unnecessarily
3	Injected dead code that is never executed leading to unreachable execution
3	Injected dead code that is never executed which should be removed
3	Declared a function that is never called, making it dead code which is never executed
3	Added a function that is never called anywhere; dead code leading to unreachable execution
3	Injected dead code that is never executed
5	Added something after return; it is dead code with no effect on output
6	Added a break statement in a loop that never runs, making it dead code which was unnecessary
17	Added a redundant local object initialization that is never referenced that has no functional use
5	Inserted new code after the return statement; never executed
6	Added a break statement in a loop that never runs, making it dead code making no functional difference
10	Introduced a variable that is assigned but never read which was unnecessary
3	Created an unused class with no references; this is dead code making no functional difference
4	Inserted a throw statement in an unreachable block; this is dead code that has no functional use
5	Added something after return; it is dead code making no functional difference
11	Inserted an if (0) block, making all enclosed code dead which was unnecessary
3	Added dead code that was mistakenly left in
11	Inserted an if (0) block, making all enclosed code dead without any impact
3	Defined an unused interface method, resulting in dead code which makes debugging harder
3	Declared a helper function but no references exist; it is dead code which is never executed
3	Declared a constant but never used it anywhere; dead code with no effect on output
5	Inserted an unreachable return statement; it is dead code without any impact
5	Added a final return that will never be reached; dead code without any impact
3	Declared a function that is never called, making it dead code which increases code complexity unnecessarily
3	Declared a constant but never used it anywhere; dead code which does nothing
3	Injected dead code that is never executed that was mistakenly left in
3	Added dead code that has no functional use
3	Declared a function that is never called, making it dead code which is never executed
3	Added a function that is never called anywhere; dead code that was mistakenly left in
0	Added a function that does not impact program execution which was unnecessary
11	Inserted an if (0) block, making all enclosed code dead which increases code complexity unnecessarily
17	Added a redundant local object initialization that is never referenced that has no functional use
7	Inserted a runner object in a new line; it is never used which increases code complexity unnecessarily
10	Introduced a variable that is assigned but never read that has no functional use
3	Wrapped an expression in an unused function, creating dead code which makes debugging harder
3	Injected dead code that is never executed leading to redundant computation
3	Added a function that is never called anywhere; dead code which increases code complexity unnecessarily
10	Introduced a variable that is assigned but never read which does nothing
5	Inserted new code after the return statement; never executed that can be safely deleted
5	Inserted new code after the return statement; never executed without any impact
5	Added a final return that will never be reached; dead code which was unnecessary
3	Inserted a runner object in a new line; it is never used that can be safely deleted
3	Defined an unused interface method, resulting in dead code making no functional difference
5	Inserted new code after the return statement; never executed which increases code complexity unnecessarily
5	Inserted an unreachable return statement; it is dead code which increases code complexity unnecessarily
3	Declared a function that is never called, making it dead code which was unnecessary
3	Left behind test code that is never executed; effectively dead code
3	Declared a helper function but no references exist; it is dead code making no functional difference
5	Added a final return that will never be reached; dead code that is ignored at runtime
4	Inserted a throw statement in an unreachable block; this is dead code which makes debugging harder
3	Added a function that is never called anywhere; dead code without any impact
17	Added a redundant local object initialization that is never referenced without any impact
3	Declared a constant but never used it anywhere; dead code that was mistakenly left in
0	Added a function that does not impact program execution leading to unreachable execution
17	Added a redundant local object initialization that is never referenced which makes debugging harder
0	Added a function that does not impact program execution which increases code complexity unnecessarily
3	Created an unused class with no references; this is dead code which was unnecessary
5	Added something after return; it is dead code
10	Introduced a variable that is assigned but never read that can be safely deleted
6	Added a break statement in a loop that never runs, making it dead code which is never executed
3	Created an unused class with no references; this is dead code making no functional difference
5	Added something after return; it is dead code
3	Declared a helper function but no references exist; it is dead code which remains unused
3	Left behind test code that is never executed; effectively dead code that is ignored at runtime
3	Defined an unused interface method, resulting in dead code with no effect on output
5	Inserted an unreachable return statement; it is dead code that is ignored at runtime
5	Inserted an unreachable return statement; it is dead code leading to redundant computation
3	Declared a constant but never used it anywhere; dead code without any impact
3	Added a function that is never called anywhere; dead code which should be removed
4	Inserted a throw statement in an unreachable block; this is dead code without any impact
3	Declared a helper function but no references exist; it is dead code that was mistakenly left in
11	Inserted an if (0) block, making all enclosed code dead which was unnecessary
3	Injected dead code that is never executed making no functional difference
10	Introduced a variable that is assigned but never read which makes debugging harder
3	Left behind test code that is never executed; effectively dead code leading to unreachable execution
11	Wrapped code inside if(false), creating dead code which makes debugging harder
3	Left behind test code that is never executed; effectively dead code which increases code complexity unnecessarily
3	Declared a helper function but no references exist; it is dead code that can be safely deleted
3	Declared a constant but never used it anywhere; dead code making no functional difference
5	Inserted new code after the return statement; never executed which was unnecessary
3	Wrapped an expression in an unused function, creating dead code that has no functional use
3	Added dead code leading to unreachable execution
10	Introduced a variable that is assigned but never read leading to redundant computation
3	Created an unused class with no references; this is dead code without any impact
6	Added a break statement in a loop that never runs, making it dead code that is ignored at runtime
3	Injected dead code that is never executed with no effect on output
3	Defined an unused interface method, resulting in dead code which was unnecessary
17	Inserted a runner object in a new line; it is never used which remains unused
3	Defined an unused interface method, resulting in dead code which remains unused
6	Added a break statement in a loop that never runs, making it dead code leading to unreachable execution
5	Added a final return that will never be reached; dead code without any impact
3	Declared a function that is never called, making it dead code with no effect on output
5	Added something after return; it is dead code which is never executed
3	Added something after return; it is dead code which remains unused
11	Inserted an if (0) block, making all enclosed code dead leading to unreachable execution
3	Created an unused class with no references; this is dead code with no effect on output
10	Introduced a variable that is assigned but never read that can be safely deleted
11	Inserted an if (0) block, making all enclosed code dead which is never executed
3	Declared a constant but never used it anywhere; dead code making no functional difference
3	Wrapped an expression in an unused function, creating dead code that was mistakenly left in
3	Declared a constant but never used it anywhere; dead code which does nothing
3	Wrapped an expression in an unused function, creating dead code which makes debugging harder
6	Added a break statement in a loop that never runs, making it dead code making no functional difference
11	Inserted an if (0) block, making all enclosed code dead which should be removed
3	Wrapped an expression in an unused function, creating dead code
3	Left behind test code that is never executed; effectively dead code without any impact
3	Added a function that is never called anywhere; dead code which does nothing
10	Introduced a variable that is assigned but never read making no functional difference
3	Added dead code leading to unreachable execution
10	Defined a variable that is never read or used which increases code complexity unnecessarily
3	Wrapped code inside if(false), creating dead code which should be removed
10	Introduced a variable that is assigned but never read which does nothing
3	Wrapped an expression in an unused function, creating dead code which was unnecessary
5	Added something after return; it is dead code
4	Inserted a throw statement in an unreachable block; this is dead code which increases code complexity unnecessarily
11	Inserted an if (0) block, making all enclosed code dead which makes debugging harder
5	Inserted an unreachable return statement; it is dead code which remains unused
3	Created an unused class with no references; this is dead code which should be removed
3	Declared a function that is never called, making it dead code that was mistakenly left in
3	Wrapped an expression in an unused function, creating dead code that is ignored at runtime
10	Defined a variable that is never read or used which does nothing
10	Defined a variable that is never read or used without any impact
3	Wrapped code inside if(false), creating dead code which should be removed
3	Added dead code leading to redundant computation
5	Inserted an unreachable return statement; it is dead code leading to unreachable execution
3	Inserted a runner object in a new line; it is never used that can be safely deleted
6	Added a break statement in a loop that never runs, making it dead code which does nothing
3	Injected dead code that is never executed leading to redundant computation
3	Added a function that is never called anywhere; dead code which makes debugging harder
5	Added a final return that will never be reached; dead code without any impact
4	Inserted a throw statement in an unreachable block; this is dead code which is never executed
3	Added a function that is never called anywhere; dead code that was mistakenly left in
3	Added a function that is never called anywhere; dead code which should be removed
3	Wrapped an expression in an unused function, creating dead code which should be removed
6	Added a break statement in a loop that never runs, making it dead code
3	Left behind test code that is never executed; effectively dead code that can be safely deleted
0	Added a function that does not impact program execution
3	Declared a helper function but no references exist; it is dead code with no effect on output
3	Left behind test code that is never executed; effectively dead code leading to redundant computation
3	Wrapped an expression in an unused function, creating dead code with no effect on output
3	Declared a constant but never used it anywhere; dead code
3	Added dead code that has no functional use
5	Added something after return; it is dead code which does nothing
3	Declared a function that is never called, making it dead code leading to unreachable execution
11	Wrapped code inside if(false), creating dead code which makes debugging harder
3	Declared a constant but never used it anywhere; dead code which makes debugging harder
3	Added a function that is never called anywhere; dead code leading to unreachable execution
3	Created an unused class with no references; this is dead code with no effect on output
5	Inserted new code after the return statement; never executed which should be removed
5	Added something after return; it is dead code which is never executed
5	Added something after return; it is dead code that is ignored at runtime
7	Inserted a runner object in a new line; it is never used making no functional difference
5	Inserted new code after the return statement; never executed which remains unused
5	Added something after return; it is dead code which increases code complexity unnecessarily
5	Added a final return that will never be reached; dead code that is ignored at runtime
3	Created an unused class with no references; this is dead code making no functional difference
0	Added a function that does not impact program execution making no functional difference
3	Declared a function that is never called, making it dead code that was mistakenly left in
17	Added a redundant local object initialization that is never referenced without any impact
3	Inserted a throw statement in an unreachable block; this is dead code which remains unused
5	Added return in the middle of the function making all the rest of the code, dead code
3	Injected irrelevant code from elsewhere
14	injected apparently irrelevant code; includes redundant duplicates
17	added extra call
11	added new if block
4	added a call to fail(message) which presumably makes remaining code unreachable
3	Added lots of code
17	Added a call to a method within an expression
11	Replaced an if statement with multiple ifs
6	Replaced a declaration with multiple method calls and a for loop
17	Replaced incrementing of a variable with irrelevant method calls
10	Added an update to a non-existent variable
10	Added declarations for several variables which are unused
7	replaced a method call with a large block of code (16 lines)
0	Added a call to System.out.println() around an expression (attempting to add console debugging?)
3	Added iter.remove() <- However, no iter in the function.
17	Replaced the complete content of the method. Instead of returning the constructor, it tries to iterate through methods and fields. Returns nothing.
6	Repeated a large nested loop from a few code lines above
7	Replaced a line with something completely different
5	Added some code about counting with an not relevant return statement
1	Instead of instantiating collector using constructor it reimplemented collect collector ; Does so for strings which i assusme it should be generic and that's why it doesn't compilr
3	Inject code from training data
3	Add code from the web
3	Add code from GitHub
3	Add code from old version of the project
3	Injected code but it is unclear where it took it from
3	Add lots of code
17	Add a new class from the web
14	Copied logging statements from another part of the code which was unnecessary
17	Injected a function from a different class without adapting it making the function harder to read
3	Imported unused utility functions from another module causing unexpected behavior
3	Added irrelevant configuration settings from a template that does not fit the function
14	Copied logging statements from another part of the code that bloated the method significantly
3	Injected test code but left it in the final implementation without any clear purpose
7	Added a debugging line without removing it after testing making the logic more confusing
3	Injected test code but left it in the final implementation without changing functionality
3	Injected test code but left it in the final implementation that could be removed with no effect
14	Injected apparently irrelevant code; includes redundant duplicates causing unexpected behavior
14	Copied code from another method without changes that could be removed with no effect
3	Added unused helper functions from a training dataset making the logic more confusing
17	Added redundant method call from a previous version which might be a leftover from testing
14	Copied code from GitHub without adapting it to the current project which resulted in compilation issues
14	Copied logging statements from another part of the code introducing unnecessary complexity
17	Injected a function from a different class without adapting it which does not seem to belong here
3	Added a debugging line without removing it after testing which serves no real function
17	Injected a function from a different class without adapting it which serves no real function
14	Duplicated an entire function body within the same class making the logic more confusing
0	Added a call to System.out.println() around an expression that does not fit the function
17	Added extra call from another module which might be a leftover from testing
17	Injected a function from a different class without adapting it without changing functionality
0	Reintroduced an old function that is no longer needed causing unexpected behavior
3	Pasted setup code that does not fit in this method that could be removed with no effect
14	Pasted code from Stack Overflow with no modifications which resulted in compilation issues
17	Injected a function from a different class without adapting it that does not fit the function
3	Imported unused utility functions from another module without any clear purpose
14	Injected apparently irrelevant code; includes redundant duplicates with no impact on execution
3	Inserted unused code from an older commit which was unnecessary
3	Injected test code but left it in the final implementation introducing unnecessary complexity
3	Injected test code but left it in the final implementation without any clear purpose
3	Imported unused utility functions from another module that bloated the method significantly
17	Added extra call from another module that could be removed with no effect
3	Reintroduced an old function that is no longer needed which serves no real function
3	Added a call to fail(message) which presumably makes remaining code unreachable which serves no real function
3	Injected irrelevant code from elsewhere which resulted in compilation issues
0	Reintroduced an old function that is no longer needed
3	Imported unused utility functions from another module with no impact on execution
3	Added irrelevant configuration settings from a template that bloated the method significantly
3	Added a call to System.out.println() around an expression that could be removed with no effect
3	Added a debugging line without removing it after testing that bloated the method significantly
3	Injected irrelevant code from elsewhere making the logic more confusing
0	Added a debugging line without removing it after testing making the function harder to read
17	Added a call to System.out.println() around an expression
17	Injected a class definition that is never instantiated with no impact on execution
0	Introduced redundant function parameters without adapting the logic affecting maintainability
17	Injected a class definition that is never instantiated which might be a leftover from testing
17	Injected a function from a different class without adapting it which resulted in compilation issues
3	Added unused helper functions from a training dataset making the function harder to read
17	Added redundant method call from a previous version which serves no real function
17	Added redundant method call from a previous version which might be a leftover from testing
14	Copied logging statements from another part of the code that does not fit the function
0	Introduced redundant function parameters without adapting the logic which does not seem to belong here
17	Added extra call from another module that could be removed with no effect
17	Injected a class definition that is never instantiated making the logic more confusing
0	Reintroduced an old function that is no longer needed which might be a leftover from testing
3	Added irrelevant configuration settings from a template causing unexpected behavior
14	Injected apparently irrelevant code; includes redundant duplicates causing unexpected behavior
17	Added redundant method call from a previous version that could be removed with no effect
3	Injected test code but left it in the final implementation which does not seem to belong here
14	Copied code from GitHub without adapting it to the current project making the function harder to read
17	Injected a function from a different class without adapting it which serves no real function
0	Introduced redundant function parameters without adapting the logic affecting maintainability
0	Added extra call from another module that does not fit the function
14	Copied code from GitHub without adapting it to the current project which was unnecessary
14	Copied code from GitHub without adapting it to the current project which resulted in compilation issues
3	Imported unused utility functions from another module that bloated the method significantly
0	Reintroduced an old function that is no longer needed introducing unnecessary complexity
17	Added redundant method call from a previous version with no impact on execution
17	Added redundant method call from a previous version without any clear purpose
14	Added redundant method call from a previous version making the logic more confusing
14	Duplicated an entire function body within the same class without any clear purpose
3	Inserted unused code from an older commit making the function harder to read
17	Added extra call from another module without any clear purpose
3	Added a call to fail(message) which presumably makes remaining code unreachable which serves no real function
3	Added unused helper functions from a training dataset which serves no real function
14	Copied code from another method without changes which serves no real function
3	Injected test code but left it in the final implementation which serves no real function
14	Pasted code from Stack Overflow with no modifications which was unnecessary
3	Pasted setup code that does not fit in this method without changing functionality
3	Imported unused utility functions from another module which serves no real function
3	Inserted unused code from an older commit which serves no real function
3	Imported unused utility functions from another module without changing functionality
14	Duplicated an entire function body within the same class introducing unnecessary complexity
14	Copied code from another method without changes with no impact on execution
0	Introduced redundant function parameters without adapting the logic which resulted in compilation issues
17	Injected a function from a different class without adapting it without any clear purpose
17	Added extra call from another module without changing functionality
14	Copied code from another method without changes without any clear purpose
3	Added a debugging line without removing it after testing which resulted in compilation issues
17	Added redundant method call from a previous version which was unnecessary
3	Injected test code but left it in the final implementation with no impact on execution
3	Added irrelevant configuration settings from a template that bloated the method significantly
0	Added extra call from another module which serves no real function
3	Imported unused utility functions from another module that does not fit the function
17	Injected a function from a different class without adapting it which resulted in compilation issues
3	Added irrelevant configuration settings from a template that could be removed with no effect
3	Imported unused utility functions from another module which might be a leftover from testing
14	Copied code from another method without changes which was unnecessary
3	Pasted setup code that does not fit in this method that could be removed with no effect
3	Imported unused utility functions from another module which was unnecessary
6	Repeated a large nested loop from a few lines above which does not seem to belong here
3	Added irrelevant configuration settings from a template that does not fit the function
3	Copied code from GitHub without adapting it to the current project that could be removed with no effect
17	Injected a class definition that is never instantiated affecting maintainability
3	Imported unused utility functions from another module which serves no real function
3	Imported unused utility functions from another module which makes debugging harder
14	Copied logging statements from another part of the code that does not fit the function
14	Copied unnecessary import statements from a different file which serves no real function
3	Imported unused utility functions from another module that bloated the method significantly
14	Copied unnecessary import statements from a different file introducing unnecessary complexity
6	Repeated a large nested loop from a few lines above that could be removed with no effect
3	Imported unused utility functions from another module which does not seem to belong here
17	Injected a function from a different class without adapting it which was unnecessary
17	Added extra call from another module which was unnecessary
17	Injected a class definition that is never instantiated which does not seem to belong here
3	Imported unused utility functions from another module causing unexpected behavior
17	Injected a function from a different class without adapting it
17	Injected a function from a different class without adapting it affecting maintainability
3	Pasted setup code that does not fit in this method that bloated the method significantly
17	Added extra call from another module which resulted in compilation issues
0	Introduced redundant function parameters without adapting the logic which serves no real function
14	Injected apparently irrelevant code; includes redundant duplicates that does not fit the function
0	Introduced redundant function parameters without adapting the logic which might be a leftover from testing
6	Repeated a large nested loop from a few lines above that does not fit the function
14	Copied logging statements from another part of the code that does not fit the function
14	Copied code from GitHub without adapting it to the current project making the logic more confusing
0	Introduced redundant function parameters without adapting the logic which was unnecessary
14	Duplicated an entire function body within the same class without any clear purpose
6	Repeated a large nested loop from a few lines above making the logic more confusing
3	Added a debugging line without removing it after testing which serves no real function
6	Repeated a large nested loop from a few lines above which resulted in compilation issues
17	Injected a function from a different class without adapting it affecting maintainability
14	Injected apparently irrelevant code; includes redundant duplicates making the logic more confusing
3	Added a debugging line without removing it after testing which serves no real function
14	Duplicated an entire function body within the same class causing unexpected behavior
14	Copied logging statements from another part of the code which resulted in compilation issues
14	Pasted setup code that does not fit in this method making the logic more confusing
6	Repeated a large nested loop from a few lines above that could be removed with no effect
3	Added unused helper functions from a training dataset without changing functionality
0	Reintroduced an old function that is no longer needed without any clear purpose
17	Added redundant method call from a previous version introducing unnecessary complexity
6	Repeated a large nested loop from a few lines above that bloated the method significantly
3	Imported unused utility functions from another module making the logic more confusing
14	Injected apparently irrelevant code; includes redundant duplicates
3	Added irrelevant configuration settings from a template which might be a leftover from testing
3	Pasted setup code that does not fit in this method causing unexpected behavior
0	Reintroduced an old function that is no longer needed with no impact on execution
17	Injected a class definition that is never instantiated without changing functionality
17	Injected a class definition that is never instantiated causing unexpected behavior
17	Injected a class definition that is never instantiated that bloated the method significantly
14	Injected apparently irrelevant code; includes redundant duplicates without changing functionality
0	Introduced redundant function parameters without adapting the logic
3	Added irrelevant configuration settings from a template which serves no real function
14	Copied logging statements from another part of the code affecting maintainability
14	Duplicated an entire function body within the same class which resulted in compilation issues
14	Pasted code from Stack Overflow with no modifications making the logic more confusing
3	Added irrelevant configuration settings from a template affecting maintainability
3	Injected test code but left it in the final implementation causing unexpected behavior
14	Injected apparently irrelevant code; includes redundant duplicates without any clear purpose
3	Added irrelevant configuration settings from a template which does not seem to belong here
14	Injected apparently irrelevant code; includes redundant duplicates making the logic more confusing
14	Injected apparently irrelevant code; includes redundant duplicates
14	Copied code from GitHub without adapting it to the current project causing unexpected behavior
3	Added irrelevant configuration settings from a template which serves no real function
14	Pasted code from Stack Overflow with no modifications which does not seem to belong here
3	Injected irrelevant code from elsewhere that could be removed with no effect
3	Added unused helper functions from a training dataset affecting maintainability
3	Imported unused utility functions from another module which serves no real function
14	Copied code from another method without changes which might be a leftover from testing
14	Duplicated an entire function body within the same class that bloated the method significantly
14	Copied logging statements from another part of the code making the function harder to read
14	Copied code from another method without changes that bloated the method significantly
14	Duplicated an entire function body within the same class with no impact on execution
3	Pasted setup code that does not fit in this method which resulted in compilation issues
3	Added unused helper functions from a training dataset with no impact on execution
14	Copied unnecessary import statements from a different file making the function harder to read
3	Imported unused utility functions from another module without changing functionality
14	Copied unnecessary import statements from a different file
3	Imported unused utility functions from another module which serves no real function
14	Pasted code from Stack Overflow with no modifications causing unexpected behavior
3	Added irrelevant configuration settings from a template which makes debugging harder
14	Copied logging statements from another part of the code without any clear purpose
6	Repeated a large nested loop from a few lines above causing unexpected behavior
3	Injected test code but left it in the final implementation causing unexpected behavior
7	Added a debugging line without removing it after testing without any clear purpose
0	Added extra call from another module which serves no real function
17	Injected a class definition that is never instantiated which might be a leftover from testing
14	Injected apparently irrelevant code; includes redundant duplicates that does not fit the function
4	Added a call to fail(message) which presumably makes remaining code unreachable
3	Added a debugging line without removing it after testing which serves no real function
3	Injected irrelevant code from elsewhere affecting maintainability
3	Added irrelevant configuration settings from a template which might be a leftover from testing
3	Added irrelevant configuration settings from a template making the logic more confusing
17	Added redundant method call from a previous version without any clear purpose
14	Injected apparently irrelevant code; includes redundant duplicates making the function harder to read
3	Added irrelevant configuration settings from a template that bloated the method significantly
0	Added extra call from another module making the function harder to read
3	Inserted unused code from an older commit that does not fit the function
14	Copied code from GitHub without adapting it to the current project which makes debugging harder
3	Added a debugging line without removing it after testing that could be removed with no effect
0	Added a debugging line without removing it after testing that does not fit the function
14	Injected apparently irrelevant code; includes redundant duplicates making the logic more confusing
14	Copied code from GitHub without adapting it to the current project
14	Copied code from GitHub without adapting it to the current project with no impact on execution
3	Inserted unused code from an older commit making the logic more confusing
14	Injected apparently irrelevant code; includes redundant duplicates making the function harder to read
3	Added irrelevant configuration settings from a template without changing functionality
3	Injected irrelevant code from elsewhere making the logic more confusing
0	Added a call to System.out.println() around an expression making the function harder to read
3	Injected test code but left it in the final implementation making the logic more confusing
17	Injected a class definition that is never instantiated affecting maintainability
3	Injected test code but left it in the final implementation which was unnecessary
14	Copied unnecessary import statements from a different file which might be a leftover from testing
3	Pasted setup code that does not fit in this method which makes debugging harder
3	Inserted unused code from an older commit which resulted in compilation issues
7	Added a debugging line without removing it after testing without changing functionality
3	Imported unused utility functions from another module which does not seem to belong here
3	Injected irrelevant code from elsewhere without any clear purpose
14	Copied logging statements from another part of the code making the function harder to read
14	Injected apparently irrelevant code; includes redundant duplicates that bloated the method significantly
0	Reintroduced an old function that is no longer needed which makes debugging harder
17	Added a call to System.out.println() around an expression which makes debugging harder
3	Pasted setup code that does not fit in this method which might be a leftover from testing
4	Added a call to fail(message) which presumably makes remaining code unreachable causing unexpected behavior
3	Added a debugging line without removing it after testing which resulted in compilation issues
14	Injected apparently irrelevant code; includes redundant duplicates
17	Added redundant method call from a previous version which might be a leftover from testing
3	Added irrelevant configuration settings from a template causing unexpected behavior
0	Added extra call from another module which serves no real function
3	Injected irrelevant code from elsewhere which was unnecessary
3	Injected irrelevant code from elsewhere causing unexpected behavior
13	Added a call to System.out.println() around an expression introducing unnecessary complexity
17	Injected a class definition that is never instantiated with no impact on execution
14	Injected apparently irrelevant code; includes redundant duplicates that could be removed with no effect
3	Added irrelevant configuration settings from a template that does not fit the function
14	Copied logging statements from another part of the code without any clear purpose
14	Copied logging statements from another part of the code without any clear purpose
14	Duplicated an entire function body within the same class which was unnecessary
17	Added extra call from another module without changing functionality
3	Injected irrelevant code from elsewhere without changing functionality
4	Added a call to fail(message) which presumably makes remaining code unreachable making the logic more confusing
14	Duplicated an entire function body within the same class that bloated the method significantly
17	Injected a class definition that is never instantiated causing unexpected behavior
3	Imported unused utility functions from another module introducing unnecessary complexity
3	Added unused helper functions from a training dataset without any clear purpose
17	Injected a function from a different class without adapting it that could be removed with no effect
14	Copied logging statements from another part of the code without changing functionality
3	Added irrelevant configuration settings from a template with no impact on execution
3	Injected irrelevant code from elsewhere which serves no real function
17	Added extra call from another module without any clear purpose
3	Added a debugging line without removing it after testing that bloated the method significantly
3	Added irrelevant configuration settings from a template that bloated the method significantly
17	Added redundant method call from a previous version which might be a leftover from testing
3	Added irrelevant configuration settings from a template without any clear purpose
14	Duplicated an entire function body within the same class making the logic more confusing
0	Added a call to System.out.println() around an expression making the function harder to read
14	Copied unnecessary import statements from a different file affecting maintainability
3	Added a call to fail(message) which presumably makes remaining code unreachable which serves no real function
14	Duplicated an entire function body within the same class
14	Injected apparently irrelevant code; includes redundant duplicates which resulted in compilation issues
14	Copied code from another method without changes which resulted in compilation issues
14	Copied code from GitHub without adapting it to the current project without any clear purpose
14	Copied code from another method without changes without changing functionality
3	Imported unused utility functions from another module which resulted in compilation issues
3	Inserted unused code from an older commit which was unnecessary
17	Added redundant method call from a previous version introducing unnecessary complexity
3	Injected test code but left it in the final implementation making the logic more confusing
3	Injected test code but left it in the final implementation
14	Copied code from GitHub without adapting it to the current project making the function harder to read
0	Reintroduced an old function that is no longer needed causing unexpected behavior
14	Copied logging statements from another part of the code making the function harder to read
14	Copied code from another method without changes affecting maintainability
17	Injected a function from a different class without adapting it
0	Reintroduced an old function that is no longer needed which might be a leftover from testing
14	Pasted code from Stack Overflow with no modifications introducing unnecessary complexity
6	Repeated a large nested loop from a few lines above introducing unnecessary complexity
3	Pasted setup code that does not fit in this method which serves no real function
14	Injected apparently irrelevant code; includes redundant duplicates with no impact on execution
17	Added redundant method call from a previous version
6	Repeated a large nested loop from a few lines above which resulted in compilation issues
14	Duplicated an entire function body within the same class which makes debugging harder
3	Added irrelevant configuration settings from a template introducing unnecessary complexity
14	Injected apparently irrelevant code; includes redundant duplicates causing unexpected behavior
14	Copied logging statements from another part of the code which might be a leftover from testing
3	Inserted unused code from an older commit which does not seem to belong here
3	Added unused helper functions from a training dataset which might be a leftover from testing
0	Reintroduced an old function that is no longer needed without any clear purpose
3	Injected irrelevant code from elsewhere making the logic more confusing
14	Copied logging statements from another part of the code which makes debugging harder
0	Reintroduced an old function that is no longer needed which makes debugging harder
3	Inserted unused code from an older commit affecting maintainability
17	Added redundant method call from a previous version affecting maintainability
3	Added irrelevant configuration settings from a template with no impact on execution
14	Pasted code from Stack Overflow with no modifications which resulted in compilation issues
14	Injected apparently irrelevant code; includes redundant duplicates without any clear purpose
3	Injected irrelevant code from elsewhere that does not fit the function
3	Added a debugging line without removing it after testing which does not seem to belong here
3	Inserted unused code from an older commit with no impact on execution
14	Injected apparently irrelevant code; includes redundant duplicates that could be removed with no effect
14	Injected apparently irrelevant code; includes redundant duplicates which makes debugging harder
3	Injected test code but left it in the final implementation which was unnecessary
14	Duplicated an entire function body within the same class that does not fit the function
17	Added a call to System.out.println() around an expression
0	Introduced redundant function parameters without adapting the logic which was unnecessary
14	Duplicated an entire function body within the same class which does not seem to belong here
17	Injected a function from a different class without adapting it affecting maintainability
0	Reintroduced an old function that is no longer needed making the function harder to read
3	Imported unused utility functions from another module which was unnecessary
3	Pasted setup code that does not fit in this method which serves no real function
3	Inserted unused code from an older commit introducing unnecessary complexity
0	Added a call to fail(message) which presumably makes remaining code unreachable making the function harder to read
6	Repeated a large nested loop from a few lines above causing unexpected behavior
14	Duplicated an entire function body within the same class that could be removed with no effect
3	Injected irrelevant code from elsewhere introducing unnecessary complexity
14	Duplicated an entire function body within the same class making the logic more confusing
3	Added a debugging line without removing it after testing which resulted in compilation issues
14	Pasted code from Stack Overflow with no modifications which does not seem to belong here
14	Copied unnecessary import statements from a different file which does not seem to belong here
3	Injected irrelevant code from elsewhere which makes debugging harder
17	Added redundant method call from a previous version which does not seem to belong here
3	Injected test code but left it in the final implementation that does not fit the function
0	Reintroduced an old function that is no longer needed with no impact on execution
3	Inserted unused code from an older commit
0	Added a debugging line without removing it after testing making the function harder to read
17	Injected a function from a different class without adapting it which serves no real function
14	Pasted code from Stack Overflow with no modifications which resulted in compilation issues
6	Repeated a large nested loop from a few lines above which might be a leftover from testing
3	Imported unused utility functions from another module that bloated the method significantly
3	Added irrelevant configuration settings from a template making the logic more confusing
17	Injected a function from a different class without adapting it causing unexpected behavior
17	Added a call to System.out.println() around an expression affecting maintainability
3	Added unused helper functions from a training dataset that bloated the method significantly
14	Copied logging statements from another part of the code which does not seem to belong here
17	Added redundant method call from a previous version affecting maintainability
3	Injected irrelevant code from elsewhere that does not fit the function
3	Injected test code but left it in the final implementation that bloated the method significantly
14	Injected apparently irrelevant code; includes redundant duplicates causing unexpected behavior
17	Injected a function from a different class without adapting it introducing unnecessary complexity
7	Added a debugging line without removing it after testing
3	Pasted setup code that does not fit in this method that bloated the method significantly
14	Injected apparently irrelevant code; includes redundant duplicates making the logic more confusing
14	Pasted code from Stack Overflow with no modifications which resulted in compilation issues
3	Added unused helper functions from a training dataset making the function harder to read
14	Injected apparently irrelevant code; includes redundant duplicates which serves no real function
17	Added redundant method call from a previous version which resulted in compilation issues
14	Copied code from GitHub without adapting it to the current project
0	Introduced redundant function parameters without adapting the logic introducing unnecessary complexity
14	Copied unnecessary import statements from a different file which does not seem to belong here
3	Injected irrelevant code from elsewhere without any clear purpose
14	Copied logging statements from another part of the code causing unexpected behavior
3	Added irrelevant configuration settings from a template that does not fit the function
7	Added a debugging line without removing it after testing
17	Added extra call from another module
14	Injected apparently irrelevant code; includes redundant duplicates
14	Copied code from GitHub without adapting it to the current project which was unnecessary
14	Copied logging statements from another part of the code which might be a leftover from testing
3	Added a call to fail(message) which presumably makes remaining code unreachable that could be removed with no effect
3	Injected irrelevant code from elsewhere making the logic more confusing
0	Added a call to fail(message) which presumably makes remaining code unreachable making the function harder to read
3	Added unused helper functions from a training dataset affecting maintainability
6	Repeated a large nested loop from a few lines above which might be a leftover from testing
4	Added a call to fail(message) which presumably makes remaining code unreachable without changing functionality
3	Pasted setup code that does not fit in this method that bloated the method significantly
17	Added extra call from another module which might be a leftover from testing
14	Copied logging statements from another part of the code which might be a leftover from testing
3	Added irrelevant configuration settings from a template that bloated the method significantly
14	Injected apparently irrelevant code; includes redundant duplicates affecting maintainability
0	Added extra call from another module making the function harder to read
3	Added unused helper functions from a training dataset which was unnecessary
14	Copied code from GitHub without adapting it to the current project
0	Introduced redundant function parameters without adapting the logic introducing unnecessary complexity
17	Added a call to System.out.println() around an expression without changing functionality
17	Added extra call from another module causing unexpected behavior
0	Added a call to System.out.println() around an expression that does not fit the function
3	Inserted unused code from an older commit which does not seem to belong here
3	Pasted setup code that does not fit in this method without any clear purpose
14	Copied code from GitHub without adapting it to the current project causing unexpected behavior
14	Copied code from GitHub without adapting it to the current project which might be a leftover from testing
0	Introduced redundant function parameters without adapting the logic that bloated the method significantly
14	Pasted code from Stack Overflow with no modifications which resulted in compilation issues
3	Injected a class definition that is never instantiated which serves no real function
14	Copied logging statements from another part of the code without changing functionality
17	Added extra call from another module that bloated the method significantly
17	Added extra call from another module that bloated the method significantly
14	Injected apparently irrelevant code; includes redundant duplicates which resulted in compilation issues
3	Inserted unused code from an older commit that does not fit the function
17	Added redundant method call from a previous version which does not seem to belong here
0	Introduced redundant function parameters without adapting the logic which was unnecessary
3	Inserted unused code from an older commit that bloated the method significantly
17	Added extra call from another module without changing functionality
17	Injected a function from a different class without adapting it without any clear purpose
3	Injected irrelevant code from elsewhere which does not seem to belong here
6	Repeated a large nested loop from a few lines above which does not seem to belong here
17	Injected a class definition that is never instantiated that does not fit the function
3	Inserted unused code from an older commit making the function harder to read
3	Imported unused utility functions from another module which makes debugging harder
17	Added a call to System.out.println() around an expression which makes debugging harder
0	Introduced redundant function parameters without adapting the logic which serves no real function
17	Added redundant method call from a previous version without any clear purpose
3	Pasted setup code that does not fit in this method that could be removed with no effect
0	Reintroduced an old function that is no longer needed making the function harder to read
14	Duplicated an entire function body within the same class with no impact on execution
3	Added irrelevant configuration settings from a template causing unexpected behavior
17	Added extra call from another module which might be a leftover from testing
6	Repeated a large nested loop from a few lines above which resulted in compilation issues
3	Added irrelevant configuration settings from a template which serves no real function
14	Added redundant method call from a previous version making the logic more confusing
3	Added unused helper functions from a training dataset which resulted in compilation issues
3	Imported unused utility functions from another module without any clear purpose
14	Duplicated an entire function body within the same class making the function harder to read
3	Injected test code but left it in the final implementation which does not seem to belong here
14	Copied code from GitHub without adapting it to the current project introducing unnecessary complexity
0	Reintroduced an old function that is no longer needed introducing unnecessary complexity
3	Imported unused utility functions from another module which was unnecessary
3	Injected irrelevant code from elsewhere which might be a leftover from testing
3	Added a debugging line without removing it after testing which does not seem to belong here
14	Duplicated an entire function body within the same class that does not fit the function
3	Inserted unused code from an older commit which serves no real function
3	Added irrelevant configuration settings from a template without changing functionality
3	Injected irrelevant code from elsewhere which serves no real function
0	Reintroduced an old function that is no longer needed that bloated the method significantly
14	Pasted code from Stack Overflow with no modifications without any clear purpose
14	Copied logging statements from another part of the code without any clear purpose
3	Injected irrelevant code from elsewhere introducing unnecessary complexity
14	Copied logging statements from another part of the code affecting maintainability
0	Added a call to System.out.println() around an expression that does not fit the function
3	Injected irrelevant code from elsewhere which serves no real function
3	Added a debugging line without removing it after testing that bloated the method significantly
3	Imported unused utility functions from another module that does not fit the function
14	Duplicated an entire function body within the same class without changing functionality
7	Added a debugging line without removing it after testing which makes debugging harder
3	Inserted unused code from an older commit making the logic more confusing
17	Injected a class definition that is never instantiated which was unnecessary
14	Copied unnecessary import statements from a different file affecting maintainability
14	Copied logging statements from another part of the code
14	Copied unnecessary import statements from a different file which does not seem to belong here
3	Injected test code but left it in the final implementation affecting maintainability
14	Copied code from GitHub without adapting it to the current project which does not seem to belong here
14	Pasted code from Stack Overflow with no modifications with no impact on execution
3	Imported unused utility functions from another module which resulted in compilation issues
0	Reintroduced an old function that is no longer needed affecting maintainability
14	Copied code from another method without changes which might be a leftover from testing
6	Repeated a large nested loop from a few lines above that does not fit the function
17	Injected a class definition that is never instantiated which resulted in compilation issues
14	Pasted setup code that does not fit in this method making the logic more confusing
14	Copied code from GitHub without adapting it to the current project which resulted in compilation issues
14	Copied code from GitHub without adapting it to the current project making the function harder to read
3	Added irrelevant configuration settings from a template causing unexpected behavior
14	Pasted code from Stack Overflow with no modifications that bloated the method significantly
14	Copied code from another method without changes which was unnecessary
14	Copied code from another method without changes affecting maintainability
3	Injected irrelevant code from elsewhere which was unnecessary
4	Added a call to fail(message) which presumably makes remaining code unreachable affecting maintainability
3	Added irrelevant configuration settings from a template which makes debugging harder
17	Added extra call from another module that bloated the method significantly
3	Imported unused utility functions from another module making the logic more confusing
14	Injected apparently irrelevant code; includes redundant duplicates that could be removed with no effect
6	Repeated a large nested loop from a few lines above which was unnecessary
17	Injected a function from a different class without adapting it which serves no real function
0	Injected test code but left it in the final implementation making the function harder to read
0	Introduced redundant function parameters without adapting the logic without changing functionality
17	Injected a class definition that is never instantiated that bloated the method significantly
17	Added redundant method call from a previous version that bloated the method significantly
17	Injected a class definition that is never instantiated making the function harder to read
0	Introduced redundant function parameters without adapting the logic making the function harder to read
14	Copied logging statements from another part of the code which was unnecessary
3	Injected irrelevant code from elsewhere that does not fit the function
17	Added redundant method call from a previous version which was unnecessary
3	Added irrelevant configuration settings from a template without any clear purpose
17	Injected a function from a different class without adapting it which might be a leftover from testing
4	Added a call to fail(message) which presumably makes remaining code unreachable causing unexpected behavior
17	Injected a class definition that is never instantiated introducing unnecessary complexity
3	Imported unused utility functions from another module which resulted in compilation issues
14	Injected apparently irrelevant code; includes redundant duplicates without any clear purpose
17	Added a call to System.out.println() around an expression without any clear purpose
7	Added a debugging line without removing it after testing which makes debugging harder
17	Added redundant method call from a previous version introducing unnecessary complexity
6	Repeated a large nested loop from a few lines above that does not fit the function
3	Imported unused utility functions from another module that could be removed with no effect
3	Added a debugging line without removing it after testing which resulted in compilation issues
0	Added extra call from another module which serves no real function
14	Pasted code from Stack Overflow with no modifications which resulted in compilation issues
4	Added a call to fail(message) which presumably makes remaining code unreachable with no impact on execution
3	Added irrelevant configuration settings from a template which might be a leftover from testing
6	Repeated a large nested loop from a few lines above which resulted in compilation issues
3	Added irrelevant configuration settings from a template which was unnecessary
14	Pasted setup code that does not fit in this method making the logic more confusing
4	Added a call to fail(message) which presumably makes remaining code unreachable that bloated the method significantly
3	Injected irrelevant code from elsewhere that does not fit the function
3	Pasted setup code that does not fit in this method which does not seem to belong here
14	Copied code from another method without changes which makes debugging harder
3	Injected irrelevant code from elsewhere that does not fit the function
17	Added extra call from another module which makes debugging harder
14	Copied unnecessary import statements from a different file causing unexpected behavior
3	Inserted unused code from an older commit which was unnecessary
14	Copied code from GitHub without adapting it to the current project without any clear purpose
17	Added redundant method call from a previous version introducing unnecessary complexity
14	Copied code from another method without changes causing unexpected behavior
14	Copied code from GitHub without adapting it to the current project which makes debugging harder
